-- phpMyAdmin SQL Dump
-- version 4.0.10deb1
-- http://www.phpmyadmin.net
--
-- Host: localhost
-- Generation Time: Nov 24, 2014 at 12:06 AM
-- Server version: 5.5.40-0ubuntu0.14.04.1
-- PHP Version: 5.5.9-1ubuntu4.4

SET SQL_MODE = "NO_AUTO_VALUE_ON_ZERO";
SET time_zone = "+00:00";


/*!40101 SET @OLD_CHARACTER_SET_CLIENT=@@CHARACTER_SET_CLIENT */;
/*!40101 SET @OLD_CHARACTER_SET_RESULTS=@@CHARACTER_SET_RESULTS */;
/*!40101 SET @OLD_COLLATION_CONNECTION=@@COLLATION_CONNECTION */;
/*!40101 SET NAMES utf8 */;

--
-- Database: `intha_db`
--

-- --------------------------------------------------------

--
-- Table structure for table `activity_feed`
--

CREATE TABLE IF NOT EXISTS `activity_feed` (
  `id` int(11) NOT NULL AUTO_INCREMENT,
  `initiator_id` int(11) NOT NULL,
  `activity_type` int(11) NOT NULL,
  `goal_id` int(11) DEFAULT NULL,
  `goal_name` varchar(120) DEFAULT NULL,
  `field_name` varchar(120) DEFAULT NULL,
  `initial_field_value` varchar(120) DEFAULT NULL,
  `new_field_value` varchar(120) DEFAULT NULL,
  `activity_time` timestamp NOT NULL DEFAULT '0000-00-00 00:00:00' ON UPDATE CURRENT_TIMESTAMP,
  PRIMARY KEY (`id`)
) ENGINE=InnoDB DEFAULT CHARSET=latin1 AUTO_INCREMENT=1 ;

-- --------------------------------------------------------

--
-- Table structure for table `activity_type`
--

CREATE TABLE IF NOT EXISTS `activity_type` (
  `id` int(11) NOT NULL AUTO_INCREMENT,
  `name` varchar(120) NOT NULL,
  `text` varchar(120) NOT NULL,
  `color_code` varchar(120) NOT NULL,
  PRIMARY KEY (`id`)
) ENGINE=InnoDB DEFAULT CHARSET=latin1 AUTO_INCREMENT=1 ;

-- --------------------------------------------------------

--
-- Table structure for table `additional_exams`
--

CREATE TABLE IF NOT EXISTS `additional_exams` (
  `id` int(11) NOT NULL AUTO_INCREMENT,
  `additional_exam_group_id` int(11) DEFAULT NULL,
  `subject_id` int(11) DEFAULT NULL,
  `start_time` datetime DEFAULT NULL,
  `end_time` datetime DEFAULT NULL,
  `maximum_marks` int(11) DEFAULT NULL,
  `minimum_marks` int(11) DEFAULT NULL,
  `grading_level_id` int(11) DEFAULT NULL,
  `weightage` int(11) DEFAULT '0',
  `event_id` int(11) DEFAULT NULL,
  `created_at` datetime DEFAULT NULL,
  `updated_at` datetime DEFAULT NULL,
  PRIMARY KEY (`id`)
) ENGINE=InnoDB DEFAULT CHARSET=utf8 COLLATE=utf8_unicode_ci AUTO_INCREMENT=1 ;

-- --------------------------------------------------------

--
-- Table structure for table `additional_exam_groups`
--

CREATE TABLE IF NOT EXISTS `additional_exam_groups` (
  `id` int(11) NOT NULL AUTO_INCREMENT,
  `name` varchar(255) COLLATE utf8_unicode_ci DEFAULT NULL,
  `batch_id` int(11) DEFAULT NULL,
  `exam_type` varchar(255) COLLATE utf8_unicode_ci DEFAULT NULL,
  `is_published` tinyint(1) DEFAULT '0',
  `result_published` tinyint(1) DEFAULT '0',
  `students_list` varchar(255) COLLATE utf8_unicode_ci DEFAULT NULL,
  `exam_date` date DEFAULT NULL,
  PRIMARY KEY (`id`)
) ENGINE=InnoDB DEFAULT CHARSET=utf8 COLLATE=utf8_unicode_ci AUTO_INCREMENT=1 ;

-- --------------------------------------------------------

--
-- Table structure for table `additional_exam_scores`
--

CREATE TABLE IF NOT EXISTS `additional_exam_scores` (
  `id` int(11) NOT NULL AUTO_INCREMENT,
  `student_id` int(11) DEFAULT NULL,
  `additional_exam_id` int(11) DEFAULT NULL,
  `marks` decimal(7,2) DEFAULT NULL,
  `grading_level_id` int(11) DEFAULT NULL,
  `remarks` varchar(255) COLLATE utf8_unicode_ci DEFAULT NULL,
  `is_failed` tinyint(1) DEFAULT NULL,
  `created_at` datetime DEFAULT NULL,
  `updated_at` datetime DEFAULT NULL,
  PRIMARY KEY (`id`)
) ENGINE=InnoDB DEFAULT CHARSET=utf8 COLLATE=utf8_unicode_ci AUTO_INCREMENT=1 ;

-- --------------------------------------------------------

--
-- Table structure for table `additional_fields`
--

CREATE TABLE IF NOT EXISTS `additional_fields` (
  `id` int(11) NOT NULL AUTO_INCREMENT,
  `name` varchar(255) COLLATE utf8_unicode_ci DEFAULT NULL,
  `status` tinyint(1) DEFAULT NULL,
  PRIMARY KEY (`id`)
) ENGINE=InnoDB DEFAULT CHARSET=utf8 COLLATE=utf8_unicode_ci AUTO_INCREMENT=1 ;

-- --------------------------------------------------------

--
-- Table structure for table `allotment`
--

CREATE TABLE IF NOT EXISTS `allotment` (
  `id` int(11) NOT NULL AUTO_INCREMENT,
  `student_id` varchar(120) DEFAULT NULL,
  `bed_no` varchar(120) DEFAULT NULL,
  `room_no` varchar(120) DEFAULT NULL,
  `floor` varchar(120) DEFAULT NULL,
  `status` varchar(120) DEFAULT NULL,
  `created` date DEFAULT NULL,
  PRIMARY KEY (`id`)
) ENGINE=InnoDB DEFAULT CHARSET=latin1 AUTO_INCREMENT=1 ;

-- --------------------------------------------------------

--
-- Table structure for table `apply_leaves`
--

CREATE TABLE IF NOT EXISTS `apply_leaves` (
  `id` int(11) NOT NULL AUTO_INCREMENT,
  `employee_id` int(11) DEFAULT NULL,
  `employee_leave_types_id` int(11) DEFAULT NULL,
  `is_half_day` tinyint(1) DEFAULT NULL,
  `start_date` date DEFAULT NULL,
  `end_date` date DEFAULT NULL,
  `reason` varchar(255) COLLATE utf8_unicode_ci DEFAULT NULL,
  `approved` tinyint(1) DEFAULT '0',
  `viewed_by_manager` tinyint(1) DEFAULT '0',
  `manager_remark` varchar(255) COLLATE utf8_unicode_ci DEFAULT NULL,
  PRIMARY KEY (`id`)
) ENGINE=InnoDB DEFAULT CHARSET=utf8 COLLATE=utf8_unicode_ci AUTO_INCREMENT=1 ;

-- --------------------------------------------------------

--
-- Table structure for table `archived_employees`
--

CREATE TABLE IF NOT EXISTS `archived_employees` (
  `id` int(11) NOT NULL AUTO_INCREMENT,
  `employee_category_id` int(11) DEFAULT NULL,
  `employee_number` varchar(255) COLLATE utf8_unicode_ci DEFAULT NULL,
  `joining_date` date DEFAULT NULL,
  `first_name` varchar(255) COLLATE utf8_unicode_ci DEFAULT NULL,
  `middle_name` varchar(255) COLLATE utf8_unicode_ci DEFAULT NULL,
  `last_name` varchar(255) COLLATE utf8_unicode_ci DEFAULT NULL,
  `gender` tinyint(1) DEFAULT NULL,
  `job_title` varchar(255) COLLATE utf8_unicode_ci DEFAULT NULL,
  `employee_position_id` int(11) DEFAULT NULL,
  `employee_department_id` int(11) DEFAULT NULL,
  `reporting_manager_id` int(11) DEFAULT NULL,
  `employee_grade_id` int(11) DEFAULT NULL,
  `qualification` varchar(255) COLLATE utf8_unicode_ci DEFAULT NULL,
  `experience_detail` text COLLATE utf8_unicode_ci,
  `experience_year` int(11) DEFAULT NULL,
  `experience_month` int(11) DEFAULT NULL,
  `status` tinyint(1) DEFAULT NULL,
  `status_description` varchar(255) COLLATE utf8_unicode_ci DEFAULT NULL,
  `date_of_birth` date DEFAULT NULL,
  `marital_status` varchar(255) COLLATE utf8_unicode_ci DEFAULT NULL,
  `children_count` int(11) DEFAULT NULL,
  `father_name` varchar(255) COLLATE utf8_unicode_ci DEFAULT NULL,
  `mother_name` varchar(255) COLLATE utf8_unicode_ci DEFAULT NULL,
  `husband_name` varchar(255) COLLATE utf8_unicode_ci DEFAULT NULL,
  `blood_group` varchar(255) COLLATE utf8_unicode_ci DEFAULT NULL,
  `nationality_id` int(11) DEFAULT NULL,
  `home_address_line1` varchar(255) COLLATE utf8_unicode_ci DEFAULT NULL,
  `home_address_line2` varchar(255) COLLATE utf8_unicode_ci DEFAULT NULL,
  `home_city` varchar(255) COLLATE utf8_unicode_ci DEFAULT NULL,
  `home_state` varchar(255) COLLATE utf8_unicode_ci DEFAULT NULL,
  `home_country_id` int(11) DEFAULT NULL,
  `home_pin_code` varchar(255) COLLATE utf8_unicode_ci DEFAULT NULL,
  `office_address_line1` varchar(255) COLLATE utf8_unicode_ci DEFAULT NULL,
  `office_address_line2` varchar(255) COLLATE utf8_unicode_ci DEFAULT NULL,
  `office_city` varchar(255) COLLATE utf8_unicode_ci DEFAULT NULL,
  `office_state` varchar(255) COLLATE utf8_unicode_ci DEFAULT NULL,
  `office_country_id` int(11) DEFAULT NULL,
  `office_pin_code` varchar(255) COLLATE utf8_unicode_ci DEFAULT NULL,
  `office_phone1` varchar(255) COLLATE utf8_unicode_ci DEFAULT NULL,
  `office_phone2` varchar(255) COLLATE utf8_unicode_ci DEFAULT NULL,
  `mobile_phone` varchar(255) COLLATE utf8_unicode_ci DEFAULT NULL,
  `home_phone` varchar(255) COLLATE utf8_unicode_ci DEFAULT NULL,
  `email` varchar(255) COLLATE utf8_unicode_ci DEFAULT NULL,
  `fax` varchar(255) COLLATE utf8_unicode_ci DEFAULT NULL,
  `photo_file_name` varchar(255) COLLATE utf8_unicode_ci DEFAULT NULL,
  `photo_content_type` varchar(255) COLLATE utf8_unicode_ci DEFAULT NULL,
  `photo_data` mediumblob,
  `created_at` datetime DEFAULT NULL,
  `updated_at` datetime DEFAULT NULL,
  `photo_file_size` int(11) DEFAULT NULL,
  `former_id` varchar(255) COLLATE utf8_unicode_ci DEFAULT NULL,
  PRIMARY KEY (`id`)
) ENGINE=InnoDB DEFAULT CHARSET=utf8 COLLATE=utf8_unicode_ci AUTO_INCREMENT=1 ;

-- --------------------------------------------------------

--
-- Table structure for table `archived_employee_additional_details`
--

CREATE TABLE IF NOT EXISTS `archived_employee_additional_details` (
  `id` int(11) NOT NULL AUTO_INCREMENT,
  `employee_id` int(11) DEFAULT NULL,
  `additional_field_id` int(11) DEFAULT NULL,
  `additional_info` varchar(255) COLLATE utf8_unicode_ci DEFAULT NULL,
  PRIMARY KEY (`id`)
) ENGINE=InnoDB DEFAULT CHARSET=utf8 COLLATE=utf8_unicode_ci AUTO_INCREMENT=1 ;

-- --------------------------------------------------------

--
-- Table structure for table `archived_employee_bank_details`
--

CREATE TABLE IF NOT EXISTS `archived_employee_bank_details` (
  `id` int(11) NOT NULL AUTO_INCREMENT,
  `employee_id` int(11) DEFAULT NULL,
  `bank_field_id` int(11) DEFAULT NULL,
  `bank_info` varchar(255) COLLATE utf8_unicode_ci DEFAULT NULL,
  PRIMARY KEY (`id`)
) ENGINE=InnoDB DEFAULT CHARSET=utf8 COLLATE=utf8_unicode_ci AUTO_INCREMENT=1 ;

-- --------------------------------------------------------

--
-- Table structure for table `archived_employee_salary_structures`
--

CREATE TABLE IF NOT EXISTS `archived_employee_salary_structures` (
  `id` int(11) NOT NULL AUTO_INCREMENT,
  `employee_id` int(11) DEFAULT NULL,
  `payroll_category_id` int(11) DEFAULT NULL,
  `amount` varchar(255) COLLATE utf8_unicode_ci DEFAULT NULL,
  PRIMARY KEY (`id`)
) ENGINE=InnoDB DEFAULT CHARSET=utf8 COLLATE=utf8_unicode_ci AUTO_INCREMENT=1 ;

-- --------------------------------------------------------

--
-- Table structure for table `archived_exam_scores`
--

CREATE TABLE IF NOT EXISTS `archived_exam_scores` (
  `id` int(11) NOT NULL AUTO_INCREMENT,
  `student_id` int(11) DEFAULT NULL,
  `exam_id` int(11) DEFAULT NULL,
  `marks` decimal(7,2) DEFAULT NULL,
  `grading_level_id` int(11) DEFAULT NULL,
  `remarks` varchar(255) COLLATE utf8_unicode_ci DEFAULT NULL,
  `is_failed` tinyint(1) DEFAULT NULL,
  `created_at` datetime DEFAULT NULL,
  `updated_at` datetime DEFAULT NULL,
  PRIMARY KEY (`id`),
  KEY `index_archived_exam_scores_on_student_id_and_exam_id` (`student_id`,`exam_id`)
) ENGINE=InnoDB DEFAULT CHARSET=utf8 COLLATE=utf8_unicode_ci AUTO_INCREMENT=1 ;

-- --------------------------------------------------------

--
-- Table structure for table `archived_guardians`
--

CREATE TABLE IF NOT EXISTS `archived_guardians` (
  `id` int(11) NOT NULL AUTO_INCREMENT,
  `ward_id` int(11) DEFAULT NULL,
  `first_name` varchar(255) COLLATE utf8_unicode_ci DEFAULT NULL,
  `last_name` varchar(255) COLLATE utf8_unicode_ci DEFAULT NULL,
  `relation` varchar(255) COLLATE utf8_unicode_ci DEFAULT NULL,
  `email` varchar(255) COLLATE utf8_unicode_ci DEFAULT NULL,
  `office_phone1` varchar(255) COLLATE utf8_unicode_ci DEFAULT NULL,
  `office_phone2` varchar(255) COLLATE utf8_unicode_ci DEFAULT NULL,
  `mobile_phone` varchar(255) COLLATE utf8_unicode_ci DEFAULT NULL,
  `office_address_line1` varchar(255) COLLATE utf8_unicode_ci DEFAULT NULL,
  `office_address_line2` varchar(255) COLLATE utf8_unicode_ci DEFAULT NULL,
  `city` varchar(255) COLLATE utf8_unicode_ci DEFAULT NULL,
  `state` varchar(255) COLLATE utf8_unicode_ci DEFAULT NULL,
  `country_id` int(11) DEFAULT NULL,
  `dob` date DEFAULT NULL,
  `occupation` varchar(255) COLLATE utf8_unicode_ci DEFAULT NULL,
  `income` varchar(255) COLLATE utf8_unicode_ci DEFAULT NULL,
  `education` varchar(255) COLLATE utf8_unicode_ci DEFAULT NULL,
  `created_at` datetime DEFAULT NULL,
  `updated_at` datetime DEFAULT NULL,
  PRIMARY KEY (`id`)
) ENGINE=InnoDB DEFAULT CHARSET=utf8 COLLATE=utf8_unicode_ci AUTO_INCREMENT=1 ;

-- --------------------------------------------------------

--
-- Table structure for table `archived_students`
--

CREATE TABLE IF NOT EXISTS `archived_students` (
  `id` int(11) NOT NULL AUTO_INCREMENT,
  `admission_no` varchar(255) COLLATE utf8_unicode_ci DEFAULT NULL,
  `class_roll_no` varchar(255) COLLATE utf8_unicode_ci DEFAULT NULL,
  `admission_date` date DEFAULT NULL,
  `first_name` varchar(255) COLLATE utf8_unicode_ci DEFAULT NULL,
  `middle_name` varchar(255) COLLATE utf8_unicode_ci DEFAULT NULL,
  `last_name` varchar(255) COLLATE utf8_unicode_ci DEFAULT NULL,
  `batch_id` int(11) DEFAULT NULL,
  `date_of_birth` date DEFAULT NULL,
  `gender` varchar(255) COLLATE utf8_unicode_ci DEFAULT NULL,
  `blood_group` varchar(255) COLLATE utf8_unicode_ci DEFAULT NULL,
  `birth_place` varchar(255) COLLATE utf8_unicode_ci DEFAULT NULL,
  `nationality_id` int(11) DEFAULT NULL,
  `language` varchar(255) COLLATE utf8_unicode_ci DEFAULT NULL,
  `religion` varchar(255) COLLATE utf8_unicode_ci DEFAULT NULL,
  `student_category_id` int(11) DEFAULT NULL,
  `address_line1` varchar(255) COLLATE utf8_unicode_ci DEFAULT NULL,
  `address_line2` varchar(255) COLLATE utf8_unicode_ci DEFAULT NULL,
  `city` varchar(255) COLLATE utf8_unicode_ci DEFAULT NULL,
  `state` varchar(255) COLLATE utf8_unicode_ci DEFAULT NULL,
  `pin_code` varchar(255) COLLATE utf8_unicode_ci DEFAULT NULL,
  `country_id` int(11) DEFAULT NULL,
  `phone1` varchar(255) COLLATE utf8_unicode_ci DEFAULT NULL,
  `phone2` varchar(255) COLLATE utf8_unicode_ci DEFAULT NULL,
  `email` varchar(255) COLLATE utf8_unicode_ci DEFAULT NULL,
  `photo_file_name` varchar(255) COLLATE utf8_unicode_ci DEFAULT NULL,
  `photo_content_type` varchar(255) COLLATE utf8_unicode_ci DEFAULT NULL,
  `photo_data` mediumblob,
  `status_description` varchar(255) COLLATE utf8_unicode_ci DEFAULT NULL,
  `is_active` tinyint(1) DEFAULT '1',
  `is_deleted` tinyint(1) DEFAULT '0',
  `immediate_contact_id` int(11) DEFAULT NULL,
  `is_sms_enabled` tinyint(1) DEFAULT '1',
  `former_id` varchar(255) COLLATE utf8_unicode_ci DEFAULT NULL,
  `created_at` datetime DEFAULT NULL,
  `updated_at` datetime DEFAULT NULL,
  `photo_file_size` int(11) DEFAULT NULL,
  PRIMARY KEY (`id`)
) ENGINE=InnoDB DEFAULT CHARSET=utf8 COLLATE=utf8_unicode_ci AUTO_INCREMENT=1 ;

-- --------------------------------------------------------

--
-- Table structure for table `assets`
--

CREATE TABLE IF NOT EXISTS `assets` (
  `id` int(11) NOT NULL AUTO_INCREMENT,
  `title` varchar(255) COLLATE utf8_unicode_ci DEFAULT NULL,
  `description` text COLLATE utf8_unicode_ci,
  `amount` int(11) DEFAULT NULL,
  `is_inactive` tinyint(1) DEFAULT '0',
  `is_deleted` tinyint(1) DEFAULT '0',
  `created_at` datetime DEFAULT NULL,
  `updated_at` datetime DEFAULT NULL,
  PRIMARY KEY (`id`)
) ENGINE=InnoDB DEFAULT CHARSET=utf8 COLLATE=utf8_unicode_ci AUTO_INCREMENT=1 ;

-- --------------------------------------------------------

--
-- Table structure for table `attachments_employees`
--

CREATE TABLE IF NOT EXISTS `attachments_employees` (
  `id` int(11) NOT NULL AUTO_INCREMENT,
  `employee_id` int(11) DEFAULT NULL,
  `filename` varchar(225) DEFAULT NULL,
  `fileext` varchar(10) DEFAULT NULL,
  `fileloc` varchar(1000) DEFAULT NULL,
  `modified_date` date DEFAULT NULL,
  `deleted` int(11) NOT NULL DEFAULT '0',
  PRIMARY KEY (`id`)
) ENGINE=InnoDB  DEFAULT CHARSET=latin1 AUTO_INCREMENT=6 ;

--
-- Dumping data for table `attachments_employees`
--

INSERT INTO `attachments_employees` (`id`, `employee_id`, `filename`, `fileext`, `fileloc`, `modified_date`, `deleted`) VALUES
(1, 1, 'Observation 10-16-2014.docx', 'docx', 'attachments/students/Observation 10-16-2014.docx', '2014-10-23', 0),
(2, 1, 'Observation 10-15-2014 (1)_copy(3).docx', 'docx', 'attachments/students/Observation 10-15-2014 (1)_copy(3).docx', '2014-10-23', 0),
(3, 1, 'Observation 10-15-2014 (1)_copy(4).docx', 'docx', 'attachments/students/Observation 10-15-2014 (1)_copy(4).docx', '2014-10-23', 0),
(4, 1, 'Observation 10-16-2014_copy(1).docx', 'docx', 'attachments/students/Observation 10-16-2014_copy(1).docx', '2014-10-29', 0),
(5, 1, 'Observation 10-16-2014_copy(2).docx', 'docx', 'attachments/students/Observation 10-16-2014_copy(2).docx', '2014-10-29', 0);

-- --------------------------------------------------------

--
-- Table structure for table `attachments_requests`
--

CREATE TABLE IF NOT EXISTS `attachments_requests` (
  `id` int(11) NOT NULL AUTO_INCREMENT,
  `truckers_id` int(11) DEFAULT NULL,
  `filename` varchar(225) DEFAULT NULL,
  `fileext` varchar(10) DEFAULT NULL,
  `fileloc` varchar(1000) DEFAULT NULL,
  `modified_date` date DEFAULT NULL,
  `deleted` int(11) NOT NULL DEFAULT '0',
  PRIMARY KEY (`id`)
) ENGINE=InnoDB DEFAULT CHARSET=latin1 AUTO_INCREMENT=1 ;

-- --------------------------------------------------------

--
-- Table structure for table `attachments_student`
--

CREATE TABLE IF NOT EXISTS `attachments_student` (
  `id` int(11) NOT NULL AUTO_INCREMENT,
  `truckers_id` int(11) DEFAULT NULL,
  `filename` varchar(225) DEFAULT NULL,
  `fileext` varchar(10) DEFAULT NULL,
  `fileloc` varchar(1000) DEFAULT NULL,
  `modified_date` date DEFAULT NULL,
  `deleted` int(11) NOT NULL DEFAULT '0',
  PRIMARY KEY (`id`)
) ENGINE=InnoDB  DEFAULT CHARSET=latin1 AUTO_INCREMENT=31 ;

--
-- Dumping data for table `attachments_student`
--

INSERT INTO `attachments_student` (`id`, `truckers_id`, `filename`, `fileext`, `fileloc`, `modified_date`, `deleted`) VALUES
(1, 11, '846_522029524482664_1045743114_n.jpg', 'jpg', 'attachments/students/Array', '2014-09-04', 0),
(2, 11, '20692_3440891439345_964372625_n.jpg', 'jpg', 'attachments/students/Array', '2014-09-04', 0),
(3, 11, 'MAYCHELL MANSANADES ALCORIN.pdf', 'pdf', 'attachments/students/Array', '2014-09-04', 0),
(4, 11, 'must read-- this is for you.txt', 'txt', 'attachments/students/must read-- this is for you.txt', '2014-09-04', 0),
(5, 2, 'ALCORIN.docx', 'docx', 'attachments/students/ALCORIN.docx', '2014-09-21', 0),
(6, 2, 'resume.doc', 'doc', 'attachments/students/resume.doc', '2014-09-21', 0),
(7, 0, 'INHTA Datafields V1.0 07042014-2.xlsx', 'xlsx', 'attachments/students/INHTA Datafields V1.0 07042014-2.xlsx', '2014-09-22', 0),
(8, 2, 'INHTA Datafields V1.2 08272014.xlsx', 'xlsx', 'attachments/students/INHTA Datafields V1.2 08272014.xlsx', '2014-09-22', 0),
(9, 15, 'Kinakabahan po ako inay.docx', 'docx', 'attachments/students/Kinakabahan po ako inay.docx', '2014-09-23', 0),
(10, 15, 'Kinakabahan po ako inay_copy(1).docx', 'docx', 'attachments/students/Kinakabahan po ako inay_copy(1).docx', '2014-09-23', 0),
(11, 15, 'ALCORIN.docx', 'docx', 'attachments/students/ALCORIN.docx', '2014-09-23', 0),
(12, 15, 'ALCORIN_copy(1).docx', 'docx', 'attachments/students/ALCORIN_copy(1).docx', '2014-09-23', 0),
(13, 15, 'ALCORIN_copy(2).docx', 'docx', 'attachments/students/ALCORIN_copy(2).docx', '2014-09-23', 0),
(14, 15, 'Kinakabahan po ako inay_copy(2).docx', 'docx', 'attachments/students/Kinakabahan po ako inay_copy(2).docx', '2014-09-23', 0),
(15, 15, 'ALCORIN_copy(3).docx', 'docx', 'attachments/students/ALCORIN_copy(3).docx', '2014-09-23', 0),
(16, 15, 'ALCORIN_copy(4).docx', 'docx', 'attachments/students/ALCORIN_copy(4).docx', '2014-09-23', 0),
(17, 15, 'ALCORIN_copy(5).docx', 'docx', 'attachments/students/ALCORIN_copy(5).docx', '2014-09-23', 0),
(18, 15, 'Kinakabahan po ako inay_copy(3).docx', 'docx', 'attachments/students/Kinakabahan po ako inay_copy(3).docx', '2014-09-23', 0),
(19, 15, 'ALCORIN_copy(6).docx', 'docx', 'attachments/students/ALCORIN_copy(6).docx', '2014-09-23', 0),
(20, 15, 'Kinakabahan po ako inay_copy(4).docx', 'docx', 'attachments/students/Kinakabahan po ako inay_copy(4).docx', '2014-09-23', 0),
(21, 15, 'Kinakabahan po ako inay_copy(5).docx', 'docx', 'attachments/students/Kinakabahan po ako inay_copy(5).docx', '2014-09-23', 0),
(22, 15, 'ALCORIN_copy(7).docx', 'docx', 'attachments/students/ALCORIN_copy(7).docx', '2014-09-23', 0),
(23, 15, 'Kinakabahan po ako inay_copy(6).docx', 'docx', 'attachments/students/Kinakabahan po ako inay_copy(6).docx', '2014-09-23', 0),
(24, 12, 'IMG_20130704_130437.jpg', 'jpg', 'attachments/students/IMG_20130704_130437.jpg', '2014-10-18', 0),
(25, 1, 'Observation 10-15-2014 (1).docx', 'docx', 'attachments/students/Observation 10-15-2014 (1).docx', '2014-10-23', 0),
(26, 1, 'Observation 10-15-2014 (1)_copy(1).docx', 'docx', 'attachments/students/Observation 10-15-2014 (1)_copy(1).docx', '2014-10-23', 0),
(27, 1, 'Observation 10-15-2014 (1)_copy(2).docx', 'docx', 'attachments/students/Observation 10-15-2014 (1)_copy(2).docx', '2014-10-23', 0),
(28, 1, 'updated.odt', 'odt', 'attachments/students/updated.odt', '2014-11-16', 0),
(29, 1, 'update_copy(1).odt', 'odt', 'attachments/students/update_copy(1).odt', '2014-11-16', 0),
(30, 1, 'update_copy(2).odt', 'odt', 'attachments/students/update_copy(2).odt', '2014-11-16', 0);

-- --------------------------------------------------------

--
-- Table structure for table `attendances`
--

CREATE TABLE IF NOT EXISTS `attendances` (
  `id` int(11) NOT NULL AUTO_INCREMENT,
  `student_id` int(11) DEFAULT NULL,
  `period_table_entry_id` int(11) DEFAULT NULL,
  `forenoon` tinyint(1) DEFAULT '0',
  `afternoon` tinyint(1) DEFAULT '0',
  `reason` varchar(255) COLLATE utf8_unicode_ci DEFAULT NULL,
  PRIMARY KEY (`id`)
) ENGINE=InnoDB DEFAULT CHARSET=utf8 COLLATE=utf8_unicode_ci AUTO_INCREMENT=1 ;

-- --------------------------------------------------------

--
-- Table structure for table `authassignment`
--

CREATE TABLE IF NOT EXISTS `authassignment` (
  `itemname` varchar(64) NOT NULL,
  `userid` varchar(64) NOT NULL,
  `bizrule` text,
  `data` text,
  PRIMARY KEY (`itemname`,`userid`)
) ENGINE=InnoDB DEFAULT CHARSET=latin1;

--
-- Dumping data for table `authassignment`
--

INSERT INTO `authassignment` (`itemname`, `userid`, `bizrule`, `data`) VALUES
('Admin', '1', NULL, 'N;'),
('Admin', '10', NULL, 'N;'),
('Admin', '11', NULL, 'N;'),
('Admin', '12', NULL, 'N;'),
('Admin', '13', NULL, 'N;'),
('Admin', '14', NULL, 'N;'),
('Admin', '15', NULL, 'N;'),
('Admin', '16', NULL, 'N;'),
('Admin', '17', NULL, 'N;'),
('Admin', '18', NULL, 'N;'),
('Admin', '19', NULL, 'N;'),
('Admin', '2', NULL, 'N;'),
('Admin', '20', NULL, 'N;'),
('Admin', '21', NULL, 'N;'),
('Admin', '22', NULL, 'N;'),
('Admin', '23', NULL, 'N;'),
('Admin', '24', NULL, 'N;'),
('Admin', '25', NULL, 'N;'),
('Admin', '3', NULL, 'N;'),
('Admin', '5', NULL, 'N;'),
('Admin', '6', NULL, 'N;'),
('Admin', '7', NULL, 'N;'),
('Admin', '8', NULL, 'N;'),
('Admin', '9', NULL, 'N;'),
('Attendances.*', '10', NULL, 'N;'),
('student', '3', NULL, 'N;'),
('student', '4', NULL, 'N;'),
('student', '7', NULL, 'N;'),
('student', '8', NULL, 'N;'),
('student', '9', NULL, 'N;');

-- --------------------------------------------------------

--
-- Table structure for table `authitem`
--

CREATE TABLE IF NOT EXISTS `authitem` (
  `name` varchar(64) NOT NULL,
  `type` int(11) NOT NULL,
  `description` text,
  `bizrule` text,
  `data` text,
  PRIMARY KEY (`name`)
) ENGINE=InnoDB DEFAULT CHARSET=latin1;

--
-- Dumping data for table `authitem`
--

INSERT INTO `authitem` (`name`, `type`, `description`, `bizrule`, `data`) VALUES
('Accounting.*', 1, NULL, NULL, 'N;'),
('Accounting.Add', 0, NULL, NULL, 'N;'),
('Accounting.Admin', 0, NULL, NULL, 'N;'),
('Accounting.Assesments', 0, NULL, NULL, 'N;'),
('Accounting.Attentance', 0, NULL, NULL, 'N;'),
('Accounting.Batch', 0, NULL, NULL, 'N;'),
('Accounting.Create', 0, NULL, NULL, 'N;'),
('Accounting.Delete', 0, NULL, NULL, 'N;'),
('Accounting.Events', 0, NULL, NULL, 'N;'),
('Accounting.Index', 0, NULL, NULL, 'N;'),
('Accounting.Manage', 0, NULL, NULL, 'N;'),
('Accounting.Savesearch', 0, NULL, NULL, 'N;'),
('Accounting.Update', 0, NULL, NULL, 'N;'),
('Accounting.View', 0, NULL, NULL, 'N;'),
('Accounting.Website', 0, NULL, NULL, 'N;'),
('Admin', 2, NULL, NULL, 'N;'),
('Assesments.*', 1, NULL, NULL, 'N;'),
('Assesments.Add', 0, NULL, NULL, 'N;'),
('Assesments.Admin', 0, NULL, NULL, 'N;'),
('Assesments.Assesments', 0, NULL, NULL, 'N;'),
('Assesments.Attentance', 0, NULL, NULL, 'N;'),
('Assesments.Batch', 0, NULL, NULL, 'N;'),
('Assesments.Create', 0, NULL, NULL, 'N;'),
('Assesments.Delete', 0, NULL, NULL, 'N;'),
('Assesments.Events', 0, NULL, NULL, 'N;'),
('Assesments.Index', 0, NULL, NULL, 'N;'),
('Assesments.Manage', 0, NULL, NULL, 'N;'),
('Assesments.Savesearch', 0, NULL, NULL, 'N;'),
('Assesments.Update', 0, NULL, NULL, 'N;'),
('Assesments.View', 0, NULL, NULL, 'N;'),
('Assesments.Website', 0, NULL, NULL, 'N;'),
('attendance manager', 2, 'attendance manager', NULL, 'N;'),
('Attendance.Default.*', 1, NULL, NULL, 'N;'),
('Attendance.Default.Index', 0, NULL, NULL, 'N;'),
('Attendance.EmployeeAttendances.*', 1, NULL, NULL, 'N;'),
('Attendance.EmployeeAttendances.Addnew', 0, NULL, NULL, 'N;'),
('Attendance.EmployeeAttendances.Admin', 0, NULL, NULL, 'N;'),
('Attendance.EmployeeAttendances.Create', 0, NULL, NULL, 'N;'),
('Attendance.EmployeeAttendances.Delete', 0, NULL, NULL, 'N;'),
('Attendance.EmployeeAttendances.DeleteLeave', 0, NULL, NULL, 'N;'),
('Attendance.EmployeeAttendances.EditLeave', 0, NULL, NULL, 'N;'),
('Attendance.EmployeeAttendances.Index', 0, NULL, NULL, 'N;'),
('Attendance.EmployeeAttendances.Pdf', 0, NULL, NULL, 'N;'),
('Attendance.EmployeeAttendances.Update', 0, NULL, NULL, 'N;'),
('Attendance.EmployeeAttendances.View', 0, NULL, NULL, 'N;'),
('Attendance.EmployeeLeaveTypes.*', 1, NULL, NULL, 'N;'),
('Attendance.EmployeeLeaveTypes.Admin', 0, NULL, NULL, 'N;'),
('Attendance.EmployeeLeaveTypes.Create', 0, NULL, NULL, 'N;'),
('Attendance.EmployeeLeaveTypes.Delete', 0, NULL, NULL, 'N;'),
('Attendance.EmployeeLeaveTypes.Index', 0, NULL, NULL, 'N;'),
('Attendance.EmployeeLeaveTypes.Update', 0, NULL, NULL, 'N;'),
('Attendance.EmployeeLeaveTypes.View', 0, NULL, NULL, 'N;'),
('Attendance.StudentAttentance.*', 1, NULL, NULL, 'N;'),
('Attendance.StudentAttentance.Addnew', 0, NULL, NULL, 'N;'),
('Attendance.StudentAttentance.Admin', 0, NULL, NULL, 'N;'),
('Attendance.StudentAttentance.Attentancepdf', 0, NULL, NULL, 'N;'),
('Attendance.StudentAttentance.Attentstud', 0, NULL, NULL, 'N;'),
('Attendance.StudentAttentance.Create', 0, NULL, NULL, 'N;'),
('Attendance.StudentAttentance.Delete', 0, NULL, NULL, 'N;'),
('Attendance.StudentAttentance.DeleteLeave', 0, NULL, NULL, 'N;'),
('Attendance.StudentAttentance.EditLeave', 0, NULL, NULL, 'N;'),
('Attendance.StudentAttentance.Index', 0, NULL, NULL, 'N;'),
('Attendance.StudentAttentance.Pdf', 0, NULL, NULL, 'N;'),
('Attendance.StudentAttentance.Pdf1', 0, NULL, NULL, 'N;'),
('Attendance.StudentAttentance.Sendsms', 0, NULL, NULL, 'N;'),
('Attendance.StudentAttentance.Studentattendancepdf', 0, NULL, NULL, 'N;'),
('Attendance.StudentAttentance.Update', 0, NULL, NULL, 'N;'),
('Attendance.StudentAttentance.View', 0, NULL, NULL, 'N;'),
('Attendances.*', 1, NULL, NULL, 'N;'),
('Attendances.Addnew', 0, NULL, NULL, 'N;'),
('Attendances.Attentance', 0, NULL, NULL, 'N;'),
('Attendances.Index', 0, NULL, NULL, 'N;'),
('Attendances.ReturnForm', 0, NULL, NULL, 'N;'),
('Attendances.ReturnView', 0, NULL, NULL, 'N;'),
('Cal.Cron.*', 1, NULL, NULL, 'N;'),
('Cal.Cron.Index', 0, NULL, NULL, 'N;'),
('Cal.EventsType.*', 1, NULL, NULL, 'N;'),
('Cal.EventsType.Index', 0, NULL, NULL, 'N;'),
('Cal.EventsType.ReturnForm', 0, NULL, NULL, 'N;'),
('Cal.EventsType.ReturnView', 0, NULL, NULL, 'N;'),
('Cal.Main.*', 1, NULL, NULL, 'N;'),
('Cal.Main.Browse', 0, NULL, NULL, 'N;'),
('Cal.Main.CreateHelper', 0, NULL, NULL, 'N;'),
('Cal.Main.Delete', 0, NULL, NULL, 'N;'),
('Cal.Main.List', 0, NULL, NULL, 'N;'),
('Cal.Main.Move', 0, NULL, NULL, 'N;'),
('Cal.Main.RemoveHelper', 0, NULL, NULL, 'N;'),
('Cal.Main.Resize', 0, NULL, NULL, 'N;'),
('Cal.Main.Update', 0, NULL, NULL, 'N;'),
('Cal.Main.Userpreference', 0, NULL, NULL, 'N;'),
('CmsNode.*', 1, NULL, NULL, 'N;'),
('CmsNode.Admin', 0, NULL, NULL, 'N;'),
('CmsNode.Create', 0, NULL, NULL, 'N;'),
('CmsNode.Delete', 0, NULL, NULL, 'N;'),
('CmsNode.Index', 0, NULL, NULL, 'N;'),
('CmsNode.Update', 0, NULL, NULL, 'N;'),
('CmsNode.View', 0, NULL, NULL, 'N;'),
('Configurations.*', 1, NULL, NULL, 'N;'),
('Configurations.Admin', 0, NULL, NULL, 'N;'),
('Configurations.Create', 0, NULL, NULL, 'N;'),
('Configurations.Delete', 0, NULL, NULL, 'N;'),
('Configurations.DisplayLogoImage', 0, NULL, NULL, 'N;'),
('Configurations.DisplaySavedImage', 0, NULL, NULL, 'N;'),
('Configurations.Index', 0, NULL, NULL, 'N;'),
('Configurations.Remove', 0, NULL, NULL, 'N;'),
('Configurations.Setup', 0, NULL, NULL, 'N;'),
('Configurations.Update', 0, NULL, NULL, 'N;'),
('Configurations.View', 0, NULL, NULL, 'N;'),
('Countries.*', 1, NULL, NULL, 'N;'),
('Countries.Admin', 0, NULL, NULL, 'N;'),
('Countries.Create', 0, NULL, NULL, 'N;'),
('Countries.Delete', 0, NULL, NULL, 'N;'),
('Countries.Index', 0, NULL, NULL, 'N;'),
('Countries.Update', 0, NULL, NULL, 'N;'),
('Countries.View', 0, NULL, NULL, 'N;'),
('Courses.*', 1, NULL, NULL, 'N;'),
('Courses.Admin', 0, NULL, NULL, 'N;'),
('Courses.Batches.*', 1, NULL, NULL, 'N;'),
('Courses.Batches.Activate', 0, NULL, NULL, 'N;'),
('Courses.Batches.Addnew', 0, NULL, NULL, 'N;'),
('Courses.Batches.Addupdate', 0, NULL, NULL, 'N;'),
('Courses.Batches.Admin', 0, NULL, NULL, 'N;'),
('Courses.Batches.Batchstudents', 0, NULL, NULL, 'N;'),
('Courses.Batches.Create', 0, NULL, NULL, 'N;'),
('Courses.Batches.Deactivate', 0, NULL, NULL, 'N;'),
('Courses.Batches.Delete', 0, NULL, NULL, 'N;'),
('Courses.Batches.Index', 0, NULL, NULL, 'N;'),
('Courses.Batches.Manage', 0, NULL, NULL, 'N;'),
('Courses.Batches.Promote', 0, NULL, NULL, 'N;'),
('Courses.Batches.Remove', 0, NULL, NULL, 'N;'),
('Courses.Batches.Settings', 0, NULL, NULL, 'N;'),
('Courses.Batches.Update', 0, NULL, NULL, 'N;'),
('Courses.Batches.View', 0, NULL, NULL, 'N;'),
('Courses.ClassTiming.*', 1, NULL, NULL, 'N;'),
('Courses.ClassTiming.Index', 0, NULL, NULL, 'N;'),
('Courses.ClassTiming.ReturnForm', 0, NULL, NULL, 'N;'),
('Courses.ClassTiming.ReturnView', 0, NULL, NULL, 'N;'),
('Courses.ClassTimings.*', 1, NULL, NULL, 'N;'),
('Courses.ClassTimings.Addnew', 0, NULL, NULL, 'N;'),
('Courses.ClassTimings.Admin', 0, NULL, NULL, 'N;'),
('Courses.ClassTimings.Create', 0, NULL, NULL, 'N;'),
('Courses.ClassTimings.Delete', 0, NULL, NULL, 'N;'),
('Courses.ClassTimings.Edit', 0, NULL, NULL, 'N;'),
('Courses.ClassTimings.Index', 0, NULL, NULL, 'N;'),
('Courses.ClassTimings.Update', 0, NULL, NULL, 'N;'),
('Courses.ClassTimings.View', 0, NULL, NULL, 'N;'),
('Courses.Courses.*', 1, NULL, NULL, 'N;'),
('Courses.Courses.Admin', 0, NULL, NULL, 'N;'),
('Courses.Courses.Create', 0, NULL, NULL, 'N;'),
('Courses.Courses.Deactivate', 0, NULL, NULL, 'N;'),
('Courses.Courses.Delete', 0, NULL, NULL, 'N;'),
('Courses.Courses.Edit', 0, NULL, NULL, 'N;'),
('Courses.Courses.Index', 0, NULL, NULL, 'N;'),
('Courses.Courses.Managecourse', 0, NULL, NULL, 'N;'),
('Courses.Courses.ReqTest01', 0, NULL, NULL, 'N;'),
('Courses.Courses.Update', 0, NULL, NULL, 'N;'),
('Courses.Courses.View', 0, NULL, NULL, 'N;'),
('Courses.Create', 0, NULL, NULL, 'N;'),
('Courses.Default.*', 1, NULL, NULL, 'N;'),
('Courses.Default.Index', 0, NULL, NULL, 'N;'),
('Courses.Defaultsubjects.*', 1, NULL, NULL, 'N;'),
('Courses.Defaultsubjects.Index', 0, NULL, NULL, 'N;'),
('Courses.Defaultsubjects.ReturnForm', 0, NULL, NULL, 'N;'),
('Courses.Defaultsubjects.ReturnView', 0, NULL, NULL, 'N;'),
('Courses.Delete', 0, NULL, NULL, 'N;'),
('Courses.Edit', 0, NULL, NULL, 'N;'),
('Courses.ElectiveGroups.*', 1, NULL, NULL, 'N;'),
('Courses.ElectiveGroups.Admin', 0, NULL, NULL, 'N;'),
('Courses.ElectiveGroups.Create', 0, NULL, NULL, 'N;'),
('Courses.ElectiveGroups.Delete', 0, NULL, NULL, 'N;'),
('Courses.ElectiveGroups.Index', 0, NULL, NULL, 'N;'),
('Courses.ElectiveGroups.Update', 0, NULL, NULL, 'N;'),
('Courses.ElectiveGroups.View', 0, NULL, NULL, 'N;'),
('Courses.Electives.*', 1, NULL, NULL, 'N;'),
('Courses.Electives.Admin', 0, NULL, NULL, 'N;'),
('Courses.Electives.Create', 0, NULL, NULL, 'N;'),
('Courses.Electives.Delete', 0, NULL, NULL, 'N;'),
('Courses.Electives.Index', 0, NULL, NULL, 'N;'),
('Courses.Electives.Update', 0, NULL, NULL, 'N;'),
('Courses.Electives.View', 0, NULL, NULL, 'N;'),
('Courses.Exam.*', 1, NULL, NULL, 'N;'),
('Courses.Exam.Index', 0, NULL, NULL, 'N;'),
('Courses.Exam.ReturnForm', 0, NULL, NULL, 'N;'),
('Courses.Exam.ReturnView', 0, NULL, NULL, 'N;'),
('Courses.ExamGroups.*', 1, NULL, NULL, 'N;'),
('Courses.ExamGroups.Admin', 0, NULL, NULL, 'N;'),
('Courses.ExamGroups.Create', 0, NULL, NULL, 'N;'),
('Courses.ExamGroups.Delete', 0, NULL, NULL, 'N;'),
('Courses.ExamGroups.Deletenew', 0, NULL, NULL, 'N;'),
('Courses.ExamGroups.Index', 0, NULL, NULL, 'N;'),
('Courses.ExamGroups.Manage', 0, NULL, NULL, 'N;'),
('Courses.ExamGroups.Update', 0, NULL, NULL, 'N;'),
('Courses.ExamGroups.View', 0, NULL, NULL, 'N;'),
('Courses.Exams.*', 1, NULL, NULL, 'N;'),
('Courses.Exams.Admin', 0, NULL, NULL, 'N;'),
('Courses.Exams.Create', 0, NULL, NULL, 'N;'),
('Courses.Exams.Delete', 0, NULL, NULL, 'N;'),
('Courses.Exams.Index', 0, NULL, NULL, 'N;'),
('Courses.Exams.Manage', 0, NULL, NULL, 'N;'),
('Courses.Exams.Update', 0, NULL, NULL, 'N;'),
('Courses.Exams.View', 0, NULL, NULL, 'N;'),
('Courses.ExamScores.*', 1, NULL, NULL, 'N;'),
('Courses.ExamScores.Admin', 0, NULL, NULL, 'N;'),
('Courses.ExamScores.Create', 0, NULL, NULL, 'N;'),
('Courses.ExamScores.Delete', 0, NULL, NULL, 'N;'),
('Courses.ExamScores.Deleteall', 0, NULL, NULL, 'N;'),
('Courses.ExamScores.Index', 0, NULL, NULL, 'N;'),
('Courses.ExamScores.Pdf', 0, NULL, NULL, 'N;'),
('Courses.ExamScores.Update', 0, NULL, NULL, 'N;'),
('Courses.ExamScores.View', 0, NULL, NULL, 'N;'),
('Courses.GradingLevels.*', 1, NULL, NULL, 'N;'),
('Courses.GradingLevels.Default', 0, NULL, NULL, 'N;'),
('Courses.GradingLevels.Index', 0, NULL, NULL, 'N;'),
('Courses.GradingLevels.ReturnForm', 0, NULL, NULL, 'N;'),
('Courses.GradingLevels.ReturnView', 0, NULL, NULL, 'N;'),
('Courses.Index', 0, NULL, NULL, 'N;'),
('Courses.Managecourse', 0, NULL, NULL, 'N;'),
('Courses.ReqTest01', 0, NULL, NULL, 'N;'),
('Courses.StudentAttentance.*', 1, NULL, NULL, 'N;'),
('Courses.StudentAttentance.Addnew', 0, NULL, NULL, 'N;'),
('Courses.StudentAttentance.Admin', 0, NULL, NULL, 'N;'),
('Courses.StudentAttentance.Assessmentpdf', 0, NULL, NULL, 'N;'),
('Courses.StudentAttentance.Attentancepdf', 0, NULL, NULL, 'N;'),
('Courses.StudentAttentance.Attentstud', 0, NULL, NULL, 'N;'),
('Courses.StudentAttentance.Create', 0, NULL, NULL, 'N;'),
('Courses.StudentAttentance.Delete', 0, NULL, NULL, 'N;'),
('Courses.StudentAttentance.DeleteLeave', 0, NULL, NULL, 'N;'),
('Courses.StudentAttentance.EditLeave', 0, NULL, NULL, 'N;'),
('Courses.StudentAttentance.Index', 0, NULL, NULL, 'N;'),
('Courses.StudentAttentance.Pdf', 0, NULL, NULL, 'N;'),
('Courses.StudentAttentance.Pdf1', 0, NULL, NULL, 'N;'),
('Courses.StudentAttentance.Studentattendancepdf', 0, NULL, NULL, 'N;'),
('Courses.StudentAttentance.Studentpdf', 0, NULL, NULL, 'N;'),
('Courses.StudentAttentance.Update', 0, NULL, NULL, 'N;'),
('Courses.StudentAttentance.View', 0, NULL, NULL, 'N;'),
('Courses.StudentAttentanceC.*', 1, NULL, NULL, 'N;'),
('Courses.StudentAttentanceC.Addnew', 0, NULL, NULL, 'N;'),
('Courses.StudentAttentanceC.Admin', 0, NULL, NULL, 'N;'),
('Courses.StudentAttentanceC.Attentancepdf', 0, NULL, NULL, 'N;'),
('Courses.StudentAttentanceC.Attentstud', 0, NULL, NULL, 'N;'),
('Courses.StudentAttentanceC.Create', 0, NULL, NULL, 'N;'),
('Courses.StudentAttentanceC.Delete', 0, NULL, NULL, 'N;'),
('Courses.StudentAttentanceC.Index', 0, NULL, NULL, 'N;'),
('Courses.StudentAttentanceC.Pdf', 0, NULL, NULL, 'N;'),
('Courses.StudentAttentanceC.Pdf1', 0, NULL, NULL, 'N;'),
('Courses.StudentAttentanceC.Update', 0, NULL, NULL, 'N;'),
('Courses.StudentAttentanceC.View', 0, NULL, NULL, 'N;'),
('Courses.Subject.*', 1, NULL, NULL, 'N;'),
('Courses.Subject.Index', 0, NULL, NULL, 'N;'),
('Courses.Subject.ReturnForm', 0, NULL, NULL, 'N;'),
('Courses.Subject.ReturnView', 0, NULL, NULL, 'N;'),
('Courses.SubjectName.*', 1, NULL, NULL, 'N;'),
('Courses.SubjectName.Admin', 0, NULL, NULL, 'N;'),
('Courses.SubjectName.Create', 0, NULL, NULL, 'N;'),
('Courses.SubjectName.Delete', 0, NULL, NULL, 'N;'),
('Courses.SubjectName.Index', 0, NULL, NULL, 'N;'),
('Courses.SubjectName.Update', 0, NULL, NULL, 'N;'),
('Courses.SubjectName.View', 0, NULL, NULL, 'N;'),
('Courses.SubjectNameAjax.*', 1, NULL, NULL, 'N;'),
('Courses.SubjectNameAjax.Index', 0, NULL, NULL, 'N;'),
('Courses.SubjectNameAjax.ReturnForm', 0, NULL, NULL, 'N;'),
('Courses.SubjectNameAjax.ReturnView', 0, NULL, NULL, 'N;'),
('Courses.Subjects.*', 1, NULL, NULL, 'N;'),
('Courses.Subjects.Addnew', 0, NULL, NULL, 'N;'),
('Courses.Subjects.Addnew1', 0, NULL, NULL, 'N;'),
('Courses.Subjects.Admin', 0, NULL, NULL, 'N;'),
('Courses.Subjects.Create', 0, NULL, NULL, 'N;'),
('Courses.Subjects.Delete', 0, NULL, NULL, 'N;'),
('Courses.Subjects.Index', 0, NULL, NULL, 'N;'),
('Courses.Subjects.Subjects', 0, NULL, NULL, 'N;'),
('Courses.Subjects.Update', 0, NULL, NULL, 'N;'),
('Courses.Subjects.View', 0, NULL, NULL, 'N;'),
('Courses.TimetableEntries.*', 1, NULL, NULL, 'N;'),
('Courses.TimetableEntries.Admin', 0, NULL, NULL, 'N;'),
('Courses.TimetableEntries.Create', 0, NULL, NULL, 'N;'),
('Courses.TimetableEntries.Delete', 0, NULL, NULL, 'N;'),
('Courses.TimetableEntries.Dynamiccities', 0, NULL, NULL, 'N;'),
('Courses.TimetableEntries.Index', 0, NULL, NULL, 'N;'),
('Courses.TimetableEntries.Remove', 0, NULL, NULL, 'N;'),
('Courses.TimetableEntries.Settime', 0, NULL, NULL, 'N;'),
('Courses.TimetableEntries.Update', 0, NULL, NULL, 'N;'),
('Courses.TimetableEntries.View', 0, NULL, NULL, 'N;'),
('Courses.Update', 0, NULL, NULL, 'N;'),
('Courses.View', 0, NULL, NULL, 'N;'),
('Courses.Weekdays.*', 1, NULL, NULL, 'N;'),
('Courses.Weekdays.Addnew', 0, NULL, NULL, 'N;'),
('Courses.Weekdays.Admin', 0, NULL, NULL, 'N;'),
('Courses.Weekdays.Batch', 0, NULL, NULL, 'N;'),
('Courses.Weekdays.Create', 0, NULL, NULL, 'N;'),
('Courses.Weekdays.Delete', 0, NULL, NULL, 'N;'),
('Courses.Weekdays.Exportpdf', 0, NULL, NULL, 'N;'),
('Courses.Weekdays.Index', 0, NULL, NULL, 'N;'),
('Courses.Weekdays.Pdf', 0, NULL, NULL, 'N;'),
('Courses.Weekdays.Publish', 0, NULL, NULL, 'N;'),
('Courses.Weekdays.Timetable', 0, NULL, NULL, 'N;'),
('Courses.Weekdays.Update', 0, NULL, NULL, 'N;'),
('Courses.Weekdays.View', 0, NULL, NULL, 'N;'),
('Dashboard.Default.*', 1, NULL, NULL, 'N;'),
('Dashboard.Default.Calendar', 0, NULL, NULL, 'N;'),
('Dashboard.Default.Events', 0, NULL, NULL, 'N;'),
('Dashboard.Default.Index', 0, NULL, NULL, 'N;'),
('Dashboard.Default.Sample', 0, NULL, NULL, 'N;'),
('Dashboard.Default.View', 0, NULL, NULL, 'N;'),
('Downloads.Default.*', 1, NULL, NULL, 'N;'),
('Downloads.Default.Index', 0, NULL, NULL, 'N;'),
('Downloads.Default.Upload', 0, NULL, NULL, 'N;'),
('Downloads.FileCategory.*', 1, NULL, NULL, 'N;'),
('Downloads.FileCategory.Admin', 0, NULL, NULL, 'N;'),
('Downloads.FileCategory.Create', 0, NULL, NULL, 'N;'),
('Downloads.FileCategory.Delete', 0, NULL, NULL, 'N;'),
('Downloads.FileCategory.Index', 0, NULL, NULL, 'N;'),
('Downloads.FileCategory.Update', 0, NULL, NULL, 'N;'),
('Downloads.FileCategory.View', 0, NULL, NULL, 'N;'),
('Downloads.FileUploads.*', 1, NULL, NULL, 'N;'),
('Downloads.FileUploads.Admin', 0, NULL, NULL, 'N;'),
('Downloads.FileUploads.Batch', 0, NULL, NULL, 'N;'),
('Downloads.FileUploads.Create', 0, NULL, NULL, 'N;'),
('Downloads.FileUploads.Delete', 0, NULL, NULL, 'N;'),
('Downloads.FileUploads.Index', 0, NULL, NULL, 'N;'),
('Downloads.FileUploads.Removefile', 0, NULL, NULL, 'N;'),
('Downloads.FileUploads.Update', 0, NULL, NULL, 'N;'),
('Downloads.FileUploads.View', 0, NULL, NULL, 'N;'),
('Downloads.Students.*', 1, NULL, NULL, 'N;'),
('Downloads.Students.Index', 0, NULL, NULL, 'N;'),
('Downloads.Teachers.*', 1, NULL, NULL, 'N;'),
('Downloads.Teachers.Admin', 0, NULL, NULL, 'N;'),
('Downloads.Teachers.Create', 0, NULL, NULL, 'N;'),
('Downloads.Teachers.Delete', 0, NULL, NULL, 'N;'),
('Downloads.Teachers.Index', 0, NULL, NULL, 'N;'),
('Downloads.Teachers.Removefile', 0, NULL, NULL, 'N;'),
('Downloads.Teachers.Update', 0, NULL, NULL, 'N;'),
('Downloads.Teachers.View', 0, NULL, NULL, 'N;'),
('ElectiveGroups.*', 1, NULL, NULL, 'N;'),
('ElectiveGroups.Admin', 0, NULL, NULL, 'N;'),
('ElectiveGroups.Create', 0, NULL, NULL, 'N;'),
('ElectiveGroups.Delete', 0, NULL, NULL, 'N;'),
('ElectiveGroups.Index', 0, NULL, NULL, 'N;'),
('ElectiveGroups.Update', 0, NULL, NULL, 'N;'),
('ElectiveGroups.View', 0, NULL, NULL, 'N;'),
('Electives.*', 1, NULL, NULL, 'N;'),
('Electives.Admin', 0, NULL, NULL, 'N;'),
('Electives.Create', 0, NULL, NULL, 'N;'),
('Electives.Delete', 0, NULL, NULL, 'N;'),
('Electives.Index', 0, NULL, NULL, 'N;'),
('Electives.Update', 0, NULL, NULL, 'N;'),
('Electives.View', 0, NULL, NULL, 'N;'),
('Employees.Default.*', 1, NULL, NULL, 'N;'),
('Employees.Default.Index', 0, NULL, NULL, 'N;'),
('Employees.EmployeeAttendances.*', 1, NULL, NULL, 'N;'),
('Employees.EmployeeAttendances.Addnew', 0, NULL, NULL, 'N;'),
('Employees.EmployeeAttendances.Admin', 0, NULL, NULL, 'N;'),
('Employees.EmployeeAttendances.Create', 0, NULL, NULL, 'N;'),
('Employees.EmployeeAttendances.Delete', 0, NULL, NULL, 'N;'),
('Employees.EmployeeAttendances.DeleteLeave', 0, NULL, NULL, 'N;'),
('Employees.EmployeeAttendances.EditLeave', 0, NULL, NULL, 'N;'),
('Employees.EmployeeAttendances.Emppdf', 0, NULL, NULL, 'N;'),
('Employees.EmployeeAttendances.Index', 0, NULL, NULL, 'N;'),
('Employees.EmployeeAttendances.Pdf', 0, NULL, NULL, 'N;'),
('Employees.EmployeeAttendances.Update', 0, NULL, NULL, 'N;'),
('Employees.EmployeeAttendances.View', 0, NULL, NULL, 'N;'),
('Employees.EmployeeCategories.*', 1, NULL, NULL, 'N;'),
('Employees.EmployeeCategories.Admin', 0, NULL, NULL, 'N;'),
('Employees.EmployeeCategories.Create', 0, NULL, NULL, 'N;'),
('Employees.EmployeeCategories.Delete', 0, NULL, NULL, 'N;'),
('Employees.EmployeeCategories.Index', 0, NULL, NULL, 'N;'),
('Employees.EmployeeCategories.Update', 0, NULL, NULL, 'N;'),
('Employees.EmployeeCategories.View', 0, NULL, NULL, 'N;'),
('Employees.EmployeeDepartments.*', 1, NULL, NULL, 'N;'),
('Employees.EmployeeDepartments.Admin', 0, NULL, NULL, 'N;'),
('Employees.EmployeeDepartments.Create', 0, NULL, NULL, 'N;'),
('Employees.EmployeeDepartments.Delete', 0, NULL, NULL, 'N;'),
('Employees.EmployeeDepartments.Index', 0, NULL, NULL, 'N;'),
('Employees.EmployeeDepartments.Update', 0, NULL, NULL, 'N;'),
('Employees.EmployeeDepartments.View', 0, NULL, NULL, 'N;'),
('Employees.EmployeeGrades.*', 1, NULL, NULL, 'N;'),
('Employees.EmployeeGrades.Admin', 0, NULL, NULL, 'N;'),
('Employees.EmployeeGrades.Create', 0, NULL, NULL, 'N;'),
('Employees.EmployeeGrades.Delete', 0, NULL, NULL, 'N;'),
('Employees.EmployeeGrades.Index', 0, NULL, NULL, 'N;'),
('Employees.EmployeeGrades.Update', 0, NULL, NULL, 'N;'),
('Employees.EmployeeGrades.View', 0, NULL, NULL, 'N;'),
('Employees.EmployeeLeaveTypes.*', 1, NULL, NULL, 'N;'),
('Employees.EmployeeLeaveTypes.Admin', 0, NULL, NULL, 'N;'),
('Employees.EmployeeLeaveTypes.Create', 0, NULL, NULL, 'N;'),
('Employees.EmployeeLeaveTypes.Delete', 0, NULL, NULL, 'N;'),
('Employees.EmployeeLeaveTypes.Index', 0, NULL, NULL, 'N;'),
('Employees.EmployeeLeaveTypes.Update', 0, NULL, NULL, 'N;'),
('Employees.EmployeeLeaveTypes.View', 0, NULL, NULL, 'N;'),
('Employees.EmployeePositions.*', 1, NULL, NULL, 'N;'),
('Employees.EmployeePositions.Admin', 0, NULL, NULL, 'N;'),
('Employees.EmployeePositions.Create', 0, NULL, NULL, 'N;'),
('Employees.EmployeePositions.Delete', 0, NULL, NULL, 'N;'),
('Employees.EmployeePositions.Index', 0, NULL, NULL, 'N;'),
('Employees.EmployeePositions.Update', 0, NULL, NULL, 'N;'),
('Employees.EmployeePositions.View', 0, NULL, NULL, 'N;'),
('Employees.Employees.*', 1, NULL, NULL, 'N;'),
('Employees.Employees.Addinfo', 0, NULL, NULL, 'N;'),
('Employees.Employees.Address', 0, NULL, NULL, 'N;'),
('Employees.Employees.Admin', 0, NULL, NULL, 'N;'),
('Employees.Employees.Contact', 0, NULL, NULL, 'N;'),
('Employees.Employees.Create', 0, NULL, NULL, 'N;'),
('Employees.Employees.Create2', 0, NULL, NULL, 'N;'),
('Employees.Employees.Delete', 0, NULL, NULL, 'N;'),
('Employees.Employees.Deletes', 0, NULL, NULL, 'N;'),
('Employees.Employees.DisplaySavedImage', 0, NULL, NULL, 'N;'),
('Employees.Employees.Index', 0, NULL, NULL, 'N;'),
('Employees.Employees.Manage', 0, NULL, NULL, 'N;'),
('Employees.Employees.Pdf', 0, NULL, NULL, 'N;'),
('Employees.Employees.Remove', 0, NULL, NULL, 'N;'),
('Employees.Employees.Update', 0, NULL, NULL, 'N;'),
('Employees.Employees.Update2', 0, NULL, NULL, 'N;'),
('Employees.Employees.View', 0, NULL, NULL, 'N;'),
('Employees.EmployeesSubjects.*', 1, NULL, NULL, 'N;'),
('Employees.EmployeesSubjects.Admin', 0, NULL, NULL, 'N;'),
('Employees.EmployeesSubjects.Assign', 0, NULL, NULL, 'N;'),
('Employees.EmployeesSubjects.Create', 0, NULL, NULL, 'N;'),
('Employees.EmployeesSubjects.Current', 0, NULL, NULL, 'N;'),
('Employees.EmployeesSubjects.Delete', 0, NULL, NULL, 'N;'),
('Employees.EmployeesSubjects.Deleterow', 0, NULL, NULL, 'N;'),
('Employees.EmployeesSubjects.Employee', 0, NULL, NULL, 'N;'),
('Employees.EmployeesSubjects.Index', 0, NULL, NULL, 'N;'),
('Employees.EmployeesSubjects.Remove', 0, NULL, NULL, 'N;'),
('Employees.EmployeesSubjects.Subject', 0, NULL, NULL, 'N;'),
('Employees.EmployeesSubjects.Update', 0, NULL, NULL, 'N;'),
('Employees.EmployeesSubjects.View', 0, NULL, NULL, 'N;'),
('Employees.Savedsearches.*', 1, NULL, NULL, 'N;'),
('Employees.Savedsearches.Addnew', 0, NULL, NULL, 'N;'),
('Employees.Savedsearches.Admin', 0, NULL, NULL, 'N;'),
('Employees.Savedsearches.Create', 0, NULL, NULL, 'N;'),
('Employees.Savedsearches.Delete', 0, NULL, NULL, 'N;'),
('Employees.Savedsearches.Index', 0, NULL, NULL, 'N;'),
('Employees.Savedsearches.Update', 0, NULL, NULL, 'N;'),
('Employees.Savedsearches.View', 0, NULL, NULL, 'N;'),
('Events.*', 1, NULL, NULL, 'N;'),
('Events.Index', 0, NULL, NULL, 'N;'),
('Events.ReturnForm', 0, NULL, NULL, 'N;'),
('Events.ReturnView', 0, NULL, NULL, 'N;'),
('exam', 2, 'supervisor', NULL, 'N;'),
('Examination.Default.*', 1, NULL, NULL, 'N;'),
('Examination.Default.Index', 0, NULL, NULL, 'N;'),
('Examination.Exam.*', 1, NULL, NULL, 'N;'),
('Examination.Exam.Index', 0, NULL, NULL, 'N;'),
('Examination.Exam.ReturnForm', 0, NULL, NULL, 'N;'),
('Examination.Exam.ReturnView', 0, NULL, NULL, 'N;'),
('Examination.ExamGroups.*', 1, NULL, NULL, 'N;'),
('Examination.ExamGroups.Admin', 0, NULL, NULL, 'N;'),
('Examination.ExamGroups.Create', 0, NULL, NULL, 'N;'),
('Examination.ExamGroups.Delete', 0, NULL, NULL, 'N;'),
('Examination.ExamGroups.Deletenew', 0, NULL, NULL, 'N;'),
('Examination.ExamGroups.Index', 0, NULL, NULL, 'N;'),
('Examination.ExamGroups.Manage', 0, NULL, NULL, 'N;'),
('Examination.ExamGroups.Update', 0, NULL, NULL, 'N;'),
('Examination.ExamGroups.View', 0, NULL, NULL, 'N;'),
('Examination.Exams.*', 1, NULL, NULL, 'N;'),
('Examination.Exams.Admin', 0, NULL, NULL, 'N;'),
('Examination.Exams.Create', 0, NULL, NULL, 'N;'),
('Examination.Exams.Delete', 0, NULL, NULL, 'N;'),
('Examination.Exams.Index', 0, NULL, NULL, 'N;'),
('Examination.Exams.Manage', 0, NULL, NULL, 'N;'),
('Examination.Exams.Update', 0, NULL, NULL, 'N;'),
('Examination.Exams.View', 0, NULL, NULL, 'N;'),
('Examination.ExamScores.*', 1, NULL, NULL, 'N;'),
('Examination.ExamScores.Admin', 0, NULL, NULL, 'N;'),
('Examination.ExamScores.Create', 0, NULL, NULL, 'N;'),
('Examination.ExamScores.Delete', 0, NULL, NULL, 'N;'),
('Examination.ExamScores.Deleteall', 0, NULL, NULL, 'N;'),
('Examination.ExamScores.Index', 0, NULL, NULL, 'N;'),
('Examination.ExamScores.Pdf', 0, NULL, NULL, 'N;'),
('Examination.ExamScores.Update', 0, NULL, NULL, 'N;'),
('Examination.ExamScores.View', 0, NULL, NULL, 'N;'),
('Examination.GradingLevels.*', 1, NULL, NULL, 'N;'),
('Examination.GradingLevels.Default', 0, NULL, NULL, 'N;'),
('Examination.GradingLevels.Index', 0, NULL, NULL, 'N;'),
('Examination.GradingLevels.ReturnForm', 0, NULL, NULL, 'N;'),
('Examination.GradingLevels.ReturnView', 0, NULL, NULL, 'N;'),
('FeeCollectionParticulars.*', 1, NULL, NULL, 'N;'),
('FeeCollectionParticulars.Index', 0, NULL, NULL, 'N;'),
('FeeCollectionParticulars.ReturnForm', 0, NULL, NULL, 'N;'),
('FeeCollectionParticulars.ReturnView', 0, NULL, NULL, 'N;'),
('Fees.Default.*', 1, NULL, NULL, 'N;'),
('Fees.Default.Index', 0, NULL, NULL, 'N;'),
('Fees.FeeCollectionParticulars.*', 1, NULL, NULL, 'N;'),
('Fees.FeeCollectionParticulars.Index', 0, NULL, NULL, 'N;'),
('Fees.FeeCollectionParticulars.ReturnForm', 0, NULL, NULL, 'N;'),
('Fees.FeeCollectionParticulars.ReturnView', 0, NULL, NULL, 'N;'),
('Fees.FinanceFeeCategories.*', 1, NULL, NULL, 'N;'),
('Fees.FinanceFeeCategories.Index', 0, NULL, NULL, 'N;'),
('Fees.FinanceFeeCategories.ReturnForm', 0, NULL, NULL, 'N;'),
('Fees.FinanceFeeCategories.ReturnView', 0, NULL, NULL, 'N;'),
('Fees.FinanceFeeCategoriesCont.*', 1, NULL, NULL, 'N;'),
('Fees.FinanceFeeCategoriesCont.Additionalfees', 0, NULL, NULL, 'N;'),
('Fees.FinanceFeeCategoriesCont.Additionalview', 0, NULL, NULL, 'N;'),
('Fees.FinanceFeeCategoriesCont.Admin', 0, NULL, NULL, 'N;'),
('Fees.FinanceFeeCategoriesCont.Create', 0, NULL, NULL, 'N;'),
('Fees.FinanceFeeCategoriesCont.Delete', 0, NULL, NULL, 'N;'),
('Fees.FinanceFeeCategoriesCont.Index', 0, NULL, NULL, 'N;'),
('Fees.FinanceFeeCategoriesCont.Master', 0, NULL, NULL, 'N;'),
('Fees.FinanceFeeCategoriesCont.Update', 0, NULL, NULL, 'N;'),
('Fees.FinanceFeeCategoriesCont.View', 0, NULL, NULL, 'N;'),
('Fees.FinanceFeeCollections.*', 1, NULL, NULL, 'N;'),
('Fees.FinanceFeeCollections.Index', 0, NULL, NULL, 'N;'),
('Fees.FinanceFeeCollections.ReturnForm', 0, NULL, NULL, 'N;'),
('Fees.FinanceFeeCollections.ReturnView', 0, NULL, NULL, 'N;'),
('Fees.FinanceFeeParticulars.*', 1, NULL, NULL, 'N;'),
('Fees.FinanceFeeParticulars.Index', 0, NULL, NULL, 'N;'),
('Fees.FinanceFeeParticulars.ReturnForm', 0, NULL, NULL, 'N;'),
('Fees.FinanceFeeParticulars.ReturnView', 0, NULL, NULL, 'N;'),
('Fees.FinanceFeeParticularsCont.*', 1, NULL, NULL, 'N;'),
('Fees.FinanceFeeParticularsCont.Admin', 0, NULL, NULL, 'N;'),
('Fees.FinanceFeeParticularsCont.Create', 0, NULL, NULL, 'N;'),
('Fees.FinanceFeeParticularsCont.Delete', 0, NULL, NULL, 'N;'),
('Fees.FinanceFeeParticularsCont.Index', 0, NULL, NULL, 'N;'),
('Fees.FinanceFeeParticularsCont.Manage', 0, NULL, NULL, 'N;'),
('Fees.FinanceFeeParticularsCont.Update', 0, NULL, NULL, 'N;'),
('Fees.FinanceFeeParticularsCont.View', 0, NULL, NULL, 'N;'),
('Fees.FinanceFees.*', 1, NULL, NULL, 'N;'),
('Fees.FinanceFees.Admin', 0, NULL, NULL, 'N;'),
('Fees.FinanceFees.Cashregister', 0, NULL, NULL, 'N;'),
('Fees.FinanceFees.Create', 0, NULL, NULL, 'N;'),
('Fees.FinanceFees.Delete', 0, NULL, NULL, 'N;'),
('Fees.FinanceFees.Index', 0, NULL, NULL, 'N;'),
('Fees.FinanceFees.Paid', 0, NULL, NULL, 'N;'),
('Fees.FinanceFees.Payfees', 0, NULL, NULL, 'N;'),
('Fees.FinanceFees.Prec', 0, NULL, NULL, 'N;'),
('Fees.FinanceFees.Printreceipt', 0, NULL, NULL, 'N;'),
('Fees.FinanceFees.Sendsms', 0, NULL, NULL, 'N;'),
('Fees.FinanceFees.Unpaid', 0, NULL, NULL, 'N;'),
('Fees.FinanceFees.Unpaidpdf', 0, NULL, NULL, 'N;'),
('Fees.FinanceFees.Update', 0, NULL, NULL, 'N;'),
('Fees.FinanceFees.View', 0, NULL, NULL, 'N;'),
('FinanceFeeCategories.*', 1, NULL, NULL, 'N;'),
('FinanceFeeCategories.Index', 0, NULL, NULL, 'N;'),
('FinanceFeeCategories.ReturnForm', 0, NULL, NULL, 'N;'),
('FinanceFeeCategories.ReturnView', 0, NULL, NULL, 'N;'),
('FinanceFeeCategoriesCont.*', 1, NULL, NULL, 'N;'),
('FinanceFeeCategoriesCont.Additionalfees', 0, NULL, NULL, 'N;'),
('FinanceFeeCategoriesCont.Additionalview', 0, NULL, NULL, 'N;'),
('FinanceFeeCategoriesCont.Admin', 0, NULL, NULL, 'N;'),
('FinanceFeeCategoriesCont.Create', 0, NULL, NULL, 'N;'),
('FinanceFeeCategoriesCont.Delete', 0, NULL, NULL, 'N;'),
('FinanceFeeCategoriesCont.Index', 0, NULL, NULL, 'N;'),
('FinanceFeeCategoriesCont.Master', 0, NULL, NULL, 'N;'),
('FinanceFeeCategoriesCont.Update', 0, NULL, NULL, 'N;'),
('FinanceFeeCategoriesCont.View', 0, NULL, NULL, 'N;'),
('FinanceFeeCollections.*', 1, NULL, NULL, 'N;'),
('FinanceFeeCollections.Index', 0, NULL, NULL, 'N;'),
('FinanceFeeCollections.ReturnForm', 0, NULL, NULL, 'N;'),
('FinanceFeeCollections.ReturnView', 0, NULL, NULL, 'N;'),
('FinanceFeeParticulars.*', 1, NULL, NULL, 'N;'),
('FinanceFeeParticulars.Index', 0, NULL, NULL, 'N;'),
('FinanceFeeParticulars.ReturnForm', 0, NULL, NULL, 'N;'),
('FinanceFeeParticulars.ReturnView', 0, NULL, NULL, 'N;'),
('FinanceFeeParticularsCont.*', 1, NULL, NULL, 'N;'),
('FinanceFeeParticularsCont.Admin', 0, NULL, NULL, 'N;'),
('FinanceFeeParticularsCont.Create', 0, NULL, NULL, 'N;'),
('FinanceFeeParticularsCont.Delete', 0, NULL, NULL, 'N;'),
('FinanceFeeParticularsCont.Index', 0, NULL, NULL, 'N;'),
('FinanceFeeParticularsCont.Manage', 0, NULL, NULL, 'N;'),
('FinanceFeeParticularsCont.Update', 0, NULL, NULL, 'N;'),
('FinanceFeeParticularsCont.View', 0, NULL, NULL, 'N;'),
('FinanceFees.*', 1, NULL, NULL, 'N;'),
('FinanceFees.Admin', 0, NULL, NULL, 'N;'),
('FinanceFees.Create', 0, NULL, NULL, 'N;'),
('FinanceFees.Delete', 0, NULL, NULL, 'N;'),
('FinanceFees.Index', 0, NULL, NULL, 'N;'),
('FinanceFees.Payfees', 0, NULL, NULL, 'N;'),
('FinanceFees.Update', 0, NULL, NULL, 'N;'),
('FinanceFees.View', 0, NULL, NULL, 'N;'),
('Hostel.Allotment.*', 1, NULL, NULL, 'N;'),
('Hostel.Allotment.Admin', 0, NULL, NULL, 'N;'),
('Hostel.Allotment.Alloterror', 0, NULL, NULL, 'N;'),
('Hostel.Allotment.Create', 0, NULL, NULL, 'N;'),
('Hostel.Allotment.Delete', 0, NULL, NULL, 'N;'),
('Hostel.Allotment.Index', 0, NULL, NULL, 'N;'),
('Hostel.Allotment.Roominfo', 0, NULL, NULL, 'N;'),
('Hostel.Allotment.Update', 0, NULL, NULL, 'N;'),
('Hostel.Allotment.View', 0, NULL, NULL, 'N;'),
('Hostel.Default.*', 1, NULL, NULL, 'N;'),
('Hostel.Default.Index', 0, NULL, NULL, 'N;'),
('Hostel.Floor.*', 1, NULL, NULL, 'N;'),
('Hostel.Floor.Admin', 0, NULL, NULL, 'N;'),
('Hostel.Floor.Create', 0, NULL, NULL, 'N;'),
('Hostel.Floor.Delete', 0, NULL, NULL, 'N;'),
('Hostel.Floor.Index', 0, NULL, NULL, 'N;'),
('Hostel.Floor.Manage', 0, NULL, NULL, 'N;'),
('Hostel.Floor.Update', 0, NULL, NULL, 'N;'),
('Hostel.Floor.View', 0, NULL, NULL, 'N;'),
('Hostel.FoodInfo.*', 1, NULL, NULL, 'N;'),
('Hostel.FoodInfo.Admin', 0, NULL, NULL, 'N;'),
('Hostel.FoodInfo.Create', 0, NULL, NULL, 'N;'),
('Hostel.FoodInfo.Delete', 0, NULL, NULL, 'N;'),
('Hostel.FoodInfo.Deleteall', 0, NULL, NULL, 'N;'),
('Hostel.FoodInfo.Index', 0, NULL, NULL, 'N;'),
('Hostel.FoodInfo.Manage', 0, NULL, NULL, 'N;'),
('Hostel.FoodInfo.Update', 0, NULL, NULL, 'N;'),
('Hostel.FoodInfo.View', 0, NULL, NULL, 'N;'),
('Hostel.Hosteldetails.*', 1, NULL, NULL, 'N;'),
('Hostel.Hosteldetails.Admin', 0, NULL, NULL, 'N;'),
('Hostel.Hosteldetails.Create', 0, NULL, NULL, 'N;'),
('Hostel.Hosteldetails.Delete', 0, NULL, NULL, 'N;'),
('Hostel.Hosteldetails.Deleteall', 0, NULL, NULL, 'N;'),
('Hostel.Hosteldetails.Index', 0, NULL, NULL, 'N;'),
('Hostel.Hosteldetails.Manage', 0, NULL, NULL, 'N;'),
('Hostel.Hosteldetails.Update', 0, NULL, NULL, 'N;'),
('Hostel.Hosteldetails.View', 0, NULL, NULL, 'N;'),
('Hostel.MessFee.*', 1, NULL, NULL, 'N;'),
('Hostel.MessFee.Admin', 0, NULL, NULL, 'N;'),
('Hostel.MessFee.Create', 0, NULL, NULL, 'N;'),
('Hostel.MessFee.Delete', 0, NULL, NULL, 'N;'),
('Hostel.MessFee.Index', 0, NULL, NULL, 'N;'),
('Hostel.MessFee.Update', 0, NULL, NULL, 'N;'),
('Hostel.MessFee.View', 0, NULL, NULL, 'N;'),
('Hostel.MessManage.*', 1, NULL, NULL, 'N;'),
('Hostel.MessManage.Admin', 0, NULL, NULL, 'N;'),
('Hostel.MessManage.Create', 0, NULL, NULL, 'N;'),
('Hostel.MessManage.Delete', 0, NULL, NULL, 'N;'),
('Hostel.MessManage.Index', 0, NULL, NULL, 'N;'),
('Hostel.MessManage.Manage', 0, NULL, NULL, 'N;'),
('Hostel.MessManage.MessDetails', 0, NULL, NULL, 'N;'),
('Hostel.MessManage.MessInfo', 0, NULL, NULL, 'N;'),
('Hostel.MessManage.Payfees', 0, NULL, NULL, 'N;'),
('Hostel.MessManage.Print', 0, NULL, NULL, 'N;'),
('Hostel.MessManage.Update', 0, NULL, NULL, 'N;'),
('Hostel.MessManage.View', 0, NULL, NULL, 'N;'),
('Hostel.Registration.*', 1, NULL, NULL, 'N;'),
('Hostel.Registration.Admin', 0, NULL, NULL, 'N;'),
('Hostel.Registration.Autocomplete', 0, NULL, NULL, 'N;'),
('Hostel.Registration.Change', 0, NULL, NULL, 'N;'),
('Hostel.Registration.Create', 0, NULL, NULL, 'N;'),
('Hostel.Registration.Delete', 0, NULL, NULL, 'N;'),
('Hostel.Registration.Error', 0, NULL, NULL, 'N;'),
('Hostel.Registration.Index', 0, NULL, NULL, 'N;'),
('Hostel.Registration.Messchange', 0, NULL, NULL, 'N;'),
('Hostel.Registration.Save', 0, NULL, NULL, 'N;'),
('Hostel.Registration.Update', 0, NULL, NULL, 'N;'),
('Hostel.Registration.View', 0, NULL, NULL, 'N;'),
('Hostel.Registration.Warning', 0, NULL, NULL, 'N;'),
('Hostel.Room.*', 1, NULL, NULL, 'N;'),
('Hostel.Room.Admin', 0, NULL, NULL, 'N;'),
('Hostel.Room.Allot', 0, NULL, NULL, 'N;'),
('Hostel.Room.Autocomplete', 0, NULL, NULL, 'N;'),
('Hostel.Room.Change', 0, NULL, NULL, 'N;'),
('Hostel.Room.Create', 0, NULL, NULL, 'N;'),
('Hostel.Room.Delete', 0, NULL, NULL, 'N;'),
('Hostel.Room.Error', 0, NULL, NULL, 'N;'),
('Hostel.Room.Index', 0, NULL, NULL, 'N;'),
('Hostel.Room.Manage', 0, NULL, NULL, 'N;'),
('Hostel.Room.Roomchange', 0, NULL, NULL, 'N;'),
('Hostel.Room.Roomlist', 0, NULL, NULL, 'N;'),
('Hostel.Room.Roomrequest', 0, NULL, NULL, 'N;'),
('Hostel.Room.Roomsearch', 0, NULL, NULL, 'N;'),
('Hostel.Room.Update', 0, NULL, NULL, 'N;'),
('Hostel.Room.View', 0, NULL, NULL, 'N;'),
('Hostel.RoomDetails.*', 1, NULL, NULL, 'N;'),
('Hostel.RoomDetails.Admin', 0, NULL, NULL, 'N;'),
('Hostel.RoomDetails.Create', 0, NULL, NULL, 'N;'),
('Hostel.RoomDetails.Delete', 0, NULL, NULL, 'N;'),
('Hostel.RoomDetails.Index', 0, NULL, NULL, 'N;'),
('Hostel.RoomDetails.Manage', 0, NULL, NULL, 'N;'),
('Hostel.RoomDetails.Update', 0, NULL, NULL, 'N;'),
('Hostel.RoomDetails.View', 0, NULL, NULL, 'N;'),
('Hostel.Roomrequest.*', 1, NULL, NULL, 'N;'),
('Hostel.Roomrequest.Admin', 0, NULL, NULL, 'N;'),
('Hostel.Roomrequest.Create', 0, NULL, NULL, 'N;'),
('Hostel.Roomrequest.Delete', 0, NULL, NULL, 'N;'),
('Hostel.Roomrequest.Index', 0, NULL, NULL, 'N;'),
('Hostel.Roomrequest.Update', 0, NULL, NULL, 'N;'),
('Hostel.Roomrequest.View', 0, NULL, NULL, 'N;'),
('Hostel.Settings.*', 1, NULL, NULL, 'N;'),
('Hostel.Settings.Admin', 0, NULL, NULL, 'N;'),
('Hostel.Settings.Create', 0, NULL, NULL, 'N;'),
('Hostel.Settings.Delete', 0, NULL, NULL, 'N;'),
('Hostel.Settings.Index', 0, NULL, NULL, 'N;'),
('Hostel.Settings.Notifications', 0, NULL, NULL, 'N;'),
('Hostel.Settings.Remind', 0, NULL, NULL, 'N;'),
('Hostel.Settings.Settings', 0, NULL, NULL, 'N;'),
('Hostel.Settings.Update', 0, NULL, NULL, 'N;'),
('Hostel.Settings.View', 0, NULL, NULL, 'N;'),
('Hostel.Vacate.*', 1, NULL, NULL, 'N;'),
('Hostel.Vacate.Admin', 0, NULL, NULL, 'N;'),
('Hostel.Vacate.Autocomplete', 0, NULL, NULL, 'N;'),
('Hostel.Vacate.Create', 0, NULL, NULL, 'N;'),
('Hostel.Vacate.Delete', 0, NULL, NULL, 'N;'),
('Hostel.Vacate.Index', 0, NULL, NULL, 'N;'),
('Hostel.Vacate.Roomvacate', 0, NULL, NULL, 'N;'),
('Hostel.Vacate.Update', 0, NULL, NULL, 'N;'),
('Hostel.Vacate.View', 0, NULL, NULL, 'N;'),
('Importcsv.Default.*', 1, NULL, NULL, 'N;'),
('Importcsv.Default.Index', 0, NULL, NULL, 'N;'),
('Importcsv.Default.Upload', 0, NULL, NULL, 'N;'),
('Importcsv.DefaultControl.*', 1, NULL, NULL, 'N;'),
('Importcsv.DefaultControl.ImportGoogleContacts', 0, NULL, NULL, 'N;'),
('Importcsv.DefaultControl.Index', 0, NULL, NULL, 'N;'),
('Importcsv.DefaultControl.Upload', 0, NULL, NULL, 'N;'),
('Inbox.Default.*', 1, NULL, NULL, 'N;'),
('Inbox.Default.Index', 0, NULL, NULL, 'N;'),
('Inbox.Default.New', 0, NULL, NULL, 'N;'),
('Inbox.Default.View', 0, NULL, NULL, 'N;'),
('Install.Default.*', 1, NULL, NULL, 'N;'),
('Install.Default.DownloadEnvironment', 0, NULL, NULL, 'N;'),
('Install.Default.Htaccess', 0, NULL, NULL, 'N;'),
('Install.Default.Index', 0, NULL, NULL, 'N;'),
('Install.Default.Step1', 0, NULL, NULL, 'N;'),
('Install.Default.Step2', 0, NULL, NULL, 'N;'),
('Install.Default.Step3', 0, NULL, NULL, 'N;'),
('Install.Default.Step4', 0, NULL, NULL, 'N;'),
('Install.Default.Step44', 0, NULL, NULL, 'N;'),
('Install.Default.Step5', 0, NULL, NULL, 'N;'),
('Leads.*', 1, NULL, NULL, 'N;'),
('Leads.Add', 0, NULL, NULL, 'N;'),
('Leads.Admin', 0, NULL, NULL, 'N;'),
('Leads.Assesments', 0, NULL, NULL, 'N;'),
('Leads.Attentance', 0, NULL, NULL, 'N;'),
('Leads.Batch', 0, NULL, NULL, 'N;'),
('Leads.Create', 0, NULL, NULL, 'N;'),
('Leads.Delete', 0, NULL, NULL, 'N;'),
('Leads.Events', 0, NULL, NULL, 'N;'),
('Leads.Index', 0, NULL, NULL, 'N;'),
('Leads.Manage', 0, NULL, NULL, 'N;'),
('Leads.Savesearch', 0, NULL, NULL, 'N;'),
('Leads.Update', 0, NULL, NULL, 'N;'),
('Leads.View', 0, NULL, NULL, 'N;'),
('Leads.Website', 0, NULL, NULL, 'N;'),
('librarian', 2, 'librarian', NULL, 'N;'),
('Library.Authors.*', 1, NULL, NULL, 'N;'),
('Library.Authors.Authordetails', 0, NULL, NULL, 'N;'),
('Library.Authors.Index', 0, NULL, NULL, 'N;'),
('Library.Authors.ReturnForm', 0, NULL, NULL, 'N;'),
('Library.Authors.ReturnView', 0, NULL, NULL, 'N;'),
('Library.Book.*', 1, NULL, NULL, 'N;'),
('Library.Book.Admin', 0, NULL, NULL, 'N;'),
('Library.Book.Allbooks', 0, NULL, NULL, 'N;'),
('Library.Book.Autocomplete', 0, NULL, NULL, 'N;'),
('Library.Book.Autocomplete1', 0, NULL, NULL, 'N;'),
('Library.Book.Bookdetails', 0, NULL, NULL, 'N;'),
('Library.Book.Booklist', 0, NULL, NULL, 'N;'),
('Library.Book.BookSearch', 0, NULL, NULL, 'N;'),
('Library.Book.Create', 0, NULL, NULL, 'N;'),
('Library.Book.Delete', 0, NULL, NULL, 'N;'),
('Library.Book.Index', 0, NULL, NULL, 'N;'),
('Library.Book.Manage', 0, NULL, NULL, 'N;'),
('Library.Book.Remove', 0, NULL, NULL, 'N;'),
('Library.Book.Subjects', 0, NULL, NULL, 'N;'),
('Library.Book.Update', 0, NULL, NULL, 'N;'),
('Library.Book.View', 0, NULL, NULL, 'N;'),
('Library.BookFine.*', 1, NULL, NULL, 'N;'),
('Library.BookFine.Admin', 0, NULL, NULL, 'N;'),
('Library.BookFine.Create', 0, NULL, NULL, 'N;'),
('Library.BookFine.Delete', 0, NULL, NULL, 'N;'),
('Library.BookFine.Index', 0, NULL, NULL, 'N;'),
('Library.BookFine.Update', 0, NULL, NULL, 'N;'),
('Library.BookFine.View', 0, NULL, NULL, 'N;'),
('Library.BorrowBook.*', 1, NULL, NULL, 'N;'),
('Library.BorrowBook.Admin', 0, NULL, NULL, 'N;'),
('Library.BorrowBook.Autocomplete', 0, NULL, NULL, 'N;'),
('Library.BorrowBook.Create', 0, NULL, NULL, 'N;'),
('Library.BorrowBook.Delete', 0, NULL, NULL, 'N;'),
('Library.BorrowBook.Error', 0, NULL, NULL, 'N;'),
('Library.BorrowBook.Index', 0, NULL, NULL, 'N;'),
('Library.BorrowBook.ListBook', 0, NULL, NULL, 'N;'),
('Library.BorrowBook.Remind', 0, NULL, NULL, 'N;'),
('Library.BorrowBook.Studentdetails', 0, NULL, NULL, 'N;'),
('Library.BorrowBook.Update', 0, NULL, NULL, 'N;'),
('Library.BorrowBook.View', 0, NULL, NULL, 'N;'),
('Library.Category.*', 1, NULL, NULL, 'N;'),
('Library.Category.Admin', 0, NULL, NULL, 'N;'),
('Library.Category.Create', 0, NULL, NULL, 'N;'),
('Library.Category.Delete', 0, NULL, NULL, 'N;'),
('Library.Category.Index', 0, NULL, NULL, 'N;'),
('Library.Category.Update', 0, NULL, NULL, 'N;'),
('Library.Category.View', 0, NULL, NULL, 'N;'),
('Library.Default.*', 1, NULL, NULL, 'N;'),
('Library.Default.Index', 0, NULL, NULL, 'N;'),
('Library.Publication.*', 1, NULL, NULL, 'N;'),
('Library.Publication.Admin', 0, NULL, NULL, 'N;'),
('Library.Publication.Create', 0, NULL, NULL, 'N;'),
('Library.Publication.Delete', 0, NULL, NULL, 'N;'),
('Library.Publication.Index', 0, NULL, NULL, 'N;'),
('Library.Publication.Update', 0, NULL, NULL, 'N;'),
('Library.Publication.View', 0, NULL, NULL, 'N;'),
('Library.ReturnBook.*', 1, NULL, NULL, 'N;'),
('Library.ReturnBook.Admin', 0, NULL, NULL, 'N;'),
('Library.ReturnBook.Create', 0, NULL, NULL, 'N;'),
('Library.ReturnBook.Delete', 0, NULL, NULL, 'N;'),
('Library.ReturnBook.Index', 0, NULL, NULL, 'N;'),
('Library.ReturnBook.Manage', 0, NULL, NULL, 'N;'),
('Library.ReturnBook.Returnbook', 0, NULL, NULL, 'N;'),
('Library.ReturnBook.Update', 0, NULL, NULL, 'N;'),
('Library.ReturnBook.View', 0, NULL, NULL, 'N;'),
('Library.Settings.*', 1, NULL, NULL, 'N;'),
('Library.Settings.Admin', 0, NULL, NULL, 'N;'),
('Library.Settings.Create', 0, NULL, NULL, 'N;'),
('Library.Settings.Delete', 0, NULL, NULL, 'N;'),
('Library.Settings.Index', 0, NULL, NULL, 'N;'),
('Library.Settings.Remind', 0, NULL, NULL, 'N;'),
('Library.Settings.Sendsms', 0, NULL, NULL, 'N;'),
('Library.Settings.Settings', 0, NULL, NULL, 'N;'),
('Library.Settings.Update', 0, NULL, NULL, 'N;'),
('Library.Settings.View', 0, NULL, NULL, 'N;'),
('Mailbox.Ajax.*', 1, NULL, NULL, 'N;'),
('Mailbox.Ajax.Auto', 0, NULL, NULL, 'N;'),
('Mailbox.Default.*', 1, NULL, NULL, 'N;'),
('Mailbox.Default.Index', 0, NULL, NULL, 'N;'),
('Mailbox.Groups.*', 1, NULL, NULL, 'N;'),
('Mailbox.Groups.Admin', 0, NULL, NULL, 'N;'),
('Mailbox.Groups.Create', 0, NULL, NULL, 'N;'),
('Mailbox.Groups.Delete', 0, NULL, NULL, 'N;'),
('Mailbox.Groups.Index', 0, NULL, NULL, 'N;'),
('Mailbox.Groups.Message', 0, NULL, NULL, 'N;'),
('Mailbox.Groups.Messagedetails', 0, NULL, NULL, 'N;'),
('Mailbox.Groups.Update', 0, NULL, NULL, 'N;'),
('Mailbox.Groups.View', 0, NULL, NULL, 'N;'),
('Mailbox.Message.*', 1, NULL, NULL, 'N;'),
('Mailbox.Message.Admin', 0, NULL, NULL, 'N;'),
('Mailbox.Message.Create', 0, NULL, NULL, 'N;'),
('Mailbox.Message.Data', 0, NULL, NULL, 'N;'),
('Mailbox.Message.Ddel', 0, NULL, NULL, 'N;'),
('Mailbox.Message.Del', 0, NULL, NULL, 'N;'),
('Mailbox.Message.Delete', 0, NULL, NULL, 'N;'),
('Mailbox.Message.Fdel', 0, NULL, NULL, 'N;'),
('Mailbox.Message.Folder', 0, NULL, NULL, 'N;'),
('Mailbox.Message.Forward', 0, NULL, NULL, 'N;'),
('Mailbox.Message.Inbox', 0, NULL, NULL, 'N;'),
('Mailbox.Message.Index', 0, NULL, NULL, 'N;'),
('Mailbox.Message.Message', 0, NULL, NULL, 'N;'),
('Mailbox.Message.New', 0, NULL, NULL, 'N;'),
('Mailbox.Message.Newgroup', 0, NULL, NULL, 'N;'),
('Mailbox.Message.Reply', 0, NULL, NULL, 'N;'),
('Mailbox.Message.Sdel', 0, NULL, NULL, 'N;'),
('Mailbox.Message.Sent', 0, NULL, NULL, 'N;'),
('Mailbox.Message.Sentitems', 0, NULL, NULL, 'N;'),
('Mailbox.Message.Sentmessage', 0, NULL, NULL, 'N;'),
('Mailbox.Message.Star', 0, NULL, NULL, 'N;'),
('Mailbox.Message.Stardel', 0, NULL, NULL, 'N;'),
('Mailbox.Message.Starred', 0, NULL, NULL, 'N;'),
('Mailbox.Message.Trash', 0, NULL, NULL, 'N;'),
('Mailbox.Message.Unstar', 0, NULL, NULL, 'N;'),
('Mailbox.Message.Update', 0, NULL, NULL, 'N;'),
('Mailbox.Message.Ustar', 0, NULL, NULL, 'N;'),
('Mailbox.Message.View', 0, NULL, NULL, 'N;'),
('Mailbox.News.*', 1, NULL, NULL, 'N;'),
('Mailbox.News.Index', 0, NULL, NULL, 'N;'),
('Mailbox.News.Info', 0, NULL, NULL, 'N;'),
('Mailbox.User.*', 1, NULL, NULL, 'N;'),
('Mailbox.User.Admin', 0, NULL, NULL, 'N;'),
('Mailbox.User.Create', 0, NULL, NULL, 'N;'),
('Mailbox.User.Data', 0, NULL, NULL, 'N;'),
('Mailbox.User.Delete', 0, NULL, NULL, 'N;'),
('Mailbox.User.Draft', 0, NULL, NULL, 'N;'),
('Mailbox.User.Events', 0, NULL, NULL, 'N;'),
('Mailbox.User.Folder', 0, NULL, NULL, 'N;'),
('Mailbox.User.Folders', 0, NULL, NULL, 'N;'),
('Mailbox.User.Forward', 0, NULL, NULL, 'N;'),
('Mailbox.User.Inbox', 0, NULL, NULL, 'N;'),
('Mailbox.User.Inboxbottom', 0, NULL, NULL, 'N;'),
('Mailbox.User.Inboxmessage', 0, NULL, NULL, 'N;'),
('Mailbox.User.Inboxtask', 0, NULL, NULL, 'N;'),
('Mailbox.User.Index', 0, NULL, NULL, 'N;'),
('Mailbox.User.Patientprofile', 0, NULL, NULL, 'N;'),
('Mailbox.User.Sentitems', 0, NULL, NULL, 'N;'),
('Mailbox.User.Star', 0, NULL, NULL, 'N;'),
('Mailbox.User.Taskdetails', 0, NULL, NULL, 'N;'),
('Mailbox.User.Update', 0, NULL, NULL, 'N;'),
('Mailbox.User.View', 0, NULL, NULL, 'N;'),
('Mailbox.Userfolder.*', 1, NULL, NULL, 'N;'),
('Mailbox.Userfolder.Admin', 0, NULL, NULL, 'N;'),
('Mailbox.Userfolder.Create', 0, NULL, NULL, 'N;'),
('Mailbox.Userfolder.Delete', 0, NULL, NULL, 'N;'),
('Mailbox.Userfolder.Index', 0, NULL, NULL, 'N;'),
('Mailbox.Userfolder.Update', 0, NULL, NULL, 'N;'),
('Mailbox.Userfolder.View', 0, NULL, NULL, 'N;'),
('Mailbox_.Default.*', 1, NULL, NULL, 'N;'),
('Mailbox_.Default.Index', 0, NULL, NULL, 'N;'),
('Mailbox_.Groups.*', 1, NULL, NULL, 'N;'),
('Mailbox_.Groups.Admin', 0, NULL, NULL, 'N;'),
('Mailbox_.Groups.Create', 0, NULL, NULL, 'N;'),
('Mailbox_.Groups.Delete', 0, NULL, NULL, 'N;'),
('Mailbox_.Groups.Index', 0, NULL, NULL, 'N;'),
('Mailbox_.Groups.Message', 0, NULL, NULL, 'N;'),
('Mailbox_.Groups.Messagedetails', 0, NULL, NULL, 'N;'),
('Mailbox_.Groups.Update', 0, NULL, NULL, 'N;'),
('Mailbox_.Groups.View', 0, NULL, NULL, 'N;'),
('Mailbox_.Message.*', 1, NULL, NULL, 'N;'),
('Mailbox_.Message.Admin', 0, NULL, NULL, 'N;'),
('Mailbox_.Message.Create', 0, NULL, NULL, 'N;'),
('Mailbox_.Message.Data', 0, NULL, NULL, 'N;'),
('Mailbox_.Message.Ddel', 0, NULL, NULL, 'N;'),
('Mailbox_.Message.Del', 0, NULL, NULL, 'N;'),
('Mailbox_.Message.Delete', 0, NULL, NULL, 'N;'),
('Mailbox_.Message.Fdel', 0, NULL, NULL, 'N;'),
('Mailbox_.Message.Folder', 0, NULL, NULL, 'N;'),
('Mailbox_.Message.Forward', 0, NULL, NULL, 'N;'),
('Mailbox_.Message.Index', 0, NULL, NULL, 'N;'),
('Mailbox_.Message.Message', 0, NULL, NULL, 'N;'),
('Mailbox_.Message.Reply', 0, NULL, NULL, 'N;'),
('Mailbox_.Message.Sdel', 0, NULL, NULL, 'N;'),
('Mailbox_.Message.Sentitems', 0, NULL, NULL, 'N;'),
('Mailbox_.Message.Sentmessage', 0, NULL, NULL, 'N;'),
('Mailbox_.Message.Star', 0, NULL, NULL, 'N;'),
('Mailbox_.Message.Stardel', 0, NULL, NULL, 'N;'),
('Mailbox_.Message.Starred', 0, NULL, NULL, 'N;'),
('Mailbox_.Message.Unstar', 0, NULL, NULL, 'N;'),
('Mailbox_.Message.Update', 0, NULL, NULL, 'N;'),
('Mailbox_.Message.Ustar', 0, NULL, NULL, 'N;'),
('Mailbox_.Message.View', 0, NULL, NULL, 'N;'),
('Mailbox_.User.*', 1, NULL, NULL, 'N;'),
('Mailbox_.User.Admin', 0, NULL, NULL, 'N;'),
('Mailbox_.User.Create', 0, NULL, NULL, 'N;'),
('Mailbox_.User.Data', 0, NULL, NULL, 'N;'),
('Mailbox_.User.Delete', 0, NULL, NULL, 'N;'),
('Mailbox_.User.Draft', 0, NULL, NULL, 'N;'),
('Mailbox_.User.Events', 0, NULL, NULL, 'N;'),
('Mailbox_.User.Folder', 0, NULL, NULL, 'N;'),
('Mailbox_.User.Folders', 0, NULL, NULL, 'N;'),
('Mailbox_.User.Forward', 0, NULL, NULL, 'N;'),
('Mailbox_.User.Inbox', 0, NULL, NULL, 'N;'),
('Mailbox_.User.Inboxbottom', 0, NULL, NULL, 'N;'),
('Mailbox_.User.Inboxmessage', 0, NULL, NULL, 'N;'),
('Mailbox_.User.Inboxtask', 0, NULL, NULL, 'N;'),
('Mailbox_.User.Index', 0, NULL, NULL, 'N;'),
('Mailbox_.User.Patientprofile', 0, NULL, NULL, 'N;'),
('Mailbox_.User.Sentitems', 0, NULL, NULL, 'N;'),
('Mailbox_.User.Star', 0, NULL, NULL, 'N;'),
('Mailbox_.User.Taskdetails', 0, NULL, NULL, 'N;'),
('Mailbox_.User.Update', 0, NULL, NULL, 'N;'),
('Mailbox_.User.View', 0, NULL, NULL, 'N;'),
('Mailbox_.Userfolder.*', 1, NULL, NULL, 'N;'),
('Mailbox_.Userfolder.Admin', 0, NULL, NULL, 'N;'),
('Mailbox_.Userfolder.Create', 0, NULL, NULL, 'N;'),
('Mailbox_.Userfolder.Delete', 0, NULL, NULL, 'N;'),
('Mailbox_.Userfolder.Index', 0, NULL, NULL, 'N;'),
('Mailbox_.Userfolder.Update', 0, NULL, NULL, 'N;'),
('Mailbox_.Userfolder.View', 0, NULL, NULL, 'N;'),
('Messages.Compose.*', 1, NULL, NULL, 'N;'),
('Messages.Compose.Compose', 0, NULL, NULL, 'N;'),
('Messages.Delete.*', 1, NULL, NULL, 'N;'),
('Messages.Delete.Delete', 0, NULL, NULL, 'N;'),
('Messages.Inbox.*', 1, NULL, NULL, 'N;'),
('Messages.Inbox.Inbox', 0, NULL, NULL, 'N;'),
('Messages.Index.*', 1, NULL, NULL, 'N;'),
('Messages.Index.Index', 0, NULL, NULL, 'N;'),
('Messages.Sent.*', 1, NULL, NULL, 'N;'),
('Messages.Sent.Sent', 0, NULL, NULL, 'N;'),
('Messages.Suggest.*', 1, NULL, NULL, 'N;'),
('Messages.Suggest.User', 0, NULL, NULL, 'N;'),
('Messages.View.*', 1, NULL, NULL, 'N;'),
('Messages.View.View', 0, NULL, NULL, 'N;'),
('parent', 2, 'For parent Portal', NULL, 'N;'),
('Parentportal.Default.*', 1, NULL, NULL, 'N;'),
('Parentportal.Default.Attendance', 0, NULL, NULL, 'N;'),
('Parentportal.Default.Attendance1', 0, NULL, NULL, 'N;'),
('Parentportal.Default.Eventlist', 0, NULL, NULL, 'N;'),
('Parentportal.Default.Events', 0, NULL, NULL, 'N;'),
('Parentportal.Default.Exams', 0, NULL, NULL, 'N;'),
('Parentportal.Default.Fees', 0, NULL, NULL, 'N;'),
('Parentportal.Default.Index', 0, NULL, NULL, 'N;'),
('Parentportal.Default.Leftside', 0, NULL, NULL, 'N;'),
('Parentportal.Default.Messages', 0, NULL, NULL, 'N;'),
('Parentportal.Default.Newmessage', 0, NULL, NULL, 'N;'),
('Parentportal.Default.Profile', 0, NULL, NULL, 'N;'),
('Parentportal.Default.Reports', 0, NULL, NULL, 'N;'),
('Parentportal.Default.Studentprofile', 0, NULL, NULL, 'N;'),
('Parentportal.Default.View', 0, NULL, NULL, 'N;'),
('Parentportal.Default.Viewmessage', 0, NULL, NULL, 'N;'),
('Report.Default.*', 1, NULL, NULL, 'N;'),
('Report.Default.Advancedreport', 0, NULL, NULL, 'N;'),
('Report.Default.Assessment', 0, NULL, NULL, 'N;'),
('Report.Default.Assessmentpdf', 0, NULL, NULL, 'N;'),
('Report.Default.Batch', 0, NULL, NULL, 'N;'),
('Report.Default.Batchname', 0, NULL, NULL, 'N;'),
('Report.Default.Empindividualpdf', 0, NULL, NULL, 'N;'),
('Report.Default.Employeeattendance', 0, NULL, NULL, 'N;'),
('Report.Default.Empmonthlypdf', 0, NULL, NULL, 'N;'),
('Report.Default.Empoverallpdf', 0, NULL, NULL, 'N;'),
('Report.Default.Empyearlypdf', 0, NULL, NULL, 'N;'),
('Report.Default.Index', 0, NULL, NULL, 'N;'),
('Report.Default.Studentattendance', 0, NULL, NULL, 'N;'),
('Report.Default.Studentexam', 0, NULL, NULL, 'N;'),
('Report.Default.Studentexampdf', 0, NULL, NULL, 'N;'),
('Report.Default.Studentindividualpdf', 0, NULL, NULL, 'N;'),
('Report.Default.Studentmonthlypdf', 0, NULL, NULL, 'N;'),
('Report.Default.Studentoverallpdf', 0, NULL, NULL, 'N;'),
('Report.Default.Studentyearlypdf', 0, NULL, NULL, 'N;'),
('Reports.*', 1, NULL, NULL, 'N;'),
('Reports.Add', 0, NULL, NULL, 'N;'),
('Reports.Admin', 0, NULL, NULL, 'N;'),
('Reports.Assesments', 0, NULL, NULL, 'N;'),
('Reports.Attentance', 0, NULL, NULL, 'N;'),
('Reports.Batch', 0, NULL, NULL, 'N;'),
('Reports.Create', 0, NULL, NULL, 'N;'),
('Reports.Delete', 0, NULL, NULL, 'N;'),
('Reports.Events', 0, NULL, NULL, 'N;'),
('Reports.Index', 0, NULL, NULL, 'N;'),
('Reports.Manage', 0, NULL, NULL, 'N;'),
('Reports.Savesearch', 0, NULL, NULL, 'N;'),
('Reports.Update', 0, NULL, NULL, 'N;'),
('Reports.View', 0, NULL, NULL, 'N;'),
('Reports.Website', 0, NULL, NULL, 'N;'),
('Rights1.Assignment.*', 1, NULL, NULL, 'N;'),
('Rights1.Assignment.Revoke', 0, NULL, NULL, 'N;'),
('Rights1.Assignment.User', 0, NULL, NULL, 'N;'),
('Rights1.Assignment.View', 0, NULL, NULL, 'N;'),
('Rights1.AuthItem.*', 1, NULL, NULL, 'N;'),
('Rights1.AuthItem.Assign', 0, NULL, NULL, 'N;'),
('Rights1.AuthItem.Create', 0, NULL, NULL, 'N;'),
('Rights1.AuthItem.Delete', 0, NULL, NULL, 'N;'),
('Rights1.AuthItem.Generate', 0, NULL, NULL, 'N;'),
('Rights1.AuthItem.Operations', 0, NULL, NULL, 'N;'),
('Rights1.AuthItem.Permissions', 0, NULL, NULL, 'N;'),
('Rights1.AuthItem.RemoveChild', 0, NULL, NULL, 'N;'),
('Rights1.AuthItem.Revoke', 0, NULL, NULL, 'N;'),
('Rights1.AuthItem.Roles', 0, NULL, NULL, 'N;'),
('Rights1.AuthItem.Sortable', 0, NULL, NULL, 'N;');
INSERT INTO `authitem` (`name`, `type`, `description`, `bizrule`, `data`) VALUES
('Rights1.AuthItem.Tasks', 0, NULL, NULL, 'N;'),
('Rights1.AuthItem.Update', 0, NULL, NULL, 'N;'),
('Rights1.Install.*', 1, NULL, NULL, 'N;'),
('Rights1.Install.Confirm', 0, NULL, NULL, 'N;'),
('Rights1.Install.Error', 0, NULL, NULL, 'N;'),
('Rights1.Install.Ready', 0, NULL, NULL, 'N;'),
('Rights1.Install.Run', 0, NULL, NULL, 'N;'),
('Rights12.Assignment.*', 1, NULL, NULL, 'N;'),
('Rights12.Assignment.Revoke', 0, NULL, NULL, 'N;'),
('Rights12.Assignment.User', 0, NULL, NULL, 'N;'),
('Rights12.Assignment.View', 0, NULL, NULL, 'N;'),
('Rights12.AuthItem.*', 1, NULL, NULL, 'N;'),
('Rights12.AuthItem.Assign', 0, NULL, NULL, 'N;'),
('Rights12.AuthItem.Create', 0, NULL, NULL, 'N;'),
('Rights12.AuthItem.Delete', 0, NULL, NULL, 'N;'),
('Rights12.AuthItem.Generate', 0, NULL, NULL, 'N;'),
('Rights12.AuthItem.Operations', 0, NULL, NULL, 'N;'),
('Rights12.AuthItem.Permissions', 0, NULL, NULL, 'N;'),
('Rights12.AuthItem.RemoveChild', 0, NULL, NULL, 'N;'),
('Rights12.AuthItem.Revoke', 0, NULL, NULL, 'N;'),
('Rights12.AuthItem.Roles', 0, NULL, NULL, 'N;'),
('Rights12.AuthItem.Sortable', 0, NULL, NULL, 'N;'),
('Rights12.AuthItem.Tasks', 0, NULL, NULL, 'N;'),
('Rights12.AuthItem.Update', 0, NULL, NULL, 'N;'),
('Rights12.Install.*', 1, NULL, NULL, 'N;'),
('Rights12.Install.Confirm', 0, NULL, NULL, 'N;'),
('Rights12.Install.Ready', 0, NULL, NULL, 'N;'),
('Rights12.Install.Run', 0, NULL, NULL, 'N;'),
('Savedsearches.*', 1, NULL, NULL, 'N;'),
('Savedsearches.Addnew', 0, NULL, NULL, 'N;'),
('Savedsearches.Admin', 0, NULL, NULL, 'N;'),
('Savedsearches.Create', 0, NULL, NULL, 'N;'),
('Savedsearches.Delete', 0, NULL, NULL, 'N;'),
('Savedsearches.Deleteemp', 0, NULL, NULL, 'N;'),
('Savedsearches.Deletestudent', 0, NULL, NULL, 'N;'),
('Savedsearches.Index', 0, NULL, NULL, 'N;'),
('Savedsearches.Update', 0, NULL, NULL, 'N;'),
('Savedsearches.View', 0, NULL, NULL, 'N;'),
('Site.*', 1, NULL, NULL, 'N;'),
('Site.Autocomplete', 0, NULL, NULL, 'N;'),
('Site.Bookmark', 0, NULL, NULL, 'N;'),
('Site.Contact', 0, NULL, NULL, 'N;'),
('Site.Emanage', 0, NULL, NULL, 'N;'),
('Site.Employeeautocomplete', 0, NULL, NULL, 'N;'),
('Site.Error', 0, NULL, NULL, 'N;'),
('Site.Explorer', 0, NULL, NULL, 'N;'),
('Site.Index', 0, NULL, NULL, 'N;'),
('Site.Login', 0, NULL, NULL, 'N;'),
('Site.Logout', 0, NULL, NULL, 'N;'),
('Site.Manage', 0, NULL, NULL, 'N;'),
('Site.Parentautocomplete', 0, NULL, NULL, 'N;'),
('Site.Parentemailcomplete', 0, NULL, NULL, 'N;'),
('Site.Search', 0, NULL, NULL, 'N;'),
('Site.Student', 0, NULL, NULL, 'N;'),
('SmsSettings.*', 1, NULL, NULL, 'N;'),
('SmsSettings.Admin', 0, NULL, NULL, 'N;'),
('SmsSettings.Create', 0, NULL, NULL, 'N;'),
('SmsSettings.Delete', 0, NULL, NULL, 'N;'),
('SmsSettings.Index', 0, NULL, NULL, 'N;'),
('SmsSettings.Update', 0, NULL, NULL, 'N;'),
('SmsSettings.View', 0, NULL, NULL, 'N;'),
('Store.BuyProduct.*', 1, NULL, NULL, 'N;'),
('Store.BuyProduct.Admin', 0, NULL, NULL, 'N;'),
('Store.BuyProduct.Autocomplete', 0, NULL, NULL, 'N;'),
('Store.BuyProduct.Create', 0, NULL, NULL, 'N;'),
('Store.BuyProduct.Delete', 0, NULL, NULL, 'N;'),
('Store.BuyProduct.Index', 0, NULL, NULL, 'N;'),
('Store.BuyProduct.Studentdetails', 0, NULL, NULL, 'N;'),
('Store.BuyProduct.Update', 0, NULL, NULL, 'N;'),
('Store.BuyProduct.View', 0, NULL, NULL, 'N;'),
('Store.Default.*', 1, NULL, NULL, 'N;'),
('Store.Default.Index', 0, NULL, NULL, 'N;'),
('Store.ProductSearch.*', 1, NULL, NULL, 'N;'),
('Store.ProductSearch.Admin', 0, NULL, NULL, 'N;'),
('Store.ProductSearch.Create', 0, NULL, NULL, 'N;'),
('Store.ProductSearch.Delete', 0, NULL, NULL, 'N;'),
('Store.ProductSearch.Index', 0, NULL, NULL, 'N;'),
('Store.ProductSearch.Update', 0, NULL, NULL, 'N;'),
('Store.ProductSearch.View', 0, NULL, NULL, 'N;'),
('Store.StoreCategory.*', 1, NULL, NULL, 'N;'),
('Store.StoreCategory.Index', 0, NULL, NULL, 'N;'),
('Store.StoreCategory.ReturnForm', 0, NULL, NULL, 'N;'),
('Store.StoreCategory.ReturnView', 0, NULL, NULL, 'N;'),
('Store.StoreProduct.*', 1, NULL, NULL, 'N;'),
('Store.StoreProduct.Admin', 0, NULL, NULL, 'N;'),
('Store.StoreProduct.Create', 0, NULL, NULL, 'N;'),
('Store.StoreProduct.Delete', 0, NULL, NULL, 'N;'),
('Store.StoreProduct.Index', 0, NULL, NULL, 'N;'),
('Store.StoreProduct.Manage', 0, NULL, NULL, 'N;'),
('Store.StoreProduct.Update', 0, NULL, NULL, 'N;'),
('Store.StoreProduct.View', 0, NULL, NULL, 'N;'),
('Store.StoreProducts.*', 1, NULL, NULL, 'N;'),
('Store.StoreProducts.Index', 0, NULL, NULL, 'N;'),
('Store.StoreProducts.ReturnForm', 0, NULL, NULL, 'N;'),
('Store.StoreProducts.ReturnView', 0, NULL, NULL, 'N;'),
('student', 2, 'For student Portal', NULL, 'N;'),
('Studentportal.Default.*', 1, NULL, NULL, 'N;'),
('Studentportal.Default.Attendance', 0, NULL, NULL, 'N;'),
('Studentportal.Default.Eventlist', 0, NULL, NULL, 'N;'),
('Studentportal.Default.Exams', 0, NULL, NULL, 'N;'),
('Studentportal.Default.Fees', 0, NULL, NULL, 'N;'),
('Studentportal.Default.Index', 0, NULL, NULL, 'N;'),
('Studentportal.Default.Leftside', 0, NULL, NULL, 'N;'),
('Studentportal.Default.Messages', 0, NULL, NULL, 'N;'),
('Studentportal.Default.Profile', 0, NULL, NULL, 'N;'),
('Studentportal.Default.Reports', 0, NULL, NULL, 'N;'),
('Studentportal.Default.Timetable', 0, NULL, NULL, 'N;'),
('Studentportal.Default.View', 0, NULL, NULL, 'N;'),
('Studentportal.Default.Viewmessage', 0, NULL, NULL, 'N;'),
('Students.Default.*', 1, NULL, NULL, 'N;'),
('Students.Default.Index', 0, NULL, NULL, 'N;'),
('Students.Guardians.*', 1, NULL, NULL, 'N;'),
('Students.Guardians.Addguardian', 0, NULL, NULL, 'N;'),
('Students.Guardians.Admin', 0, NULL, NULL, 'N;'),
('Students.Guardians.Create', 0, NULL, NULL, 'N;'),
('Students.Guardians.Delete', 0, NULL, NULL, 'N;'),
('Students.Guardians.Index', 0, NULL, NULL, 'N;'),
('Students.Guardians.Update', 0, NULL, NULL, 'N;'),
('Students.Guardians.View', 0, NULL, NULL, 'N;'),
('Students.Savedsearches.*', 1, NULL, NULL, 'N;'),
('Students.Savedsearches.Addnew', 0, NULL, NULL, 'N;'),
('Students.Savedsearches.Admin', 0, NULL, NULL, 'N;'),
('Students.Savedsearches.Create', 0, NULL, NULL, 'N;'),
('Students.Savedsearches.Delete', 0, NULL, NULL, 'N;'),
('Students.Savedsearches.Index', 0, NULL, NULL, 'N;'),
('Students.Savedsearches.Update', 0, NULL, NULL, 'N;'),
('Students.Savedsearches.View', 0, NULL, NULL, 'N;'),
('Students.StudentAdditionalFields.*', 1, NULL, NULL, 'N;'),
('Students.StudentAdditionalFields.Admin', 0, NULL, NULL, 'N;'),
('Students.StudentAdditionalFields.Create', 0, NULL, NULL, 'N;'),
('Students.StudentAdditionalFields.Delete', 0, NULL, NULL, 'N;'),
('Students.StudentAdditionalFields.Index', 0, NULL, NULL, 'N;'),
('Students.StudentAdditionalFields.Update', 0, NULL, NULL, 'N;'),
('Students.StudentAdditionalFields.View', 0, NULL, NULL, 'N;'),
('Students.StudentAttentance.*', 1, NULL, NULL, 'N;'),
('Students.StudentAttentance.Addnew', 0, NULL, NULL, 'N;'),
('Students.StudentAttentance.Admin', 0, NULL, NULL, 'N;'),
('Students.StudentAttentance.Attentancepdf', 0, NULL, NULL, 'N;'),
('Students.StudentAttentance.Attentstud', 0, NULL, NULL, 'N;'),
('Students.StudentAttentance.Create', 0, NULL, NULL, 'N;'),
('Students.StudentAttentance.Delete', 0, NULL, NULL, 'N;'),
('Students.StudentAttentance.DeleteLeave', 0, NULL, NULL, 'N;'),
('Students.StudentAttentance.EditLeave', 0, NULL, NULL, 'N;'),
('Students.StudentAttentance.Index', 0, NULL, NULL, 'N;'),
('Students.StudentAttentance.Pdf', 0, NULL, NULL, 'N;'),
('Students.StudentAttentance.Pdf1', 0, NULL, NULL, 'N;'),
('Students.StudentAttentance.Studentattendancepdf', 0, NULL, NULL, 'N;'),
('Students.StudentAttentance.Studentpdf', 0, NULL, NULL, 'N;'),
('Students.StudentAttentance.Update', 0, NULL, NULL, 'N;'),
('Students.StudentAttentance.View', 0, NULL, NULL, 'N;'),
('Students.StudentCategories.*', 1, NULL, NULL, 'N;'),
('Students.StudentCategories.Admin', 0, NULL, NULL, 'N;'),
('Students.StudentCategories.Create', 0, NULL, NULL, 'N;'),
('Students.StudentCategories.Delete', 0, NULL, NULL, 'N;'),
('Students.StudentCategories.Index', 0, NULL, NULL, 'N;'),
('Students.StudentCategories.Update', 0, NULL, NULL, 'N;'),
('Students.StudentCategories.View', 0, NULL, NULL, 'N;'),
('Students.StudentCategory.*', 1, NULL, NULL, 'N;'),
('Students.StudentCategory.Index', 0, NULL, NULL, 'N;'),
('Students.StudentCategory.ReturnForm', 0, NULL, NULL, 'N;'),
('Students.StudentCategory.ReturnView', 0, NULL, NULL, 'N;'),
('Students.StudentLeave.*', 1, NULL, NULL, 'N;'),
('Students.StudentLeave.Index', 0, NULL, NULL, 'N;'),
('Students.StudentLeave.ReturnForm', 0, NULL, NULL, 'N;'),
('Students.StudentLeave.ReturnView', 0, NULL, NULL, 'N;'),
('Students.StudentPreviousDatas.*', 1, NULL, NULL, 'N;'),
('Students.StudentPreviousDatas.Admin', 0, NULL, NULL, 'N;'),
('Students.StudentPreviousDatas.Create', 0, NULL, NULL, 'N;'),
('Students.StudentPreviousDatas.Delete', 0, NULL, NULL, 'N;'),
('Students.StudentPreviousDatas.Index', 0, NULL, NULL, 'N;'),
('Students.StudentPreviousDatas.Update', 0, NULL, NULL, 'N;'),
('Students.StudentPreviousDatas.View', 0, NULL, NULL, 'N;'),
('Students.Students.*', 1, NULL, NULL, 'N;'),
('Students.Students.Active', 0, NULL, NULL, 'N;'),
('Students.Students.Add', 0, NULL, NULL, 'N;'),
('Students.Students.Admin', 0, NULL, NULL, 'N;'),
('Students.Students.Assesments', 0, NULL, NULL, 'N;'),
('Students.Students.Attentance', 0, NULL, NULL, 'N;'),
('Students.Students.Batch', 0, NULL, NULL, 'N;'),
('Students.Students.Create', 0, NULL, NULL, 'N;'),
('Students.Students.Delete', 0, NULL, NULL, 'N;'),
('Students.Students.Deletes', 0, NULL, NULL, 'N;'),
('Students.Students.DisplaySavedImage', 0, NULL, NULL, 'N;'),
('Students.Students.Events', 0, NULL, NULL, 'N;'),
('Students.Students.Fees', 0, NULL, NULL, 'N;'),
('Students.Students.Inactive', 0, NULL, NULL, 'N;'),
('Students.Students.Index', 0, NULL, NULL, 'N;'),
('Students.Students.Manage', 0, NULL, NULL, 'N;'),
('Students.Students.Payfees', 0, NULL, NULL, 'N;'),
('Students.Students.Pdf', 0, NULL, NULL, 'N;'),
('Students.Students.Printpdf', 0, NULL, NULL, 'N;'),
('Students.Students.Remove', 0, NULL, NULL, 'N;'),
('Students.Students.Savesearch', 0, NULL, NULL, 'N;'),
('Students.Students.Search', 0, NULL, NULL, 'N;'),
('Students.Students.Update', 0, NULL, NULL, 'N;'),
('Students.Students.View', 0, NULL, NULL, 'N;'),
('Students.Students.Website', 0, NULL, NULL, 'N;'),
('teacher', 2, 'For teachers portal', NULL, 'N;'),
('Teachersportal.Default.*', 1, NULL, NULL, 'N;'),
('Teachersportal.Default.Addnew', 0, NULL, NULL, 'N;'),
('Teachersportal.Default.Addscores', 0, NULL, NULL, 'N;'),
('Teachersportal.Default.AllExam', 0, NULL, NULL, 'N;'),
('Teachersportal.Default.Attendance', 0, NULL, NULL, 'N;'),
('Teachersportal.Default.Attendance2', 0, NULL, NULL, 'N;'),
('Teachersportal.Default.Attendance3', 0, NULL, NULL, 'N;'),
('Teachersportal.Default.ClassExam', 0, NULL, NULL, 'N;'),
('Teachersportal.Default.Delete', 0, NULL, NULL, 'N;'),
('Teachersportal.Default.Deleteall', 0, NULL, NULL, 'N;'),
('Teachersportal.Default.DeleteLeave', 0, NULL, NULL, 'N;'),
('Teachersportal.Default.EditLeave', 0, NULL, NULL, 'N;'),
('Teachersportal.Default.EmployeeAttendance', 0, NULL, NULL, 'N;'),
('Teachersportal.Default.EmployeeTimetable', 0, NULL, NULL, 'N;'),
('Teachersportal.Default.Eventlist', 0, NULL, NULL, 'N;'),
('Teachersportal.Default.Examination', 0, NULL, NULL, 'N;'),
('Teachersportal.Default.Index', 0, NULL, NULL, 'N;'),
('Teachersportal.Default.Messages', 0, NULL, NULL, 'N;'),
('Teachersportal.Default.Profile', 0, NULL, NULL, 'N;'),
('Teachersportal.Default.StudentAttendance', 0, NULL, NULL, 'N;'),
('Teachersportal.Default.StudentTimetable', 0, NULL, NULL, 'N;'),
('Teachersportal.Default.Timetable', 0, NULL, NULL, 'N;'),
('Teachersportal.Default.Update', 0, NULL, NULL, 'N;'),
('Teachersportal.Default.View', 0, NULL, NULL, 'N;'),
('Timetable.ClassTiming.*', 1, NULL, NULL, 'N;'),
('Timetable.ClassTiming.Index', 0, NULL, NULL, 'N;'),
('Timetable.ClassTiming.ReturnForm', 0, NULL, NULL, 'N;'),
('Timetable.ClassTiming.ReturnView', 0, NULL, NULL, 'N;'),
('Timetable.Default.*', 1, NULL, NULL, 'N;'),
('Timetable.Default.Index', 0, NULL, NULL, 'N;'),
('Timetable.TimetableEntries.*', 1, NULL, NULL, 'N;'),
('Timetable.TimetableEntries.Admin', 0, NULL, NULL, 'N;'),
('Timetable.TimetableEntries.Create', 0, NULL, NULL, 'N;'),
('Timetable.TimetableEntries.Delete', 0, NULL, NULL, 'N;'),
('Timetable.TimetableEntries.Dynamiccities', 0, NULL, NULL, 'N;'),
('Timetable.TimetableEntries.Index', 0, NULL, NULL, 'N;'),
('Timetable.TimetableEntries.Remove', 0, NULL, NULL, 'N;'),
('Timetable.TimetableEntries.Settime', 0, NULL, NULL, 'N;'),
('Timetable.TimetableEntries.Update', 0, NULL, NULL, 'N;'),
('Timetable.TimetableEntries.View', 0, NULL, NULL, 'N;'),
('Timetable.view.*', 1, NULL, NULL, 'N;'),
('Timetable.view.Index', 0, NULL, NULL, 'N;'),
('Timetable.view.ReturnForm', 0, NULL, NULL, 'N;'),
('Timetable.view.ReturnView', 0, NULL, NULL, 'N;'),
('Timetable.Weekdays.*', 1, NULL, NULL, 'N;'),
('Timetable.Weekdays.Addnew', 0, NULL, NULL, 'N;'),
('Timetable.Weekdays.Admin', 0, NULL, NULL, 'N;'),
('Timetable.Weekdays.Batch', 0, NULL, NULL, 'N;'),
('Timetable.Weekdays.Batchname', 0, NULL, NULL, 'N;'),
('Timetable.Weekdays.Create', 0, NULL, NULL, 'N;'),
('Timetable.Weekdays.Delete', 0, NULL, NULL, 'N;'),
('Timetable.Weekdays.Exportpdf', 0, NULL, NULL, 'N;'),
('Timetable.Weekdays.Fulltimetable', 0, NULL, NULL, 'N;'),
('Timetable.Weekdays.Index', 0, NULL, NULL, 'N;'),
('Timetable.Weekdays.Pdf', 0, NULL, NULL, 'N;'),
('Timetable.Weekdays.Publish', 0, NULL, NULL, 'N;'),
('Timetable.Weekdays.Timetable', 0, NULL, NULL, 'N;'),
('Timetable.Weekdays.Update', 0, NULL, NULL, 'N;'),
('Timetable.Weekdays.View', 0, NULL, NULL, 'N;'),
('Translate.Edit.*', 1, NULL, NULL, 'N;'),
('Translate.Edit.Admin', 0, NULL, NULL, 'N;'),
('Translate.Edit.Create', 0, NULL, NULL, 'N;'),
('Translate.Edit.Delete', 0, NULL, NULL, 'N;'),
('Translate.Edit.Missing', 0, NULL, NULL, 'N;'),
('Translate.Edit.Missingdelete', 0, NULL, NULL, 'N;'),
('Translate.Edit.Update', 0, NULL, NULL, 'N;'),
('Translate.Translate.*', 1, NULL, NULL, 'N;'),
('Translate.Translate.Index', 0, NULL, NULL, 'N;'),
('Transport.BusLog.*', 1, NULL, NULL, 'N;'),
('Transport.BusLog.Admin', 0, NULL, NULL, 'N;'),
('Transport.BusLog.Create', 0, NULL, NULL, 'N;'),
('Transport.BusLog.Delete', 0, NULL, NULL, 'N;'),
('Transport.BusLog.Index', 0, NULL, NULL, 'N;'),
('Transport.BusLog.Manage', 0, NULL, NULL, 'N;'),
('Transport.BusLog.Update', 0, NULL, NULL, 'N;'),
('Transport.BusLog.View', 0, NULL, NULL, 'N;'),
('Transport.Default.*', 1, NULL, NULL, 'N;'),
('Transport.Default.Index', 0, NULL, NULL, 'N;'),
('Transport.DriverDetails.*', 1, NULL, NULL, 'N;'),
('Transport.DriverDetails.Admin', 0, NULL, NULL, 'N;'),
('Transport.DriverDetails.Assign', 0, NULL, NULL, 'N;'),
('Transport.DriverDetails.Create', 0, NULL, NULL, 'N;'),
('Transport.DriverDetails.Delete', 0, NULL, NULL, 'N;'),
('Transport.DriverDetails.Deletedetails', 0, NULL, NULL, 'N;'),
('Transport.DriverDetails.Error', 0, NULL, NULL, 'N;'),
('Transport.DriverDetails.Index', 0, NULL, NULL, 'N;'),
('Transport.DriverDetails.Manage', 0, NULL, NULL, 'N;'),
('Transport.DriverDetails.Update', 0, NULL, NULL, 'N;'),
('Transport.DriverDetails.View', 0, NULL, NULL, 'N;'),
('Transport.FuelConsumption.*', 1, NULL, NULL, 'N;'),
('Transport.FuelConsumption.Admin', 0, NULL, NULL, 'N;'),
('Transport.FuelConsumption.Create', 0, NULL, NULL, 'N;'),
('Transport.FuelConsumption.Delete', 0, NULL, NULL, 'N;'),
('Transport.FuelConsumption.Index', 0, NULL, NULL, 'N;'),
('Transport.FuelConsumption.Update', 0, NULL, NULL, 'N;'),
('Transport.FuelConsumption.View', 0, NULL, NULL, 'N;'),
('Transport.RouteDetails.*', 1, NULL, NULL, 'N;'),
('Transport.RouteDetails.Admin', 0, NULL, NULL, 'N;'),
('Transport.RouteDetails.Create', 0, NULL, NULL, 'N;'),
('Transport.RouteDetails.Delete', 0, NULL, NULL, 'N;'),
('Transport.RouteDetails.Deletedetails', 0, NULL, NULL, 'N;'),
('Transport.RouteDetails.Index', 0, NULL, NULL, 'N;'),
('Transport.RouteDetails.Manage', 0, NULL, NULL, 'N;'),
('Transport.RouteDetails.Routedetails', 0, NULL, NULL, 'N;'),
('Transport.RouteDetails.Update', 0, NULL, NULL, 'N;'),
('Transport.RouteDetails.View', 0, NULL, NULL, 'N;'),
('Transport.StopDetails.*', 1, NULL, NULL, 'N;'),
('Transport.StopDetails.Admin', 0, NULL, NULL, 'N;'),
('Transport.StopDetails.Create', 0, NULL, NULL, 'N;'),
('Transport.StopDetails.Delete', 0, NULL, NULL, 'N;'),
('Transport.StopDetails.Edit', 0, NULL, NULL, 'N;'),
('Transport.StopDetails.Index', 0, NULL, NULL, 'N;'),
('Transport.StopDetails.Manage', 0, NULL, NULL, 'N;'),
('Transport.StopDetails.Remove', 0, NULL, NULL, 'N;'),
('Transport.StopDetails.RemoveAll', 0, NULL, NULL, 'N;'),
('Transport.StopDetails.Update', 0, NULL, NULL, 'N;'),
('Transport.StopDetails.View', 0, NULL, NULL, 'N;'),
('Transport.Transportation.*', 1, NULL, NULL, 'N;'),
('Transport.Transportation.Admin', 0, NULL, NULL, 'N;'),
('Transport.Transportation.Autocomplete', 0, NULL, NULL, 'N;'),
('Transport.Transportation.Autocomplete1', 0, NULL, NULL, 'N;'),
('Transport.Transportation.Create', 0, NULL, NULL, 'N;'),
('Transport.Transportation.Delete', 0, NULL, NULL, 'N;'),
('Transport.Transportation.Error', 0, NULL, NULL, 'N;'),
('Transport.Transportation.Index', 0, NULL, NULL, 'N;'),
('Transport.Transportation.Payfees', 0, NULL, NULL, 'N;'),
('Transport.Transportation.Print', 0, NULL, NULL, 'N;'),
('Transport.Transportation.Reallot', 0, NULL, NULL, 'N;'),
('Transport.Transportation.Remove', 0, NULL, NULL, 'N;'),
('Transport.Transportation.Routes', 0, NULL, NULL, 'N;'),
('Transport.Transportation.Save', 0, NULL, NULL, 'N;'),
('Transport.Transportation.Settings', 0, NULL, NULL, 'N;'),
('Transport.Transportation.Studentsearch', 0, NULL, NULL, 'N;'),
('Transport.Transportation.Update', 0, NULL, NULL, 'N;'),
('Transport.Transportation.View', 0, NULL, NULL, 'N;'),
('Transport.Transportation.Viewall', 0, NULL, NULL, 'N;'),
('Transport.Transportation.Warning', 0, NULL, NULL, 'N;'),
('Transport.VehicleDetails.*', 1, NULL, NULL, 'N;'),
('Transport.VehicleDetails.Admin', 0, NULL, NULL, 'N;'),
('Transport.VehicleDetails.Create', 0, NULL, NULL, 'N;'),
('Transport.VehicleDetails.Delete', 0, NULL, NULL, 'N;'),
('Transport.VehicleDetails.Deletedetails', 0, NULL, NULL, 'N;'),
('Transport.VehicleDetails.Index', 0, NULL, NULL, 'N;'),
('Transport.VehicleDetails.Manage', 0, NULL, NULL, 'N;'),
('Transport.VehicleDetails.Update', 0, NULL, NULL, 'N;'),
('Transport.VehicleDetails.View', 0, NULL, NULL, 'N;'),
('User.*', 1, NULL, NULL, 'N;'),
('User.Activation.*', 1, NULL, NULL, 'N;'),
('User.Activation.Activation', 0, NULL, NULL, 'N;'),
('User.Admin', 0, NULL, NULL, 'N;'),
('User.Admin.*', 1, NULL, NULL, 'N;'),
('User.Admin.Admin', 0, NULL, NULL, 'N;'),
('User.Admin.Create', 0, NULL, NULL, 'N;'),
('User.Admin.Delete', 0, NULL, NULL, 'N;'),
('User.Admin.Update', 0, NULL, NULL, 'N;'),
('User.Admin.View', 0, NULL, NULL, 'N;'),
('User.Create', 0, NULL, NULL, 'N;'),
('User.Default.*', 1, NULL, NULL, 'N;'),
('User.Default.Index', 0, NULL, NULL, 'N;'),
('User.Delete', 0, NULL, NULL, 'N;'),
('User.Index', 0, NULL, NULL, 'N;'),
('User.Login.*', 1, NULL, NULL, 'N;'),
('User.Login.Login', 0, NULL, NULL, 'N;'),
('User.Logout.*', 1, NULL, NULL, 'N;'),
('User.Logout.Logout', 0, NULL, NULL, 'N;'),
('User.Profile.*', 1, NULL, NULL, 'N;'),
('User.Profile.Changepassword', 0, NULL, NULL, 'N;'),
('User.Profile.Edit', 0, NULL, NULL, 'N;'),
('User.Profile.Profile', 0, NULL, NULL, 'N;'),
('User.ProfileField.*', 1, NULL, NULL, 'N;'),
('User.ProfileField.Admin', 0, NULL, NULL, 'N;'),
('User.ProfileField.Create', 0, NULL, NULL, 'N;'),
('User.ProfileField.Delete', 0, NULL, NULL, 'N;'),
('User.ProfileField.Update', 0, NULL, NULL, 'N;'),
('User.ProfileField.View', 0, NULL, NULL, 'N;'),
('User.Recovery.*', 1, NULL, NULL, 'N;'),
('User.Recovery.Recovery', 0, NULL, NULL, 'N;'),
('User.Registration.*', 1, NULL, NULL, 'N;'),
('User.Registration.Registration', 0, NULL, NULL, 'N;'),
('User.Update', 0, NULL, NULL, 'N;'),
('User.User.*', 1, NULL, NULL, 'N;'),
('User.User.Index', 0, NULL, NULL, 'N;'),
('User.User.View', 0, NULL, NULL, 'N;'),
('User.View', 0, NULL, NULL, 'N;'),
('UserSettings.*', 1, NULL, NULL, 'N;'),
('UserSettings.Admin', 0, NULL, NULL, 'N;'),
('UserSettings.Create', 0, NULL, NULL, 'N;'),
('UserSettings.Delete', 0, NULL, NULL, 'N;'),
('UserSettings.Index', 0, NULL, NULL, 'N;'),
('UserSettings.Update', 0, NULL, NULL, 'N;'),
('UserSettings.View', 0, NULL, NULL, 'N;');

-- --------------------------------------------------------

--
-- Table structure for table `authitemchild`
--

CREATE TABLE IF NOT EXISTS `authitemchild` (
  `parent` varchar(64) NOT NULL,
  `child` varchar(64) NOT NULL,
  PRIMARY KEY (`parent`,`child`),
  KEY `child` (`child`)
) ENGINE=InnoDB DEFAULT CHARSET=latin1;

--
-- Dumping data for table `authitemchild`
--

INSERT INTO `authitemchild` (`parent`, `child`) VALUES
('attendance manager', 'Attendance.Default.*'),
('exam', 'Attendance.Default.*'),
('exam', 'Attendance.Default.Index'),
('attendance manager', 'Attendance.EmployeeAttendances.*'),
('exam', 'Attendance.EmployeeAttendances.*'),
('exam', 'Attendance.EmployeeLeaveTypes.*'),
('attendance manager', 'Attendance.StudentAttentance.*'),
('exam', 'Attendance.StudentAttentance.*'),
('attendance manager', 'Attendances.*'),
('exam', 'Attendances.*'),
('exam', 'Attendances.Attentance'),
('exam', 'Attendances.Index'),
('parent', 'Cal.EventsType.*'),
('student', 'Cal.EventsType.*'),
('teacher', 'Cal.EventsType.*'),
('attendance manager', 'Configurations.*'),
('exam', 'Configurations.*'),
('librarian', 'Configurations.*'),
('attendance manager', 'Courses.*'),
('exam', 'Courses.*'),
('attendance manager', 'Courses.Batches.*'),
('exam', 'Courses.Batches.*'),
('exam', 'Courses.ClassTiming.*'),
('exam', 'Courses.ClassTimings.*'),
('parent', 'Courses.ClassTimings.Delete'),
('attendance manager', 'Courses.Courses.*'),
('exam', 'Courses.Courses.*'),
('exam', 'Courses.Default.*'),
('exam', 'Courses.Defaultsubjects.*'),
('attendance manager', 'Courses.StudentAttentance.*'),
('exam', 'Courses.Subjects.*'),
('exam', 'Courses.TimetableEntries.*'),
('student', 'Downloads.Students.*'),
('teacher', 'Downloads.Teachers.*'),
('exam', 'Examination.Default.*'),
('exam', 'Examination.Default.Index'),
('exam', 'Examination.Exam.*'),
('exam', 'Examination.Exam.Index'),
('exam', 'Examination.ExamGroups.*'),
('exam', 'Examination.Exams.*'),
('exam', 'Examination.ExamScores.*'),
('exam', 'Examination.GradingLevels.*'),
('student', 'Hostel.Allotment.*'),
('student', 'Hostel.Default.*'),
('student', 'Hostel.Floor.*'),
('student', 'Hostel.MessFee.*'),
('student', 'Hostel.MessManage.*'),
('student', 'Hostel.Registration.*'),
('student', 'Hostel.Room.*'),
('librarian', 'Library.Authors.*'),
('student', 'Library.Authors.*'),
('librarian', 'Library.Book.*'),
('student', 'Library.Book.*'),
('librarian', 'Library.BookFine.*'),
('librarian', 'Library.BorrowBook.*'),
('librarian', 'Library.Category.*'),
('librarian', 'Library.Default.*'),
('student', 'Library.Default.*'),
('librarian', 'Library.Publication.*'),
('librarian', 'Library.ReturnBook.*'),
('librarian', 'Library.Settings.*'),
('attendance manager', 'Mailbox.Ajax.*'),
('exam', 'Mailbox.Ajax.*'),
('librarian', 'Mailbox.Ajax.*'),
('parent', 'Mailbox.Ajax.*'),
('teacher', 'Mailbox.Ajax.*'),
('exam', 'Mailbox.Ajax.Auto'),
('parent', 'Mailbox.Ajax.Auto'),
('teacher', 'Mailbox.Ajax.Auto'),
('attendance manager', 'Mailbox.Default.*'),
('exam', 'Mailbox.Default.*'),
('librarian', 'Mailbox.Default.*'),
('parent', 'Mailbox.Default.*'),
('teacher', 'Mailbox.Default.*'),
('exam', 'Mailbox.Default.Index'),
('attendance manager', 'Mailbox.Groups.*'),
('exam', 'Mailbox.Groups.*'),
('librarian', 'Mailbox.Groups.*'),
('parent', 'Mailbox.Groups.*'),
('teacher', 'Mailbox.Groups.*'),
('exam', 'Mailbox.Groups.Create'),
('exam', 'Mailbox.Groups.Delete'),
('exam', 'Mailbox.Groups.Index'),
('exam', 'Mailbox.Groups.Message'),
('exam', 'Mailbox.Groups.Messagedetails'),
('exam', 'Mailbox.Groups.Update'),
('exam', 'Mailbox.Groups.View'),
('attendance manager', 'Mailbox.Message.*'),
('exam', 'Mailbox.Message.*'),
('librarian', 'Mailbox.Message.*'),
('parent', 'Mailbox.Message.*'),
('teacher', 'Mailbox.Message.*'),
('exam', 'Mailbox.Message.Admin'),
('exam', 'Mailbox.Message.Data'),
('exam', 'Mailbox.Message.Ddel'),
('exam', 'Mailbox.Message.Del'),
('exam', 'Mailbox.Message.Delete'),
('exam', 'Mailbox.Message.Fdel'),
('exam', 'Mailbox.Message.Forward'),
('exam', 'Mailbox.Message.Inbox'),
('parent', 'Mailbox.Message.Inbox'),
('teacher', 'Mailbox.Message.Inbox'),
('exam', 'Mailbox.Message.Index'),
('exam', 'Mailbox.Message.Message'),
('exam', 'Mailbox.Message.New'),
('parent', 'Mailbox.Message.New'),
('teacher', 'Mailbox.Message.New'),
('exam', 'Mailbox.Message.Reply'),
('parent', 'Mailbox.Message.Reply'),
('teacher', 'Mailbox.Message.Reply'),
('parent', 'Mailbox.Message.Sent'),
('teacher', 'Mailbox.Message.Sent'),
('exam', 'Mailbox.Message.Stardel'),
('exam', 'Mailbox.Message.Starred'),
('parent', 'Mailbox.Message.Trash'),
('teacher', 'Mailbox.Message.Trash'),
('exam', 'Mailbox.Message.Unstar'),
('exam', 'Mailbox.Message.Update'),
('exam', 'Mailbox.Message.Ustar'),
('exam', 'Mailbox.Message.View'),
('exam', 'Mailbox.News.*'),
('librarian', 'Mailbox.News.*'),
('parent', 'Mailbox.News.*'),
('teacher', 'Mailbox.News.*'),
('parent', 'Mailbox.News.Index'),
('teacher', 'Mailbox.News.Index'),
('parent', 'Mailbox.News.Info'),
('teacher', 'Mailbox.News.Info'),
('exam', 'Mailbox.User.*'),
('parent', 'Mailbox.User.*'),
('teacher', 'Mailbox.User.*'),
('exam', 'Mailbox.Userfolder.*'),
('exam', 'Mailbox_.Default.*'),
('exam', 'Mailbox_.Groups.*'),
('exam', 'Mailbox_.Message.*'),
('exam', 'Mailbox_.User.*'),
('exam', 'Mailbox_.Userfolder.*'),
('exam', 'Messages.Compose.*'),
('parent', 'Messages.Compose.*'),
('student', 'Messages.Compose.*'),
('teacher', 'Messages.Compose.*'),
('exam', 'Messages.Compose.Compose'),
('exam', 'Messages.Delete.*'),
('parent', 'Messages.Delete.*'),
('student', 'Messages.Delete.*'),
('teacher', 'Messages.Delete.*'),
('exam', 'Messages.Delete.Delete'),
('exam', 'Messages.Inbox.*'),
('parent', 'Messages.Inbox.*'),
('student', 'Messages.Inbox.*'),
('teacher', 'Messages.Inbox.*'),
('exam', 'Messages.Inbox.Inbox'),
('exam', 'Messages.Index.*'),
('librarian', 'Messages.Index.*'),
('parent', 'Messages.Index.*'),
('student', 'Messages.Index.*'),
('teacher', 'Messages.Index.*'),
('exam', 'Messages.Index.Index'),
('exam', 'Messages.Sent.*'),
('parent', 'Messages.Sent.*'),
('student', 'Messages.Sent.*'),
('teacher', 'Messages.Sent.*'),
('exam', 'Messages.Suggest.*'),
('parent', 'Messages.Suggest.*'),
('student', 'Messages.Suggest.*'),
('teacher', 'Messages.Suggest.*'),
('exam', 'Messages.Suggest.User'),
('exam', 'Messages.View.*'),
('parent', 'Messages.View.*'),
('student', 'Messages.View.*'),
('teacher', 'Messages.View.*'),
('exam', 'Messages.View.View'),
('student', 'parent'),
('parent', 'Parentportal.Default.*'),
('parent', 'Parentportal.Default.Attendance'),
('parent', 'Parentportal.Default.Events'),
('exam', 'Site.*'),
('student', 'Studentportal.Default.*'),
('student', 'Studentportal.Default.Attendance'),
('student', 'Studentportal.Default.Exams'),
('student', 'Studentportal.Default.Fees'),
('student', 'Studentportal.Default.Index'),
('student', 'Studentportal.Default.Leftside'),
('student', 'Studentportal.Default.Profile'),
('attendance manager', 'Students.Students.*'),
('parent', 'Students.Students.DisplaySavedImage'),
('student', 'Students.Students.DisplaySavedImage'),
('teacher', 'Teachersportal.Default.*'),
('teacher', 'Teachersportal.Default.Profile');

-- --------------------------------------------------------

--
-- Table structure for table `author`
--

CREATE TABLE IF NOT EXISTS `author` (
  `auth_id` int(11) NOT NULL AUTO_INCREMENT,
  `author_name` varchar(120) DEFAULT NULL,
  `desc` varchar(120) DEFAULT NULL,
  PRIMARY KEY (`auth_id`)
) ENGINE=InnoDB DEFAULT CHARSET=latin1 AUTO_INCREMENT=1 ;

-- --------------------------------------------------------

--
-- Table structure for table `bank_fields`
--

CREATE TABLE IF NOT EXISTS `bank_fields` (
  `id` int(11) NOT NULL AUTO_INCREMENT,
  `name` varchar(255) COLLATE utf8_unicode_ci DEFAULT NULL,
  `status` tinyint(1) DEFAULT NULL,
  PRIMARY KEY (`id`)
) ENGINE=InnoDB DEFAULT CHARSET=utf8 COLLATE=utf8_unicode_ci AUTO_INCREMENT=1 ;

-- --------------------------------------------------------

--
-- Table structure for table `batches`
--

CREATE TABLE IF NOT EXISTS `batches` (
  `id` int(11) NOT NULL AUTO_INCREMENT,
  `name` varchar(255) COLLATE utf8_unicode_ci DEFAULT NULL,
  `course_id` int(11) DEFAULT NULL,
  `start_date` datetime DEFAULT NULL,
  `end_date` datetime DEFAULT NULL,
  `is_active` tinyint(1) DEFAULT '1',
  `is_deleted` tinyint(1) DEFAULT '0',
  `employee_id` varchar(255) COLLATE utf8_unicode_ci DEFAULT NULL,
  PRIMARY KEY (`id`),
  KEY `course_id` (`course_id`)
) ENGINE=InnoDB  DEFAULT CHARSET=utf8 COLLATE=utf8_unicode_ci AUTO_INCREMENT=2 ;

--
-- Dumping data for table `batches`
--

INSERT INTO `batches` (`id`, `name`, `course_id`, `start_date`, `end_date`, `is_active`, `is_deleted`, `employee_id`) VALUES
(1, 'ASDF', 1, '2014-06-08 00:00:00', '2014-06-30 00:00:00', 1, 0, NULL);

-- --------------------------------------------------------

--
-- Table structure for table `batch_events`
--

CREATE TABLE IF NOT EXISTS `batch_events` (
  `id` int(11) NOT NULL AUTO_INCREMENT,
  `event_id` int(11) DEFAULT NULL,
  `batch_id` int(11) DEFAULT NULL,
  `created_at` datetime DEFAULT NULL,
  `updated_at` datetime DEFAULT NULL,
  PRIMARY KEY (`id`),
  KEY `index_batch_events_on_batch_id` (`batch_id`)
) ENGINE=InnoDB DEFAULT CHARSET=utf8 COLLATE=utf8_unicode_ci AUTO_INCREMENT=1 ;

-- --------------------------------------------------------

--
-- Table structure for table `batch_students`
--

CREATE TABLE IF NOT EXISTS `batch_students` (
  `student_id` int(11) DEFAULT NULL,
  `batch_id` int(11) DEFAULT NULL,
  KEY `index_batch_students_on_batch_id_and_student_id` (`batch_id`,`student_id`)
) ENGINE=InnoDB DEFAULT CHARSET=utf8 COLLATE=utf8_unicode_ci;

-- --------------------------------------------------------

--
-- Table structure for table `blog_user`
--

CREATE TABLE IF NOT EXISTS `blog_user` (
  `id` int(11) NOT NULL AUTO_INCREMENT,
  `username` varchar(128) NOT NULL,
  `password` varchar(128) NOT NULL,
  `salt` varchar(128) NOT NULL,
  `email` varchar(128) NOT NULL,
  `profile` text,
  PRIMARY KEY (`id`)
) ENGINE=InnoDB  DEFAULT CHARSET=utf8 AUTO_INCREMENT=9 ;

--
-- Dumping data for table `blog_user`
--

INSERT INTO `blog_user` (`id`, `username`, `password`, `salt`, `email`, `profile`) VALUES
(1, 'admin', '85086cc748169c4d55265e585629d958', '5046e9bf5e4df2.93692799', 'webmaster@example.com', NULL),
(2, 'demo', 'a7fd45bb0ce0674973bc3b904f4a2dee', '5056bcbae704d9.47098758', 'webmaster@example.com', NULL),
(3, 'ram', '5ddc82bb699005cbb82b1762b8bb5a38', '500cf2e141bde2.08684101', '', NULL),
(4, 'rajith', 'cf852905b22b19bd216c95c43d23e176', '4fdeff089fab28.09813984', '', NULL),
(5, 'matt', '30a7c56fbc249e46e9f6a4cb8674f426', '4fdf18e12548e0.06506305', '', NULL),
(7, 'anupama', 'f0bd34de82913a2b09ea5b5af2078648', '4fffcbadd7f048.52108473', '', NULL),
(8, 'rajithtrap', '5dcb44634bc3761eaabbe1a72f91aef9', '5028dd56ccaf68.55152489', '', NULL);

-- --------------------------------------------------------

--
-- Table structure for table `book`
--

CREATE TABLE IF NOT EXISTS `book` (
  `id` int(11) NOT NULL AUTO_INCREMENT,
  `isbn` varchar(120) DEFAULT NULL,
  `title` varchar(255) DEFAULT NULL,
  `subject` varchar(255) DEFAULT NULL,
  `category` varchar(255) DEFAULT NULL,
  `author` varchar(255) DEFAULT NULL,
  `edition` varchar(255) DEFAULT NULL,
  `publisher` varchar(255) DEFAULT NULL,
  `copy` int(255) DEFAULT NULL,
  `copy_taken` varchar(120) DEFAULT NULL,
  `book_position` varchar(120) DEFAULT NULL,
  `shelf_no` varchar(120) DEFAULT NULL,
  `date` date DEFAULT NULL,
  `status` varchar(120) DEFAULT NULL,
  `is_deleted` int(20) NOT NULL,
  PRIMARY KEY (`id`)
) ENGINE=InnoDB DEFAULT CHARSET=latin1 AUTO_INCREMENT=1 ;

-- --------------------------------------------------------

--
-- Table structure for table `book_fine`
--

CREATE TABLE IF NOT EXISTS `book_fine` (
  `id` int(11) NOT NULL AUTO_INCREMENT,
  `student_id` varchar(120) DEFAULT NULL,
  `book_id` varchar(120) DEFAULT NULL,
  `amount` varchar(120) DEFAULT NULL,
  PRIMARY KEY (`id`)
) ENGINE=InnoDB DEFAULT CHARSET=latin1 AUTO_INCREMENT=1 ;

-- --------------------------------------------------------

--
-- Table structure for table `borrow_book`
--

CREATE TABLE IF NOT EXISTS `borrow_book` (
  `id` int(11) NOT NULL AUTO_INCREMENT,
  `student_id` varchar(120) DEFAULT NULL,
  `book_name` varchar(120) DEFAULT NULL,
  `subject` varchar(120) DEFAULT NULL,
  `book_id` varchar(120) DEFAULT NULL,
  `issue_date` date DEFAULT NULL,
  `due_date` date DEFAULT NULL,
  `created` date DEFAULT NULL,
  `status` varchar(120) DEFAULT NULL,
  PRIMARY KEY (`id`)
) ENGINE=InnoDB DEFAULT CHARSET=latin1 AUTO_INCREMENT=1 ;

-- --------------------------------------------------------

--
-- Table structure for table `bus_log`
--

CREATE TABLE IF NOT EXISTS `bus_log` (
  `id` int(11) NOT NULL AUTO_INCREMENT,
  `vehicle_id` varchar(120) DEFAULT NULL,
  `start_time_reading` varchar(120) DEFAULT NULL,
  `end_time_reading` varchar(120) DEFAULT NULL,
  `fuel_consumption` varchar(120) DEFAULT NULL,
  PRIMARY KEY (`id`)
) ENGINE=InnoDB DEFAULT CHARSET=latin1 AUTO_INCREMENT=1 ;

-- --------------------------------------------------------

--
-- Table structure for table `buy_product`
--

CREATE TABLE IF NOT EXISTS `buy_product` (
  `id` int(11) NOT NULL AUTO_INCREMENT,
  `student_id` int(11) NOT NULL,
  `pr_name` varchar(200) NOT NULL,
  `pr_brand` varchar(200) NOT NULL,
  `pr_quantity` int(11) DEFAULT NULL,
  `product_id` int(11) NOT NULL,
  `issued_date` timestamp NOT NULL DEFAULT CURRENT_TIMESTAMP,
  PRIMARY KEY (`id`)
) ENGINE=InnoDB DEFAULT CHARSET=latin1 AUTO_INCREMENT=1 ;

-- --------------------------------------------------------

--
-- Table structure for table `category`
--

CREATE TABLE IF NOT EXISTS `category` (
  `cat_id` int(11) NOT NULL AUTO_INCREMENT,
  `cat_name` varchar(50) COLLATE utf8_unicode_ci DEFAULT NULL,
  PRIMARY KEY (`cat_id`),
  KEY `cat_id` (`cat_id`)
) ENGINE=MyISAM DEFAULT CHARSET=utf8 COLLATE=utf8_unicode_ci AUTO_INCREMENT=1 ;

-- --------------------------------------------------------

--
-- Table structure for table `class_timings`
--

CREATE TABLE IF NOT EXISTS `class_timings` (
  `id` int(11) NOT NULL AUTO_INCREMENT,
  `batch_id` int(11) DEFAULT NULL,
  `name` varchar(255) COLLATE utf8_unicode_ci DEFAULT NULL,
  `start_time` varchar(120) COLLATE utf8_unicode_ci DEFAULT NULL,
  `end_time` varchar(120) COLLATE utf8_unicode_ci DEFAULT NULL,
  `is_break` tinyint(1) DEFAULT NULL,
  PRIMARY KEY (`id`),
  KEY `index_class_timings_on_batch_id_and_start_time_and_end_time` (`batch_id`,`start_time`,`end_time`)
) ENGINE=InnoDB DEFAULT CHARSET=utf8 COLLATE=utf8_unicode_ci AUTO_INCREMENT=1 ;

-- --------------------------------------------------------

--
-- Table structure for table `cms_attachment`
--

CREATE TABLE IF NOT EXISTS `cms_attachment` (
  `id` int(10) unsigned NOT NULL AUTO_INCREMENT,
  `created` timestamp NOT NULL DEFAULT CURRENT_TIMESTAMP,
  `contentId` int(10) unsigned NOT NULL,
  `filename` varchar(255) NOT NULL,
  `extension` varchar(50) NOT NULL,
  `mimeType` varchar(255) NOT NULL,
  `byteSize` int(10) unsigned NOT NULL,
  PRIMARY KEY (`id`),
  KEY `contentId` (`contentId`)
) ENGINE=InnoDB DEFAULT CHARSET=utf8 AUTO_INCREMENT=1 ;

-- --------------------------------------------------------

--
-- Table structure for table `cms_content`
--

CREATE TABLE IF NOT EXISTS `cms_content` (
  `id` int(10) unsigned NOT NULL AUTO_INCREMENT,
  `nodeId` int(10) unsigned NOT NULL,
  `locale` varchar(50) NOT NULL,
  `heading` varchar(255) DEFAULT NULL,
  `body` longtext,
  `css` longtext,
  `url` varchar(255) DEFAULT NULL,
  `pageTitle` varchar(255) DEFAULT NULL,
  `breadcrumb` varchar(255) DEFAULT NULL,
  `metaTitle` varchar(255) DEFAULT NULL,
  `metaDescription` varchar(255) DEFAULT NULL,
  `metaKeywords` varchar(255) DEFAULT NULL,
  PRIMARY KEY (`id`),
  UNIQUE KEY `contentId_locale` (`nodeId`,`locale`)
) ENGINE=InnoDB DEFAULT CHARSET=utf8 AUTO_INCREMENT=1 ;

-- --------------------------------------------------------

--
-- Table structure for table `cms_node`
--

CREATE TABLE IF NOT EXISTS `cms_node` (
  `id` int(10) NOT NULL AUTO_INCREMENT,
  `created` timestamp NOT NULL DEFAULT CURRENT_TIMESTAMP,
  `updated` timestamp NULL DEFAULT NULL,
  `parentId` int(10) NOT NULL DEFAULT '0',
  `name` varchar(255) NOT NULL,
  `deleted` tinyint(4) NOT NULL DEFAULT '0',
  PRIMARY KEY (`id`),
  KEY `name_deleted` (`name`,`deleted`)
) ENGINE=InnoDB DEFAULT CHARSET=utf8 AUTO_INCREMENT=1 ;

-- --------------------------------------------------------

--
-- Table structure for table `configurations`
--

CREATE TABLE IF NOT EXISTS `configurations` (
  `id` int(11) NOT NULL AUTO_INCREMENT,
  `config_key` varchar(255) COLLATE utf8_unicode_ci DEFAULT NULL,
  `config_value` varchar(255) COLLATE utf8_unicode_ci DEFAULT NULL,
  PRIMARY KEY (`id`),
  KEY `index_configurations_on_config_key` (`config_key`(10)),
  KEY `index_configurations_on_config_value` (`config_value`(10))
) ENGINE=InnoDB  DEFAULT CHARSET=utf8 COLLATE=utf8_unicode_ci AUTO_INCREMENT=22 ;

--
-- Dumping data for table `configurations`
--

INSERT INTO `configurations` (`id`, `config_key`, `config_value`) VALUES
(1, 'InstitutionName', 'INTEGRATED NORTH HARBOR TRUCKERS ASSOCIATION'),
(2, 'InstitutionAddress', 'Commercial lot 2, road 10, tondo, manila'),
(3, 'InstitutionPhoneNo', '1234567890'),
(4, 'StudentAttendanceType', 'Daily'),
(5, 'CurrencyType', 'Indian'),
(6, 'Locale', 'en_us'),
(7, 'AdmissionNumberAutoIncrement', '1'),
(8, 'EmployeeNumberAutoIncrement', '1'),
(9, 'TotalSmsCount', NULL),
(10, 'AvailableModules', NULL),
(11, 'AvailableModules', NULL),
(12, 'NetworkState', 'Online'),
(13, 'FinancialYearStartDate', '06/01/2013'),
(14, 'FinancialYearEndDate', '06/01/2014'),
(15, 'AutomaticLeaveReset', NULL),
(16, 'LeaveResetPeriod', NULL),
(17, 'LastAutoLeaveReset', NULL),
(18, 'logo', '0'),
(19, 'date_format', NULL),
(20, 'time_format', NULL),
(21, 'welcome_message', '1');

-- --------------------------------------------------------

--
-- Table structure for table `countries`
--

CREATE TABLE IF NOT EXISTS `countries` (
  `id` int(11) NOT NULL AUTO_INCREMENT,
  `name` varchar(255) COLLATE utf8_unicode_ci DEFAULT NULL,
  PRIMARY KEY (`id`)
) ENGINE=InnoDB  DEFAULT CHARSET=utf8 COLLATE=utf8_unicode_ci AUTO_INCREMENT=196 ;

--
-- Dumping data for table `countries`
--

INSERT INTO `countries` (`id`, `name`) VALUES
(1, 'Afghanistan'),
(2, 'Albania'),
(3, 'Algeria'),
(4, 'Andorra'),
(5, 'Angola'),
(6, 'Antigua & Deps'),
(7, 'Argentina'),
(8, 'Armenia'),
(9, 'Australia'),
(10, 'Austria'),
(11, 'Azerbaijan'),
(12, 'Bahamas'),
(13, 'Bahrain'),
(14, 'Bangladesh'),
(15, 'Barbados'),
(16, 'Belarus'),
(17, 'Belgium'),
(18, 'Belize'),
(19, 'Benin'),
(20, 'Bhutan'),
(21, 'Bolivia'),
(22, 'Bosnia Herzegovina'),
(23, 'Botswana'),
(24, 'Brazil'),
(25, 'Brunei'),
(26, 'Bulgaria'),
(27, 'Burkina'),
(28, 'Burundi'),
(29, 'Cambodia'),
(30, 'Cameroon'),
(31, 'Canada'),
(32, 'Cape Verde'),
(33, 'Central African Rep'),
(34, 'Chad'),
(35, 'Chile'),
(36, 'China'),
(37, 'Colombia'),
(38, 'Comoros'),
(39, 'Congo'),
(40, 'Congo {Democratic Rep}'),
(41, 'Costa Rica'),
(42, 'Croatia'),
(43, 'Cuba'),
(44, 'Cyprus'),
(45, 'Czech Republic'),
(46, 'Denmark'),
(47, 'Djibouti'),
(48, 'Dominica'),
(49, 'Dominican Republic'),
(50, 'East Timor'),
(51, 'Ecuador'),
(52, 'Egypt'),
(53, 'El Salvador'),
(54, 'Equatorial Guinea'),
(55, 'Eritrea'),
(56, 'Estonia'),
(57, 'Ethiopia'),
(58, 'Fiji'),
(59, 'Finland'),
(60, 'France'),
(61, 'Gabon'),
(62, 'Gambia'),
(63, 'Georgia'),
(64, 'Germany'),
(65, 'Ghana'),
(66, 'Greece'),
(67, 'Grenada'),
(68, 'Guatemala'),
(69, 'Guinea'),
(70, 'Guinea-Bissau'),
(71, 'Guyana'),
(72, 'Haiti'),
(73, 'Honduras'),
(74, 'Hungary'),
(75, 'Iceland'),
(76, 'India'),
(77, 'Indonesia'),
(78, 'Iran'),
(79, 'Iraq'),
(80, 'Ireland {Republic}'),
(81, 'Israel'),
(82, 'Italy'),
(83, 'Ivory Coast'),
(84, 'Jamaica'),
(85, 'Japan'),
(86, 'Jordan'),
(87, 'Kazakhstan'),
(88, 'Kenya'),
(89, 'Kiribati'),
(90, 'Korea North'),
(91, 'Korea South'),
(92, 'Kosovo'),
(93, 'Kuwait'),
(94, 'Kyrgyzstan'),
(95, 'Laos'),
(96, 'Latvia'),
(97, 'Lebanon'),
(98, 'Lesotho'),
(99, 'Liberia'),
(100, 'Libya'),
(101, 'Liechtenstein'),
(102, 'Lithuania'),
(103, 'Luxembourg'),
(104, 'Macedonia'),
(105, 'Madagascar'),
(106, 'Malawi'),
(107, 'Malaysia'),
(108, 'Maldives'),
(109, 'Mali'),
(110, 'Malta'),
(111, 'Montenegro'),
(112, 'Marshall Islands'),
(113, 'Mauritania'),
(114, 'Mauritius'),
(115, 'Mexico'),
(116, 'Micronesia'),
(117, 'Moldova'),
(118, 'Monaco'),
(119, 'Mongolia'),
(120, 'Morocco'),
(121, 'Mozambique'),
(122, 'Myanmar, {Burma}'),
(123, 'Namibia'),
(124, 'Nauru'),
(125, 'Nepal'),
(126, 'Netherlands'),
(127, 'New Zealand'),
(128, 'Nicaragua'),
(129, 'Niger'),
(130, 'Nigeria'),
(131, 'Norway'),
(132, 'Oman'),
(133, 'Pakistan'),
(134, 'Palau'),
(135, 'Panama'),
(136, 'Papua New Guinea'),
(137, 'Paraguay'),
(138, 'Peru'),
(139, 'Philippines'),
(140, 'Poland'),
(141, 'Portugal'),
(142, 'Qatar'),
(143, 'Romania'),
(144, 'Russian Federation'),
(145, 'Rwanda'),
(146, 'St Kitts & Nevis'),
(147, 'St Lucia'),
(148, 'Saint Vincent & the Grenadines'),
(149, 'Samoa'),
(150, 'San Marino'),
(151, 'Sao Tome & Principe'),
(152, 'Saudi Arabia'),
(153, 'Senegal'),
(154, 'Serbia'),
(155, 'Seychelles'),
(156, 'Sierra Leone'),
(157, 'Singapore'),
(158, 'Slovakia'),
(159, 'Slovenia'),
(160, 'Solomon Islands'),
(161, 'Somalia'),
(162, 'South Africa'),
(163, 'Spain'),
(164, 'Sri Lanka'),
(165, 'Sudan'),
(166, 'Suriname'),
(167, 'Swaziland'),
(168, 'Sweden'),
(169, 'Switzerland'),
(170, 'Syria'),
(171, 'Taiwan'),
(172, 'Tajikistan'),
(173, 'Tanzania'),
(174, 'Thailand'),
(175, 'Togo'),
(176, 'Tonga'),
(177, 'Trinidad & Tobago'),
(178, 'Tunisia'),
(179, 'Turkey'),
(180, 'Turkmenistan'),
(181, 'Tuvalu'),
(182, 'Uganda'),
(183, 'Ukraine'),
(184, 'United Arab Emirates'),
(185, 'United Kingdom'),
(186, 'United States'),
(187, 'Uruguay'),
(188, 'Uzbekistan'),
(189, 'Vanuatu'),
(190, 'Vatican City'),
(191, 'Venezuea'),
(192, 'Vietnam'),
(193, 'Yemen'),
(194, 'Zambia'),
(195, 'Zimbabwe');

-- --------------------------------------------------------

--
-- Table structure for table `courses`
--

CREATE TABLE IF NOT EXISTS `courses` (
  `id` int(11) NOT NULL AUTO_INCREMENT,
  `created_at` datetime DEFAULT NULL,
  `updated_at` datetime DEFAULT NULL,
  `association_truck_id` varchar(225) COLLATE utf8_unicode_ci DEFAULT NULL,
  `association_trucker_id` varchar(225) COLLATE utf8_unicode_ci DEFAULT NULL,
  `year_model` int(11) DEFAULT NULL,
  `plate_number` varchar(225) COLLATE utf8_unicode_ci DEFAULT NULL,
  `wheeler` int(11) DEFAULT NULL,
  `brand` varchar(255) COLLATE utf8_unicode_ci DEFAULT NULL,
  `tractor_type` int(11) DEFAULT NULL,
  `chasis_number` int(225) DEFAULT NULL,
  `truck_status` int(11) DEFAULT NULL,
  `franchise_number` int(11) DEFAULT NULL,
  `franchise_date_of_issuance` date DEFAULT NULL,
  `franchise_date_of_expiration` date DEFAULT NULL,
  `or_cr` int(11) DEFAULT NULL,
  `or_cr_date` date DEFAULT NULL,
  `or_cr_from` varchar(500) COLLATE utf8_unicode_ci DEFAULT NULL,
  `reg_owner` varchar(500) COLLATE utf8_unicode_ci DEFAULT NULL,
  `reg_startdate` date DEFAULT NULL,
  `reg_enddate` date DEFAULT NULL,
  `truck_cr_number` varchar(255) COLLATE utf8_unicode_ci DEFAULT NULL,
  `truck_cr_dateissued` date DEFAULT NULL,
  `truck_cr_reg_owner` varchar(255) COLLATE utf8_unicode_ci DEFAULT NULL,
  `truck_cr_dateexpire` date DEFAULT NULL,
  `truck_or_number` varchar(255) COLLATE utf8_unicode_ci DEFAULT NULL,
  `truck_or_dateissued` date DEFAULT NULL,
  `truck_or_dateexpire` date DEFAULT NULL,
  `truck_lto_field` varchar(255) COLLATE utf8_unicode_ci DEFAULT NULL,
  `truck_mv_file_number` varchar(255) COLLATE utf8_unicode_ci DEFAULT NULL,
  `truck_engine_number` varchar(255) COLLATE utf8_unicode_ci DEFAULT NULL,
  `truck_gross_w` varchar(255) COLLATE utf8_unicode_ci DEFAULT NULL,
  `truck_net_capacity` varchar(255) COLLATE utf8_unicode_ci DEFAULT NULL,
  PRIMARY KEY (`id`)
) ENGINE=InnoDB  DEFAULT CHARSET=utf8 COLLATE=utf8_unicode_ci AUTO_INCREMENT=53 ;

--
-- Dumping data for table `courses`
--

INSERT INTO `courses` (`id`, `created_at`, `updated_at`, `association_truck_id`, `association_trucker_id`, `year_model`, `plate_number`, `wheeler`, `brand`, `tractor_type`, `chasis_number`, `truck_status`, `franchise_number`, `franchise_date_of_issuance`, `franchise_date_of_expiration`, `or_cr`, `or_cr_date`, `or_cr_from`, `reg_owner`, `reg_startdate`, `reg_enddate`, `truck_cr_number`, `truck_cr_dateissued`, `truck_cr_reg_owner`, `truck_cr_dateexpire`, `truck_or_number`, `truck_or_dateissued`, `truck_or_dateexpire`, `truck_lto_field`, `truck_mv_file_number`, `truck_engine_number`, `truck_gross_w`, `truck_net_capacity`) VALUES
(1, NULL, NULL, 'T-0000001', 'E-00001', 1990, 'GXU-347', 1, '1', 1, 878, 1, 0, '2014-10-05', '2014-10-12', NULL, NULL, NULL, NULL, '0000-00-00', '2014-10-30', '87h', '2014-10-12', 'asdf', NULL, 'jh887', '2014-10-01', '2014-10-12', 'sdf', '454', '87', '87', 'Dasmarinas'),
(2, NULL, NULL, 'T-0000002', 'E-00001', 0, 'GXU-327', 2, '1', 6, 0, NULL, NULL, '0000-00-00', '0000-00-00', NULL, NULL, NULL, NULL, '0000-00-00', '2014-10-30', '', '2014-11-02', '', NULL, '', '2014-11-10', '2014-11-30', '', '', '', '', ''),
(3, NULL, NULL, 'T-0000003', 'E-00001', 0, 'UVJ-319', 2, '5', 6, 0, NULL, NULL, NULL, NULL, NULL, NULL, NULL, 'ST. PIO TRANSPORT CORP.', NULL, '2014-10-30', NULL, NULL, NULL, NULL, NULL, NULL, NULL, NULL, NULL, NULL, NULL, NULL),
(4, NULL, NULL, 'T-0000004', 'E-00001', 0, 'UVJ-602', 2, '5', 6, 0, NULL, NULL, NULL, NULL, NULL, NULL, NULL, 'ST. PIO TRANSPORT CORP.', NULL, '2014-11-20', NULL, NULL, NULL, NULL, NULL, NULL, NULL, NULL, NULL, NULL, NULL, NULL),
(5, NULL, NULL, 'T-0000005', 'E-00001', 0, 'TXZ-953', 3, '5', 6, 0, NULL, NULL, NULL, NULL, NULL, NULL, NULL, 'ST. PIO TRANSPORT CORP.', NULL, '2014-11-20', NULL, NULL, NULL, NULL, NULL, NULL, NULL, NULL, NULL, NULL, NULL, NULL),
(6, NULL, NULL, 'T-0000006', 'E-00002', 0, 'CTW-361', 2, '1', 6, 0, NULL, NULL, NULL, NULL, NULL, NULL, NULL, 'QCMI', NULL, NULL, NULL, NULL, NULL, NULL, NULL, NULL, NULL, NULL, NULL, NULL, NULL, NULL),
(7, NULL, NULL, 'T-0000007', 'E-00002', 0, 'PXY-611', 3, '6', 6, 0, NULL, NULL, NULL, NULL, NULL, NULL, NULL, 'TEODORICO S. GERVACIO', NULL, NULL, NULL, NULL, NULL, NULL, NULL, NULL, NULL, NULL, NULL, NULL, NULL, NULL),
(8, NULL, NULL, 'T-0000008', 'E-00002', 0, 'PXR-391', 3, '6', 6, 0, NULL, NULL, NULL, NULL, NULL, NULL, NULL, 'TEODORICO S. GERVACIO', NULL, NULL, NULL, NULL, NULL, NULL, NULL, NULL, NULL, NULL, NULL, NULL, NULL, NULL),
(9, NULL, NULL, 'T-0000009', 'E-00002', 0, 'TWV-292', 3, '6', 6, 0, NULL, NULL, NULL, NULL, NULL, NULL, NULL, 'QCMI', NULL, NULL, NULL, NULL, NULL, NULL, NULL, NULL, NULL, NULL, NULL, NULL, NULL, NULL),
(10, NULL, NULL, 'T-0000010', 'E-00002', 0, 'PXN-273', 3, '6', 6, 0, NULL, NULL, NULL, NULL, NULL, NULL, NULL, 'QCMI', NULL, NULL, NULL, NULL, NULL, NULL, NULL, NULL, NULL, NULL, NULL, NULL, NULL, NULL),
(11, NULL, NULL, 'T-0000011', 'E-00003', 0, 'TXH-107', 0, '1', 8, 0, NULL, NULL, NULL, NULL, NULL, NULL, NULL, 'EUG FREIGHT SERVICES, INC.', NULL, NULL, NULL, NULL, NULL, NULL, NULL, NULL, NULL, NULL, NULL, NULL, NULL, NULL),
(12, NULL, NULL, 'T-0000012', 'E-00003', 0, 'UVB-116', 0, '5', 6, 0, NULL, NULL, NULL, NULL, NULL, NULL, NULL, 'EUG FREIGHT SERVICES, INC.', NULL, NULL, NULL, NULL, NULL, NULL, NULL, NULL, NULL, NULL, NULL, NULL, NULL, NULL),
(13, NULL, NULL, 'T-0000013', 'E-00003', 0, 'TDB-158', 0, '5', 6, 0, NULL, NULL, NULL, NULL, NULL, NULL, NULL, 'EUG FREIGHT SERVICES, INC.', NULL, NULL, NULL, NULL, NULL, NULL, NULL, NULL, NULL, NULL, NULL, NULL, NULL, NULL),
(14, NULL, NULL, 'T-0000014', 'E-00003', 0, 'UVA-192', 0, '5', 6, 0, NULL, NULL, NULL, NULL, NULL, NULL, NULL, 'EUG FREIGHT SERVICES, INC.', NULL, NULL, NULL, NULL, NULL, NULL, NULL, NULL, NULL, NULL, NULL, NULL, NULL, NULL),
(15, NULL, NULL, 'T-0000015', 'E-00003', 0, 'TXL-263', 0, '1', 6, 0, NULL, NULL, NULL, NULL, NULL, NULL, NULL, 'EUG FREIGHT SERVICES, INC.', NULL, NULL, NULL, NULL, NULL, NULL, NULL, NULL, NULL, NULL, NULL, NULL, NULL, NULL),
(16, NULL, NULL, 'T-0000016', 'E-00004', 0, 'UVT-629', 0, '1', 6, 0, NULL, NULL, NULL, NULL, NULL, NULL, NULL, 'JC ADVANCE CARGO,INC', NULL, NULL, NULL, NULL, NULL, NULL, NULL, NULL, NULL, NULL, NULL, NULL, NULL, NULL),
(17, NULL, NULL, 'T-0000017', 'E-00004', 0, 'UVZ-310', 0, '1', 6, 0, NULL, NULL, NULL, NULL, NULL, NULL, NULL, 'JC ADVANCE CARGO,INC', NULL, NULL, NULL, NULL, NULL, NULL, NULL, NULL, NULL, NULL, NULL, NULL, NULL, NULL),
(18, NULL, NULL, 'T-0000018', 'E-00004', 0, 'UVZ-481', 3, '1', 7, 0, NULL, NULL, NULL, NULL, NULL, NULL, NULL, 'JC ADVANCE CARGO,INC', NULL, NULL, NULL, NULL, NULL, NULL, NULL, NULL, NULL, NULL, NULL, NULL, NULL, NULL),
(19, NULL, NULL, 'T-0000019', 'E-00004', 0, 'UVT-418', 0, '1', 6, 0, NULL, NULL, NULL, NULL, NULL, NULL, NULL, 'JC ADVANCE CARGO,INC', NULL, NULL, NULL, NULL, NULL, NULL, NULL, NULL, NULL, NULL, NULL, NULL, NULL, NULL),
(20, NULL, NULL, 'T-0000020', 'E-00004', 0, 'UVT-840', 0, '1', 6, 0, NULL, NULL, NULL, NULL, NULL, NULL, NULL, 'JC ADVANCE CARGO,INC', NULL, NULL, NULL, NULL, NULL, NULL, NULL, NULL, NULL, NULL, NULL, NULL, NULL, NULL),
(21, NULL, NULL, 'T-0000021', 'E-00005', 0, 'UVH-805', 2, '1', 10, 0, NULL, NULL, NULL, NULL, NULL, NULL, NULL, 'Teotimo M.Nocos', NULL, NULL, NULL, NULL, NULL, NULL, NULL, NULL, NULL, NULL, NULL, NULL, NULL, NULL),
(22, NULL, NULL, 'T-0000022', 'E-00005', 0, 'GKS-979', 2, '7', 0, 0, NULL, NULL, NULL, NULL, NULL, NULL, NULL, 'Teotimo M.Nocos', NULL, NULL, NULL, NULL, NULL, NULL, NULL, NULL, NULL, NULL, NULL, NULL, NULL, NULL),
(23, NULL, NULL, 'T-0000023', 'E-00005', 0, 'UVJ-385', 2, '5', 6, 0, NULL, NULL, NULL, NULL, NULL, NULL, NULL, 'Teotimo M.Nocos', NULL, NULL, NULL, NULL, NULL, NULL, NULL, NULL, NULL, NULL, NULL, NULL, NULL, NULL),
(24, NULL, NULL, 'T-0000024', 'E-00005', 0, 'UWC-459 ', 2, '1', 6, 0, NULL, NULL, NULL, NULL, NULL, NULL, NULL, 'Teotimo M.Nocos', NULL, NULL, NULL, NULL, NULL, NULL, NULL, NULL, NULL, NULL, NULL, NULL, NULL, NULL),
(25, NULL, NULL, 'T-0000025', 'E-00005', 0, 'UVH-674', 2, '1', 6, 0, NULL, NULL, NULL, NULL, NULL, NULL, NULL, 'Teotimo M.Nocos', NULL, NULL, NULL, NULL, NULL, NULL, NULL, NULL, NULL, NULL, NULL, NULL, NULL, NULL),
(26, NULL, NULL, 'T-0000026', 'E-00006', 0, 'UVP-232', 0, '1', 6, 0, NULL, NULL, NULL, NULL, NULL, NULL, NULL, 'JAMES M. GO', NULL, NULL, NULL, NULL, NULL, NULL, NULL, NULL, NULL, NULL, NULL, NULL, NULL, NULL),
(27, NULL, NULL, 'T-0000027', 'E-00006', 0, 'GKA-443', 0, '1', 6, 0, NULL, NULL, NULL, NULL, NULL, NULL, NULL, 'JAMES M. GO', NULL, NULL, NULL, NULL, NULL, NULL, NULL, NULL, NULL, NULL, NULL, NULL, NULL, NULL),
(28, NULL, NULL, 'T-0000028', 'E-00006', 0, 'TYF-223', 0, '5', 6, 0, NULL, NULL, NULL, NULL, NULL, NULL, NULL, 'JAMES M. GO', NULL, NULL, NULL, NULL, NULL, NULL, NULL, NULL, NULL, NULL, NULL, NULL, NULL, NULL),
(29, NULL, NULL, 'T-0000029', 'E-00006', 0, 'TXD-385', 0, '1', 9, 0, NULL, NULL, NULL, NULL, NULL, NULL, NULL, 'JAMES M. GO', NULL, NULL, NULL, NULL, NULL, NULL, NULL, NULL, NULL, NULL, NULL, NULL, NULL, NULL),
(30, NULL, NULL, 'T-0000030', 'E-00006', 0, 'TYZ-965', 0, '5', 6, 0, NULL, NULL, NULL, NULL, NULL, NULL, NULL, 'JAMES M. GO', NULL, NULL, NULL, NULL, NULL, NULL, NULL, NULL, NULL, NULL, NULL, NULL, NULL, NULL),
(31, NULL, NULL, 'T-0000031', 'E-00007', 0, 'CVZ-441', 0, '', 6, 0, NULL, NULL, NULL, NULL, NULL, NULL, NULL, 'MARIO MELENCIO', NULL, NULL, NULL, NULL, NULL, NULL, NULL, NULL, NULL, NULL, NULL, NULL, NULL, NULL),
(32, NULL, NULL, 'T-0000032', 'E-00007', 0, 'CWY-431', 0, '', 6, 0, NULL, NULL, NULL, NULL, NULL, NULL, NULL, 'MARIO MELENCIO', NULL, NULL, NULL, NULL, NULL, NULL, NULL, NULL, NULL, NULL, NULL, NULL, NULL, NULL),
(33, NULL, NULL, 'T-0000033', 'E-00007', 0, 'CWY-441', 0, '', 6, 0, NULL, NULL, NULL, NULL, NULL, NULL, NULL, 'MARIO MELENCIO', NULL, NULL, NULL, NULL, NULL, NULL, NULL, NULL, NULL, NULL, NULL, NULL, NULL, NULL),
(34, NULL, NULL, 'T-0000034', 'E-00007', 0, 'RBJ-241', 0, '', 6, 0, NULL, NULL, NULL, NULL, NULL, NULL, NULL, 'PERLITA MELENCIO', NULL, NULL, NULL, NULL, NULL, NULL, NULL, NULL, NULL, NULL, NULL, NULL, NULL, NULL),
(35, NULL, NULL, 'T-0000035', 'E-00007', 0, 'CWZ-652', 0, '', 7, 0, NULL, NULL, NULL, NULL, NULL, NULL, NULL, 'MARIO MELENCIO', NULL, NULL, NULL, NULL, NULL, NULL, NULL, NULL, NULL, NULL, NULL, NULL, NULL, NULL),
(36, NULL, NULL, 'T-0000036', 'E-00008', 1997, 'TWU-419', 0, '1', 6, 0, NULL, NULL, NULL, NULL, NULL, NULL, NULL, 'Lauro L. Infante', NULL, NULL, NULL, NULL, NULL, NULL, NULL, NULL, NULL, NULL, NULL, NULL, NULL, NULL),
(37, NULL, NULL, 'T-0000037', 'E-00008', 1994, 'TXA-805', 0, '1', 6, 0, NULL, NULL, NULL, NULL, NULL, NULL, NULL, 'Lauro L. Infante', NULL, NULL, NULL, NULL, NULL, NULL, NULL, NULL, NULL, NULL, NULL, NULL, NULL, NULL),
(38, NULL, NULL, 'T-0000038', 'E-00008', 0, 'TXY-631', 0, '7', 6, 0, NULL, NULL, NULL, NULL, NULL, NULL, NULL, 'Lauro L. Infante', NULL, NULL, NULL, NULL, NULL, NULL, NULL, NULL, NULL, NULL, NULL, NULL, NULL, NULL),
(39, NULL, NULL, 'T-0000039', 'E-00008', 1991, 'UVF-750', 0, '1', 6, 0, NULL, NULL, NULL, NULL, NULL, NULL, NULL, 'Lauro L. Infante', NULL, NULL, NULL, NULL, NULL, NULL, NULL, NULL, NULL, NULL, NULL, NULL, NULL, NULL),
(40, NULL, NULL, 'T-0000040', 'E-00009', 0, 'CWU-372', 0, '5', 7, 0, NULL, NULL, NULL, NULL, NULL, NULL, NULL, 'RUBEN DE GUZMAN', NULL, NULL, NULL, NULL, NULL, NULL, NULL, NULL, NULL, NULL, NULL, NULL, NULL, NULL),
(41, NULL, NULL, 'T-0000041', 'E-00009', 0, 'CXM-645', 0, '5', 0, 0, NULL, NULL, NULL, NULL, NULL, NULL, NULL, 'RUBEN DE GUZMAN', NULL, NULL, NULL, NULL, NULL, NULL, NULL, NULL, NULL, NULL, NULL, NULL, NULL, NULL),
(42, NULL, NULL, 'T-0000042', 'E-00009', 0, 'CWU-357', 0, '8', 7, 0, NULL, NULL, NULL, NULL, NULL, NULL, NULL, 'RUBEN DE GUZMAN', NULL, NULL, NULL, NULL, NULL, NULL, NULL, NULL, NULL, NULL, NULL, NULL, NULL, NULL),
(43, NULL, NULL, 'T-0000043', 'E-00009', 0, 'CWU-398', 0, '8', 7, 0, NULL, NULL, NULL, NULL, NULL, NULL, NULL, 'RUBEN DE GUZMAN', NULL, NULL, NULL, NULL, NULL, NULL, NULL, NULL, NULL, NULL, NULL, NULL, NULL, NULL),
(44, NULL, NULL, 'T-0000044', 'E-00009', 0, 'CVV-320', 0, '5', 6, 0, NULL, NULL, NULL, NULL, NULL, NULL, NULL, 'RUBEN DE GUZMAN', NULL, NULL, NULL, NULL, NULL, NULL, NULL, NULL, NULL, NULL, NULL, NULL, NULL, NULL),
(45, NULL, NULL, 'T-0000045', 'E-00010', 1997, 'TWB-506', 0, '1', 11, 0, NULL, NULL, NULL, NULL, NULL, NULL, NULL, 'Consolidated Orix Leasing', NULL, NULL, NULL, NULL, NULL, NULL, NULL, NULL, NULL, NULL, NULL, NULL, NULL, NULL),
(46, NULL, NULL, 'T-0000046', 'E-00010', 1989, 'GHB-182', 0, '1', 11, 0, NULL, NULL, NULL, NULL, NULL, NULL, NULL, 'Harbour Link Transport', NULL, NULL, NULL, NULL, NULL, NULL, NULL, NULL, NULL, NULL, NULL, NULL, NULL, NULL),
(47, NULL, NULL, 'T-0000047', 'E-00010', 1989, 'TVY-292', 0, '1', 11, 0, NULL, NULL, NULL, NULL, NULL, NULL, NULL, 'Colf Leased to Nenaco', NULL, NULL, NULL, NULL, NULL, NULL, NULL, NULL, NULL, NULL, NULL, NULL, NULL, NULL),
(48, NULL, NULL, 'T-0000048', 'E-00010', 1997, 'TWB-696', 0, '1', 11, 0, NULL, NULL, NULL, NULL, NULL, NULL, NULL, 'Colf Leased to Nenaco', NULL, NULL, NULL, NULL, NULL, NULL, NULL, NULL, NULL, NULL, NULL, NULL, NULL, NULL),
(49, NULL, NULL, 'T-0000049', 'E-00010', 1997, 'TWB-436', 0, '1', 11, 0, NULL, NULL, NULL, NULL, NULL, NULL, NULL, 'Colf Leased to Nenaco', NULL, NULL, NULL, NULL, NULL, NULL, NULL, NULL, NULL, NULL, NULL, NULL, NULL, NULL),
(50, NULL, NULL, '50', NULL, NULL, NULL, NULL, NULL, NULL, NULL, NULL, NULL, NULL, NULL, NULL, NULL, NULL, NULL, NULL, NULL, NULL, NULL, NULL, NULL, NULL, NULL, NULL, NULL, NULL, NULL, NULL, NULL),
(51, NULL, NULL, 'T-0000051', 'E-00002', 1990, 'GXU-347', 1, '1', 1, 878, 1, 0, '2014-10-05', '2014-10-12', NULL, NULL, NULL, NULL, NULL, NULL, '87h', '2014-10-12', 'asdf', NULL, 'jh887', '2014-10-12', '2014-10-13', 'sdf', '454', '87', '87', 'Dasmarinas'),
(52, NULL, NULL, 'T-0000052', 'E-00001', NULL, 'asdf', NULL, '', NULL, NULL, NULL, NULL, '0000-00-00', '0000-00-00', NULL, NULL, NULL, NULL, NULL, NULL, '', '0000-00-00', '', NULL, '', '0000-00-00', '0000-00-00', '', '', '', '', '');

-- --------------------------------------------------------

--
-- Table structure for table `custom_role`
--

CREATE TABLE IF NOT EXISTS `custom_role` (
  `id` int(11) NOT NULL AUTO_INCREMENT,
  `name` varchar(100) DEFAULT NULL,
  PRIMARY KEY (`id`)
) ENGINE=InnoDB  DEFAULT CHARSET=latin1 AUTO_INCREMENT=3 ;

--
-- Dumping data for table `custom_role`
--

INSERT INTO `custom_role` (`id`, `name`) VALUES
(1, 'Admin'),
(2, 'Trucker');

-- --------------------------------------------------------

--
-- Table structure for table `draft`
--

CREATE TABLE IF NOT EXISTS `draft` (
  `id` int(50) NOT NULL AUTO_INCREMENT,
  `uid` int(50) NOT NULL,
  `mid` int(50) NOT NULL,
  PRIMARY KEY (`id`)
) ENGINE=InnoDB DEFAULT CHARSET=latin1 AUTO_INCREMENT=1 ;

-- --------------------------------------------------------

--
-- Table structure for table `driver_details`
--

CREATE TABLE IF NOT EXISTS `driver_details` (
  `id` int(11) NOT NULL AUTO_INCREMENT,
  `vehicle_id` varchar(120) DEFAULT NULL,
  `first_name` varchar(120) DEFAULT NULL,
  `last_name` varchar(120) DEFAULT NULL,
  `address` varchar(120) DEFAULT NULL,
  `dob` varchar(120) DEFAULT NULL,
  `age` varchar(120) DEFAULT NULL,
  `license_no` varchar(120) DEFAULT NULL,
  `expiry_date` date DEFAULT NULL,
  `status` varchar(120) DEFAULT NULL,
  PRIMARY KEY (`id`)
) ENGINE=InnoDB DEFAULT CHARSET=latin1 AUTO_INCREMENT=1 ;

-- --------------------------------------------------------

--
-- Table structure for table `electives`
--

CREATE TABLE IF NOT EXISTS `electives` (
  `id` int(11) NOT NULL AUTO_INCREMENT,
  `elective_group_id` int(11) DEFAULT NULL,
  `created_at` datetime DEFAULT NULL,
  `updated_at` datetime DEFAULT NULL,
  PRIMARY KEY (`id`)
) ENGINE=InnoDB DEFAULT CHARSET=utf8 COLLATE=utf8_unicode_ci AUTO_INCREMENT=1 ;

-- --------------------------------------------------------

--
-- Table structure for table `elective_groups`
--

CREATE TABLE IF NOT EXISTS `elective_groups` (
  `id` int(11) NOT NULL AUTO_INCREMENT,
  `name` varchar(255) COLLATE utf8_unicode_ci DEFAULT NULL,
  `batch_id` int(11) DEFAULT NULL,
  `is_deleted` tinyint(1) DEFAULT '0',
  `created_at` datetime DEFAULT NULL,
  `updated_at` datetime DEFAULT NULL,
  PRIMARY KEY (`id`)
) ENGINE=InnoDB DEFAULT CHARSET=utf8 COLLATE=utf8_unicode_ci AUTO_INCREMENT=1 ;

-- --------------------------------------------------------

--
-- Table structure for table `employees`
--

CREATE TABLE IF NOT EXISTS `employees` (
  `id` int(11) NOT NULL AUTO_INCREMENT,
  `joining_date` date DEFAULT NULL,
  `association_employee_id` int(11) DEFAULT NULL,
  `lastname` varchar(255) DEFAULT NULL,
  `firstname` varchar(255) DEFAULT NULL,
  `middlename` varchar(255) DEFAULT NULL,
  `nickname` varchar(100) DEFAULT NULL,
  `prefix` varchar(10) DEFAULT NULL,
  `name_ext` varchar(10) DEFAULT NULL,
  `sss_id` varchar(20) DEFAULT NULL,
  `philhealth_id` varchar(20) DEFAULT NULL,
  `tin_id` varchar(20) DEFAULT NULL,
  `hmdf` varchar(20) DEFAULT NULL,
  `tax_status` int(11) DEFAULT NULL,
  `union_member` int(11) DEFAULT NULL,
  `atm` int(11) DEFAULT NULL,
  `height` int(11) DEFAULT NULL,
  `weight` int(11) DEFAULT NULL,
  `birth_date` date DEFAULT NULL,
  `birth_place` varchar(255) DEFAULT NULL,
  `nationality` varchar(255) DEFAULT NULL,
  `religion` varchar(255) DEFAULT NULL,
  `gender` varchar(5) DEFAULT NULL,
  `blood_type` varchar(2) DEFAULT NULL,
  `marital_status` int(11) DEFAULT NULL,
  `address_id` int(11) DEFAULT NULL,
  `present_address` varchar(255) DEFAULT NULL,
  `present_city` varchar(255) DEFAULT NULL,
  `present_state` varchar(255) DEFAULT NULL,
  `present_zipcode` int(11) DEFAULT NULL,
  `per_address` varchar(255) DEFAULT NULL,
  `per_city` varchar(255) DEFAULT NULL,
  `per_state` varchar(255) DEFAULT NULL,
  `per_zipcode` int(11) DEFAULT NULL,
  `zip_code` int(11) DEFAULT NULL,
  `home_telephone` int(11) DEFAULT NULL,
  `mobile` int(11) DEFAULT NULL,
  `work_tel` int(11) DEFAULT NULL,
  `work_email` varchar(255) DEFAULT NULL,
  `other_email` varchar(255) DEFAULT NULL,
  `father_name` varchar(255) DEFAULT NULL,
  `father_fnale` varchar(255) DEFAULT NULL,
  `father_mname` varchar(255) DEFAULT NULL,
  `father_lname` varchar(255) DEFAULT NULL,
  `father_occupation` varchar(255) DEFAULT NULL,
  `father_address` varchar(255) DEFAULT NULL,
  `father_city` varchar(225) DEFAULT NULL,
  `father_state` varchar(225) DEFAULT NULL,
  `father_contact` int(11) DEFAULT NULL,
  `mother_name` varchar(255) DEFAULT NULL,
  `mother_fname` varchar(255) DEFAULT NULL,
  `mother_lname` varchar(255) DEFAULT NULL,
  `mother_mname` varchar(255) DEFAULT NULL,
  `mother_occupation` varchar(255) DEFAULT NULL,
  `mother_address` varchar(255) DEFAULT NULL,
  `mother_city` varchar(225) DEFAULT NULL,
  `mother_state` varchar(225) DEFAULT NULL,
  `mother_contact` int(11) DEFAULT NULL,
  `sibling` varchar(255) DEFAULT NULL,
  `spouse_name` varchar(255) DEFAULT NULL,
  `spouse_occupation` varchar(255) DEFAULT NULL,
  `spouse_address` varchar(255) DEFAULT NULL,
  `spouse_city` varchar(255) DEFAULT NULL,
  `spouse_state` varchar(255) DEFAULT NULL,
  `spouse_contact` int(11) DEFAULT NULL,
  `spouse_birth_date` date DEFAULT NULL,
  `report_id` int(11) DEFAULT NULL,
  `e_name` varchar(255) DEFAULT NULL,
  `e_rel` varchar(255) DEFAULT NULL,
  `e_add` varchar(255) DEFAULT NULL,
  `e_city` varchar(255) DEFAULT NULL,
  `e_state` varchar(255) DEFAULT NULL,
  `e_contact` int(11) DEFAULT NULL,
  `e_other_con` int(11) DEFAULT NULL,
  `e_email` varchar(255) DEFAULT NULL,
  `elem_school` varchar(225) DEFAULT NULL,
  `elem_address` varchar(255) DEFAULT NULL,
  `hs_address` varchar(255) DEFAULT NULL,
  `col_address` varchar(255) DEFAULT NULL,
  `elem_indate` date DEFAULT NULL,
  `elem_exdate` date DEFAULT NULL,
  `hs_school` varchar(225) DEFAULT NULL,
  `hs_indate` date DEFAULT NULL,
  `hs_exdate` date DEFAULT NULL,
  `col_school` varchar(225) DEFAULT NULL,
  `col_course` varchar(225) DEFAULT NULL,
  `col_indate` date DEFAULT NULL,
  `col_exdate` date DEFAULT NULL,
  `o_school` varchar(225) DEFAULT NULL,
  `o_course` varchar(225) DEFAULT NULL,
  `o_indate` date DEFAULT NULL,
  `o_exdate` date DEFAULT NULL,
  `employment_status_id` int(11) DEFAULT NULL,
  `trucker_id` varchar(11) DEFAULT NULL,
  `dept` varchar(255) DEFAULT NULL,
  `post` varchar(255) DEFAULT NULL,
  `emp_number` varchar(225) DEFAULT NULL,
  `start_emp` date DEFAULT NULL,
  `end_emp` date DEFAULT NULL,
  `active` int(11) DEFAULT NULL,
  `emp_stat` int(11) DEFAULT NULL,
  `pay_period` int(11) DEFAULT NULL,
  `salary` int(11) DEFAULT NULL,
  `pay_type` int(11) DEFAULT NULL,
  `basic_pay` int(11) DEFAULT NULL,
  `e_cola` int(11) DEFAULT NULL,
  `min_wage` int(11) DEFAULT NULL,
  `region` int(11) DEFAULT NULL,
  `photo_file_name` varchar(255) DEFAULT NULL,
  `photo_content_type` varchar(255) DEFAULT NULL,
  `photo_src` varchar(1000) DEFAULT NULL,
  `photo_data` longblob,
  `created_at` datetime DEFAULT NULL,
  `updated_at` datetime DEFAULT NULL,
  `photo_file_size` int(11) DEFAULT NULL,
  `user_id` int(11) DEFAULT NULL,
  `is_deleted` tinyint(4) DEFAULT '0',
  `license_id` int(11) DEFAULT NULL,
  `cur_err_truckerid` varchar(22) DEFAULT NULL,
  `curemp` int(11) DEFAULT NULL,
  `cur_err_trucker` int(11) DEFAULT NULL,
  `cur_err_indate` date DEFAULT NULL,
  `cur_err_exdate` date DEFAULT NULL,
  `cur_err_reason` varchar(1000) DEFAULT NULL,
  `cur_err_notes` varchar(1000) DEFAULT NULL,
  `super_sub` varchar(1000) DEFAULT NULL,
  `method` int(11) DEFAULT NULL,
  PRIMARY KEY (`id`)
) ENGINE=InnoDB  DEFAULT CHARSET=latin1 AUTO_INCREMENT=22 ;

--
-- Dumping data for table `employees`
--

INSERT INTO `employees` (`id`, `joining_date`, `association_employee_id`, `lastname`, `firstname`, `middlename`, `nickname`, `prefix`, `name_ext`, `sss_id`, `philhealth_id`, `tin_id`, `hmdf`, `tax_status`, `union_member`, `atm`, `height`, `weight`, `birth_date`, `birth_place`, `nationality`, `religion`, `gender`, `blood_type`, `marital_status`, `address_id`, `present_address`, `present_city`, `present_state`, `present_zipcode`, `per_address`, `per_city`, `per_state`, `per_zipcode`, `zip_code`, `home_telephone`, `mobile`, `work_tel`, `work_email`, `other_email`, `father_name`, `father_fnale`, `father_mname`, `father_lname`, `father_occupation`, `father_address`, `father_city`, `father_state`, `father_contact`, `mother_name`, `mother_fname`, `mother_lname`, `mother_mname`, `mother_occupation`, `mother_address`, `mother_city`, `mother_state`, `mother_contact`, `sibling`, `spouse_name`, `spouse_occupation`, `spouse_address`, `spouse_city`, `spouse_state`, `spouse_contact`, `spouse_birth_date`, `report_id`, `e_name`, `e_rel`, `e_add`, `e_city`, `e_state`, `e_contact`, `e_other_con`, `e_email`, `elem_school`, `elem_address`, `hs_address`, `col_address`, `elem_indate`, `elem_exdate`, `hs_school`, `hs_indate`, `hs_exdate`, `col_school`, `col_course`, `col_indate`, `col_exdate`, `o_school`, `o_course`, `o_indate`, `o_exdate`, `employment_status_id`, `trucker_id`, `dept`, `post`, `emp_number`, `start_emp`, `end_emp`, `active`, `emp_stat`, `pay_period`, `salary`, `pay_type`, `basic_pay`, `e_cola`, `min_wage`, `region`, `photo_file_name`, `photo_content_type`, `photo_src`, `photo_data`, `created_at`, `updated_at`, `photo_file_size`, `user_id`, `is_deleted`, `license_id`, `cur_err_truckerid`, `curemp`, `cur_err_trucker`, `cur_err_indate`, `cur_err_exdate`, `cur_err_reason`, `cur_err_notes`, `super_sub`, `method`) VALUES
(2, '1970-01-01', 10002, 'Cagampang', 'Juan ', 'Galacio', '', '', 'Jr', '33-3018811-0', '02-050548126-8', '204-962-602-000', '1060 0065 2764', NULL, NULL, NULL, NULL, NULL, '0000-00-00', '', 'Filipino', '', 'M', '', 1, NULL, NULL, NULL, NULL, NULL, NULL, NULL, NULL, NULL, NULL, NULL, NULL, NULL, NULL, NULL, '', NULL, NULL, NULL, '', '', '', '', NULL, '', NULL, NULL, NULL, '', '', '', '', NULL, '', '', '', '', '', '', NULL, '0000-00-00', NULL, NULL, NULL, NULL, NULL, NULL, NULL, NULL, NULL, NULL, NULL, NULL, NULL, NULL, NULL, NULL, NULL, NULL, NULL, NULL, NULL, NULL, NULL, NULL, NULL, NULL, NULL, 'E-00001', '5', '2', '0801-0023', '0000-00-00', NULL, 1, 1, NULL, NULL, NULL, NULL, NULL, NULL, NULL, '02.png', 'image/png', 'attachments/employees/photos/1415543516.png', '', NULL, NULL, 22475, NULL, 0, NULL, NULL, NULL, NULL, NULL, NULL, NULL, NULL, NULL, NULL),
(3, NULL, 10003, 'Caparoso', 'Alito', 'Almodal', '', NULL, NULL, '10-0384631-2', '12-200384748-7', '122-036-711-000', '1670 0133 6706', NULL, NULL, NULL, NULL, NULL, '0000-00-00', NULL, 'Filipino', NULL, 'M', NULL, 0, NULL, NULL, NULL, NULL, NULL, NULL, NULL, NULL, NULL, NULL, NULL, NULL, NULL, NULL, NULL, NULL, NULL, NULL, NULL, NULL, NULL, NULL, NULL, NULL, NULL, NULL, NULL, NULL, NULL, NULL, NULL, NULL, NULL, NULL, NULL, NULL, NULL, NULL, NULL, NULL, NULL, NULL, NULL, NULL, NULL, NULL, NULL, NULL, NULL, NULL, NULL, NULL, NULL, NULL, NULL, NULL, NULL, NULL, NULL, NULL, NULL, NULL, NULL, NULL, NULL, NULL, NULL, NULL, 'E-00001', '5', '2', '1305-0066', '0000-00-00', NULL, 1, 1, NULL, NULL, NULL, NULL, NULL, NULL, NULL, NULL, NULL, NULL, NULL, NULL, NULL, NULL, NULL, 0, NULL, NULL, NULL, NULL, NULL, NULL, NULL, NULL, NULL, NULL),
(4, NULL, 10004, 'Caparoso', 'Jesus', 'Almodal', '', NULL, NULL, '34-2582219-0', '02-050726350-0', '407-061-229-000', '1210 3370 6562', NULL, NULL, NULL, NULL, NULL, '0000-00-00', NULL, 'Filipino', NULL, 'M', NULL, 0, NULL, NULL, NULL, NULL, NULL, NULL, NULL, NULL, NULL, NULL, NULL, NULL, NULL, NULL, NULL, NULL, NULL, NULL, NULL, NULL, NULL, NULL, NULL, NULL, NULL, NULL, NULL, NULL, NULL, NULL, NULL, NULL, NULL, NULL, NULL, NULL, NULL, NULL, NULL, NULL, NULL, NULL, NULL, NULL, NULL, NULL, NULL, NULL, NULL, NULL, NULL, NULL, NULL, NULL, NULL, NULL, NULL, NULL, NULL, NULL, NULL, NULL, NULL, NULL, NULL, NULL, NULL, NULL, 'E-00001', '5', '3', '1101-0022', '0000-00-00', NULL, 1, 1, NULL, NULL, NULL, NULL, NULL, NULL, NULL, NULL, NULL, NULL, NULL, NULL, NULL, NULL, NULL, 0, NULL, NULL, NULL, NULL, NULL, NULL, NULL, NULL, NULL, NULL),
(5, NULL, 10005, 'Casas', 'Robert', 'Nieva', '', NULL, 'Jr', '34-3095584-5', '23-002259583-6', '442-716-366-000', '1210 6741 3683', NULL, NULL, NULL, NULL, NULL, '0000-00-00', NULL, 'Filipino', NULL, 'M', NULL, 0, NULL, NULL, NULL, NULL, NULL, NULL, NULL, NULL, NULL, NULL, NULL, NULL, NULL, NULL, NULL, NULL, NULL, NULL, NULL, NULL, NULL, NULL, NULL, NULL, NULL, NULL, NULL, NULL, NULL, NULL, NULL, NULL, NULL, NULL, NULL, NULL, NULL, NULL, NULL, NULL, NULL, NULL, NULL, NULL, NULL, NULL, NULL, NULL, NULL, NULL, NULL, NULL, NULL, NULL, NULL, NULL, NULL, NULL, NULL, NULL, NULL, NULL, NULL, NULL, NULL, NULL, NULL, NULL, 'E-00001', '5', '3', '1201-0024', '0000-00-00', NULL, 1, 1, NULL, NULL, NULL, NULL, NULL, NULL, NULL, NULL, NULL, NULL, NULL, NULL, NULL, NULL, NULL, 0, NULL, NULL, NULL, NULL, NULL, NULL, NULL, NULL, NULL, NULL),
(6, NULL, 10006, 'Aranez', 'Arnulfo', '', 'ARNIE', NULL, NULL, '03-6322028-4', '', '', '', NULL, NULL, NULL, NULL, NULL, '2022-12-00', NULL, 'Filipino', NULL, 'M', NULL, 0, NULL, NULL, NULL, NULL, NULL, NULL, NULL, NULL, NULL, NULL, NULL, NULL, NULL, NULL, NULL, NULL, NULL, NULL, NULL, NULL, NULL, NULL, NULL, NULL, NULL, NULL, NULL, NULL, NULL, NULL, NULL, NULL, NULL, NULL, NULL, NULL, NULL, NULL, NULL, NULL, NULL, NULL, NULL, NULL, NULL, NULL, NULL, NULL, NULL, NULL, NULL, NULL, NULL, NULL, NULL, NULL, NULL, NULL, NULL, NULL, NULL, NULL, NULL, NULL, NULL, NULL, NULL, NULL, 'E-00002', '6', '2', '', '0000-00-00', NULL, 1, 1, NULL, NULL, NULL, NULL, NULL, NULL, NULL, NULL, NULL, NULL, NULL, NULL, NULL, NULL, NULL, 0, NULL, NULL, NULL, NULL, NULL, NULL, NULL, NULL, NULL, NULL),
(7, NULL, 10007, 'Cantoria', 'Rex', '', 'REX', NULL, NULL, '03-9924156-7', '19-051559692-9', '', '', NULL, NULL, NULL, NULL, NULL, '2024-04-06', NULL, 'Filipino', NULL, 'M', NULL, 0, NULL, NULL, NULL, NULL, NULL, NULL, NULL, NULL, NULL, NULL, NULL, NULL, NULL, NULL, NULL, NULL, NULL, NULL, NULL, NULL, NULL, NULL, NULL, NULL, NULL, NULL, NULL, NULL, NULL, NULL, NULL, NULL, NULL, NULL, NULL, NULL, NULL, NULL, NULL, NULL, NULL, NULL, NULL, NULL, NULL, NULL, NULL, NULL, NULL, NULL, NULL, NULL, NULL, NULL, NULL, NULL, NULL, NULL, NULL, NULL, NULL, NULL, NULL, NULL, NULL, NULL, NULL, NULL, 'E-00002', '6', '3', '', '0000-00-00', NULL, 1, 1, NULL, NULL, NULL, NULL, NULL, NULL, NULL, NULL, NULL, NULL, NULL, NULL, NULL, NULL, NULL, 0, NULL, NULL, NULL, NULL, NULL, NULL, NULL, NULL, NULL, NULL),
(8, NULL, 10008, 'Yecyec', 'Angel', '', 'ANGEL', NULL, NULL, '33-2556318-0', '', '', '', NULL, NULL, NULL, NULL, NULL, '2026-08-07', NULL, 'Filipino', NULL, 'M', NULL, 0, NULL, NULL, NULL, NULL, NULL, NULL, NULL, NULL, NULL, NULL, NULL, NULL, NULL, NULL, NULL, NULL, NULL, NULL, NULL, NULL, NULL, NULL, NULL, NULL, NULL, NULL, NULL, NULL, NULL, NULL, NULL, NULL, NULL, NULL, NULL, NULL, NULL, NULL, NULL, NULL, NULL, NULL, NULL, NULL, NULL, NULL, NULL, NULL, NULL, NULL, NULL, NULL, NULL, NULL, NULL, NULL, NULL, NULL, NULL, NULL, NULL, NULL, NULL, NULL, NULL, NULL, NULL, NULL, 'E-00002', '6', '2', '', '0000-00-00', NULL, 1, 1, NULL, NULL, NULL, NULL, NULL, NULL, NULL, NULL, NULL, NULL, NULL, NULL, NULL, NULL, NULL, 0, NULL, NULL, NULL, NULL, NULL, NULL, NULL, NULL, NULL, NULL),
(9, NULL, 10009, 'Bernardo', 'Crispin', '', 'AMANG', NULL, NULL, '33-3472043-5', '', '', '', NULL, NULL, NULL, NULL, NULL, '0000-00-00', NULL, 'Filipino', NULL, 'M', NULL, 0, NULL, NULL, NULL, NULL, NULL, NULL, NULL, NULL, NULL, NULL, NULL, NULL, NULL, NULL, NULL, NULL, NULL, NULL, NULL, NULL, NULL, NULL, NULL, NULL, NULL, NULL, NULL, NULL, NULL, NULL, NULL, NULL, NULL, NULL, NULL, NULL, NULL, NULL, NULL, NULL, NULL, NULL, NULL, NULL, NULL, NULL, NULL, NULL, NULL, NULL, NULL, NULL, NULL, NULL, NULL, NULL, NULL, NULL, NULL, NULL, NULL, NULL, NULL, NULL, NULL, NULL, NULL, NULL, 'E-00002', '6', '3', '', '0000-00-00', NULL, 1, 1, NULL, NULL, NULL, NULL, NULL, NULL, NULL, NULL, NULL, NULL, NULL, NULL, NULL, NULL, NULL, 0, NULL, NULL, NULL, NULL, NULL, NULL, NULL, NULL, NULL, NULL),
(10, NULL, 10010, 'Galo', 'Arnolfo', '', 'ARNOLD', NULL, NULL, '33-0609336-5', '', '', '', NULL, NULL, NULL, NULL, NULL, '0000-00-00', NULL, 'Filipino', NULL, 'M', NULL, 0, NULL, NULL, NULL, NULL, NULL, NULL, NULL, NULL, NULL, NULL, NULL, NULL, NULL, NULL, NULL, NULL, NULL, NULL, NULL, NULL, NULL, NULL, NULL, NULL, NULL, NULL, NULL, NULL, NULL, NULL, NULL, NULL, NULL, NULL, NULL, NULL, NULL, NULL, NULL, NULL, NULL, NULL, NULL, NULL, NULL, NULL, NULL, NULL, NULL, NULL, NULL, NULL, NULL, NULL, NULL, NULL, NULL, NULL, NULL, NULL, NULL, NULL, NULL, NULL, NULL, NULL, NULL, NULL, 'E-00002', '6', '2', '', '0000-00-00', NULL, 1, 1, NULL, NULL, NULL, NULL, NULL, NULL, NULL, NULL, NULL, NULL, NULL, NULL, NULL, NULL, NULL, 0, NULL, NULL, NULL, NULL, NULL, NULL, NULL, NULL, NULL, NULL),
(11, NULL, 10011, 'Aldea ', 'Elesio', 'LURA', '', NULL, NULL, '34-1402858-1', '02-051085863-9', '279-957-272-000', '', NULL, NULL, NULL, NULL, NULL, '2032-03-00', NULL, 'Filipino', NULL, 'M', NULL, 0, NULL, NULL, NULL, NULL, NULL, NULL, NULL, NULL, NULL, NULL, NULL, NULL, NULL, NULL, NULL, NULL, NULL, NULL, NULL, NULL, NULL, NULL, NULL, NULL, NULL, NULL, NULL, NULL, NULL, NULL, NULL, NULL, NULL, NULL, NULL, NULL, NULL, NULL, NULL, NULL, NULL, NULL, NULL, NULL, NULL, NULL, NULL, NULL, NULL, NULL, NULL, NULL, NULL, NULL, NULL, NULL, NULL, NULL, NULL, NULL, NULL, NULL, NULL, NULL, NULL, NULL, NULL, NULL, 'E-00005', NULL, '2', '', '0000-00-00', NULL, 1, 1, NULL, NULL, NULL, NULL, NULL, NULL, NULL, NULL, NULL, NULL, NULL, NULL, NULL, NULL, NULL, 0, NULL, NULL, NULL, NULL, NULL, NULL, NULL, NULL, NULL, NULL),
(12, NULL, 10012, 'Babor', 'Jelmar ', 'BALDERO', '', NULL, NULL, '33-8812086-1', '21-050060126-9', '230-040-000-000', '', NULL, NULL, NULL, NULL, NULL, '0000-00-00', NULL, 'Filipino', NULL, 'M', NULL, 0, NULL, NULL, NULL, NULL, NULL, NULL, NULL, NULL, NULL, NULL, NULL, NULL, NULL, NULL, NULL, NULL, NULL, NULL, NULL, NULL, NULL, NULL, NULL, NULL, NULL, NULL, NULL, NULL, NULL, NULL, NULL, NULL, NULL, NULL, NULL, NULL, NULL, NULL, NULL, NULL, NULL, NULL, NULL, NULL, NULL, NULL, NULL, NULL, NULL, NULL, NULL, NULL, NULL, NULL, NULL, NULL, NULL, NULL, NULL, NULL, NULL, NULL, NULL, NULL, NULL, NULL, NULL, NULL, 'E-00005', NULL, '2', '', '0000-00-00', NULL, 1, 1, NULL, NULL, NULL, NULL, NULL, NULL, NULL, NULL, NULL, NULL, NULL, NULL, NULL, NULL, NULL, 0, NULL, NULL, NULL, NULL, NULL, NULL, NULL, NULL, NULL, NULL),
(13, NULL, 10013, 'Claro', 'Dante ', 'PANOGAN', '', NULL, NULL, '07-1690389-9', '02-0506626251', '918-489-870-000', '', NULL, NULL, NULL, NULL, NULL, '2027-12-00', NULL, 'Filipino', NULL, 'M', NULL, 0, NULL, NULL, NULL, NULL, NULL, NULL, NULL, NULL, NULL, NULL, NULL, NULL, NULL, NULL, NULL, NULL, NULL, NULL, NULL, NULL, NULL, NULL, NULL, NULL, NULL, NULL, NULL, NULL, NULL, NULL, NULL, NULL, NULL, NULL, NULL, NULL, NULL, NULL, NULL, NULL, NULL, NULL, NULL, NULL, NULL, NULL, NULL, NULL, NULL, NULL, NULL, NULL, NULL, NULL, NULL, NULL, NULL, NULL, NULL, NULL, NULL, NULL, NULL, NULL, NULL, NULL, NULL, NULL, 'E-00005', NULL, '2', '', '0000-00-00', NULL, 1, 1, NULL, NULL, NULL, NULL, NULL, NULL, NULL, NULL, NULL, NULL, NULL, NULL, NULL, NULL, NULL, 0, NULL, NULL, NULL, NULL, NULL, NULL, NULL, NULL, NULL, NULL),
(14, NULL, 10014, 'Cantillo', 'Fernando ', 'VILLONES', '', NULL, NULL, '', '02-0510858612', '', '', NULL, NULL, NULL, NULL, NULL, '0000-00-00', NULL, 'Filipino', NULL, 'M', NULL, 0, NULL, NULL, NULL, NULL, NULL, NULL, NULL, NULL, NULL, NULL, NULL, NULL, NULL, NULL, NULL, NULL, NULL, NULL, NULL, NULL, NULL, NULL, NULL, NULL, NULL, NULL, NULL, NULL, NULL, NULL, NULL, NULL, NULL, NULL, NULL, NULL, NULL, NULL, NULL, NULL, NULL, NULL, NULL, NULL, NULL, NULL, NULL, NULL, NULL, NULL, NULL, NULL, NULL, NULL, NULL, NULL, NULL, NULL, NULL, NULL, NULL, NULL, NULL, NULL, NULL, NULL, NULL, NULL, 'E-00005', NULL, '3', '', '0000-00-00', NULL, 1, 1, NULL, NULL, NULL, NULL, NULL, NULL, NULL, NULL, NULL, NULL, NULL, NULL, NULL, NULL, NULL, 0, NULL, NULL, NULL, NULL, NULL, NULL, NULL, NULL, NULL, NULL),
(15, NULL, 10015, 'Concepcion', 'Mark Jim ', 'DELFIN', '', NULL, NULL, '', '02-0510858647', '', '', NULL, NULL, NULL, NULL, NULL, '0000-00-00', NULL, 'Filipino', NULL, 'M', NULL, 0, NULL, NULL, NULL, NULL, NULL, NULL, NULL, NULL, NULL, NULL, NULL, NULL, NULL, NULL, NULL, NULL, NULL, NULL, NULL, NULL, NULL, NULL, NULL, NULL, NULL, NULL, NULL, NULL, NULL, NULL, NULL, NULL, NULL, NULL, NULL, NULL, NULL, NULL, NULL, NULL, NULL, NULL, NULL, NULL, NULL, NULL, NULL, NULL, NULL, NULL, NULL, NULL, NULL, NULL, NULL, NULL, NULL, NULL, NULL, NULL, NULL, NULL, NULL, NULL, NULL, NULL, NULL, NULL, 'E-00005', NULL, '3', '', '0000-00-00', NULL, 1, 1, NULL, NULL, NULL, NULL, NULL, NULL, NULL, NULL, NULL, NULL, NULL, NULL, NULL, NULL, NULL, 0, NULL, NULL, NULL, NULL, NULL, NULL, NULL, NULL, NULL, NULL),
(16, '1970-01-01', 10016, 'Tstlip', 'Testing Employee', 'asdfsdf', '', '3', '', '', '', '', '', NULL, NULL, NULL, NULL, NULL, '1999-10-01', '', 'Filipino', '', 'M', '', 1, NULL, '', '', '', NULL, '', '', '', NULL, NULL, NULL, NULL, NULL, '', 'asdfme123456@gmail.com', '', NULL, NULL, NULL, '', '', '', '', NULL, '', NULL, NULL, NULL, '', '', '', '', NULL, '', '', '', '', '', '', NULL, '0000-00-00', NULL, '', '', '', '', '', NULL, NULL, '', '', NULL, NULL, NULL, '1970-01-01', '1970-01-01', '', '1970-01-01', '1970-01-01', '', '', '1970-01-01', '1970-01-01', '', '', '1970-01-01', '1970-01-01', NULL, 'E-00011', NULL, NULL, NULL, NULL, NULL, NULL, NULL, NULL, NULL, NULL, NULL, NULL, NULL, NULL, '22.png', 'image/png', 'attachments/employees/photos/1415543739.png', '', NULL, NULL, 29151, NULL, 0, NULL, '', 0, NULL, '0000-00-00', '0000-00-00', '', '', '', NULL),
(17, '1970-01-01', 10017, 'Tstlip', 'Testing Employee', 'asdfsdf', 'test', '2', 'jr', '', '', '', '', NULL, NULL, NULL, NULL, NULL, '1999-10-01', 'manila', 'Filipino', 'catholic', 'F', 'A-', 2, NULL, '', '', '', NULL, '', '', '', NULL, NULL, NULL, NULL, NULL, '', '', '', NULL, NULL, NULL, '', '', '', '', NULL, '', NULL, NULL, NULL, '', '', '', '', NULL, '', '', '', '', '', '', NULL, '0000-00-00', NULL, '', '', '', '', '', NULL, NULL, '', '', NULL, NULL, NULL, '0000-00-00', '0000-00-00', '', '0000-00-00', '0000-00-00', NULL, NULL, NULL, NULL, NULL, NULL, NULL, NULL, NULL, 'E-00011', NULL, NULL, NULL, NULL, NULL, NULL, NULL, NULL, NULL, NULL, NULL, NULL, NULL, NULL, NULL, NULL, NULL, '', NULL, NULL, NULL, NULL, 0, NULL, '', 0, NULL, '0000-00-00', '0000-00-00', '', '', '', NULL),
(18, '1970-01-01', 10018, 'Tstlip', 'Testing Employee233', '', '', '', '', '', '', '', '', NULL, NULL, NULL, NULL, NULL, '1999-10-01', '', 'Filipino', '', 'M', '', 1, NULL, NULL, NULL, NULL, NULL, NULL, NULL, NULL, NULL, NULL, NULL, NULL, NULL, NULL, NULL, '', NULL, NULL, NULL, '', '', '', '', NULL, '', NULL, NULL, NULL, '', '', '', '', NULL, '', '', '', '', '', '', NULL, '0000-00-00', NULL, NULL, NULL, NULL, NULL, NULL, NULL, NULL, NULL, NULL, NULL, NULL, NULL, NULL, NULL, NULL, NULL, NULL, NULL, NULL, NULL, NULL, NULL, NULL, NULL, NULL, NULL, 'E-00011', NULL, NULL, NULL, NULL, NULL, NULL, NULL, NULL, NULL, NULL, NULL, NULL, NULL, NULL, NULL, NULL, NULL, '', NULL, NULL, NULL, NULL, 0, NULL, NULL, NULL, NULL, NULL, NULL, NULL, NULL, NULL, NULL),
(19, '1970-01-01', 10019, 'Smith', 'john', '', '', '', '', '', '', '', '', NULL, NULL, NULL, NULL, NULL, '1998-10-01', '', 'Filipino', '', 'M', '', 1, NULL, '', '', '', NULL, '', '', '', NULL, NULL, NULL, NULL, NULL, '', '', '', NULL, NULL, NULL, '', '', '', '', NULL, '', NULL, NULL, NULL, '', '', '', '', NULL, '', '', '', '', '', '', NULL, '0000-00-00', NULL, '', '', '', '', '', NULL, NULL, '', '', NULL, NULL, NULL, '0000-00-00', '0000-00-00', '', '0000-00-00', '0000-00-00', NULL, NULL, NULL, NULL, NULL, NULL, NULL, NULL, NULL, '', NULL, NULL, NULL, NULL, NULL, NULL, NULL, NULL, NULL, NULL, NULL, NULL, NULL, NULL, NULL, NULL, NULL, '', NULL, NULL, NULL, NULL, 0, NULL, 'E-00001', 1, NULL, '0000-00-00', '0000-00-00', '', '', '', NULL),
(20, '1970-01-01', 10020, 'babao', 'jessable', '', '', '', '', '', '', '', '', NULL, NULL, NULL, NULL, NULL, '2014-10-06', '', 'Filipino', '', 'M', '', 1, NULL, 'Dasmarinas Technopark', 'Dasmarinas', 'Cavite', 4114, 'Dasmarinas Technopark', 'Dasmarinas', 'Cavite', 4114, NULL, NULL, NULL, NULL, '', '', '', NULL, NULL, NULL, '', '', '', '', NULL, '', NULL, NULL, NULL, '', '', '', '', NULL, '', '', '', '', '', '', NULL, '0000-00-00', NULL, '', '', '', '', '', NULL, NULL, '', NULL, NULL, NULL, NULL, NULL, NULL, NULL, NULL, NULL, NULL, NULL, NULL, NULL, NULL, NULL, NULL, NULL, NULL, '', NULL, NULL, NULL, NULL, NULL, NULL, NULL, NULL, NULL, NULL, NULL, NULL, NULL, NULL, NULL, NULL, NULL, '', NULL, NULL, NULL, NULL, 0, NULL, NULL, NULL, NULL, NULL, NULL, NULL, NULL, NULL, NULL),
(21, NULL, 10021, 'Cagampang', 'Juan ', 'Galacio', '', NULL, 'Jr', '33-3018811-0', '02-050548126-8', '204-962-602-000', '1060 0065 2764', NULL, NULL, NULL, NULL, NULL, '0000-00-00', NULL, 'Filipino', NULL, 'M', NULL, 0, NULL, NULL, NULL, NULL, NULL, NULL, NULL, NULL, NULL, NULL, NULL, NULL, NULL, NULL, NULL, NULL, NULL, NULL, NULL, NULL, NULL, NULL, NULL, NULL, NULL, NULL, NULL, NULL, NULL, NULL, NULL, NULL, NULL, NULL, NULL, NULL, NULL, NULL, NULL, NULL, NULL, NULL, NULL, NULL, NULL, NULL, NULL, NULL, NULL, NULL, NULL, NULL, NULL, NULL, NULL, NULL, NULL, NULL, NULL, NULL, NULL, NULL, NULL, NULL, NULL, NULL, NULL, NULL, 'E-00001', '5', '2', '0801-0023', '0000-00-00', NULL, 1, 1, NULL, NULL, NULL, NULL, NULL, NULL, NULL, NULL, NULL, NULL, NULL, NULL, NULL, NULL, NULL, 0, NULL, NULL, NULL, NULL, NULL, NULL, NULL, NULL, NULL, NULL);

-- --------------------------------------------------------

--
-- Table structure for table `employees_subjects`
--

CREATE TABLE IF NOT EXISTS `employees_subjects` (
  `id` int(11) NOT NULL AUTO_INCREMENT,
  `employee_id` int(11) DEFAULT NULL,
  `subject_id` int(11) DEFAULT NULL,
  PRIMARY KEY (`id`),
  KEY `index_employees_subjects_on_subject_id` (`subject_id`)
) ENGINE=InnoDB DEFAULT CHARSET=utf8 COLLATE=utf8_unicode_ci AUTO_INCREMENT=1 ;

-- --------------------------------------------------------

--
-- Table structure for table `employee_additional_details`
--

CREATE TABLE IF NOT EXISTS `employee_additional_details` (
  `id` int(11) NOT NULL AUTO_INCREMENT,
  `employee_id` int(11) DEFAULT NULL,
  `additional_field_id` int(11) DEFAULT NULL,
  `additional_info` varchar(255) COLLATE utf8_unicode_ci DEFAULT NULL,
  PRIMARY KEY (`id`)
) ENGINE=InnoDB DEFAULT CHARSET=utf8 COLLATE=utf8_unicode_ci AUTO_INCREMENT=1 ;

-- --------------------------------------------------------

--
-- Table structure for table `employee_addresses`
--

CREATE TABLE IF NOT EXISTS `employee_addresses` (
  `id` int(11) NOT NULL AUTO_INCREMENT,
  `employee_id` int(11) DEFAULT NULL,
  `house_no` varchar(225) DEFAULT NULL,
  `town` varchar(225) DEFAULT NULL,
  `city` varchar(225) DEFAULT NULL,
  `province` varchar(225) DEFAULT NULL,
  `zipcode` int(5) DEFAULT NULL,
  `active` int(11) NOT NULL DEFAULT '1',
  PRIMARY KEY (`id`)
) ENGINE=InnoDB  DEFAULT CHARSET=latin1 AUTO_INCREMENT=10 ;

--
-- Dumping data for table `employee_addresses`
--

INSERT INTO `employee_addresses` (`id`, `employee_id`, `house_no`, `town`, `city`, `province`, `zipcode`, `active`) VALUES
(1, 1, 'sdf', '', '', '', NULL, 1),
(2, 2, '12', '12', '12', '12', NULL, 1),
(3, 2, 'SSwe', 'S', 'S', 'S', NULL, 1),
(4, 2, 'a', '', 'asdf', '', NULL, 1),
(5, 2, 'a', '', '', '', NULL, 1),
(6, 1, 'dd', '', '', 'sdf', NULL, 1),
(7, 1, '', '', '', '', 23, 1),
(8, 1, '', 'a', 'a', 'a', 2, 1),
(9, 9, 'asdf', 'asdf', 'asdfasd', 'sadfasdf', 2222, 1);

-- --------------------------------------------------------

--
-- Table structure for table `employee_attendances`
--

CREATE TABLE IF NOT EXISTS `employee_attendances` (
  `id` int(11) NOT NULL AUTO_INCREMENT,
  `attendance_date` date DEFAULT NULL,
  `employee_id` int(11) DEFAULT NULL,
  `employee_leave_type_id` int(11) DEFAULT NULL,
  `reason` varchar(255) COLLATE utf8_unicode_ci DEFAULT NULL,
  `is_half_day` tinyint(1) DEFAULT NULL,
  PRIMARY KEY (`id`)
) ENGINE=InnoDB DEFAULT CHARSET=utf8 COLLATE=utf8_unicode_ci AUTO_INCREMENT=1 ;

-- --------------------------------------------------------

--
-- Table structure for table `employee_bank_details`
--

CREATE TABLE IF NOT EXISTS `employee_bank_details` (
  `id` int(11) NOT NULL AUTO_INCREMENT,
  `employee_id` int(11) DEFAULT NULL,
  `bank_field_id` int(11) DEFAULT NULL,
  `bank_info` varchar(255) COLLATE utf8_unicode_ci DEFAULT NULL,
  PRIMARY KEY (`id`)
) ENGINE=InnoDB DEFAULT CHARSET=utf8 COLLATE=utf8_unicode_ci AUTO_INCREMENT=1 ;

-- --------------------------------------------------------

--
-- Table structure for table `employee_case_remarks`
--

CREATE TABLE IF NOT EXISTS `employee_case_remarks` (
  `id` int(11) NOT NULL AUTO_INCREMENT,
  `name` varchar(255) DEFAULT NULL,
  `active` int(11) DEFAULT '1',
  PRIMARY KEY (`id`)
) ENGINE=InnoDB  DEFAULT CHARSET=latin1 AUTO_INCREMENT=3 ;

--
-- Dumping data for table `employee_case_remarks`
--

INSERT INTO `employee_case_remarks` (`id`, `name`, `active`) VALUES
(1, 'Open Case', 1),
(2, 'Close Case', 1);

-- --------------------------------------------------------

--
-- Table structure for table `employee_categories`
--

CREATE TABLE IF NOT EXISTS `employee_categories` (
  `id` int(11) NOT NULL AUTO_INCREMENT,
  `name` varchar(255) COLLATE utf8_unicode_ci DEFAULT NULL,
  `prefix` varchar(255) COLLATE utf8_unicode_ci DEFAULT NULL,
  `status` tinyint(1) DEFAULT NULL,
  PRIMARY KEY (`id`)
) ENGINE=InnoDB DEFAULT CHARSET=utf8 COLLATE=utf8_unicode_ci AUTO_INCREMENT=1 ;

-- --------------------------------------------------------

--
-- Table structure for table `employee_departments`
--

CREATE TABLE IF NOT EXISTS `employee_departments` (
  `id` int(11) NOT NULL AUTO_INCREMENT,
  `code` varchar(255) COLLATE utf8_unicode_ci DEFAULT NULL,
  `name` varchar(255) COLLATE utf8_unicode_ci DEFAULT NULL,
  `status` tinyint(1) DEFAULT NULL,
  PRIMARY KEY (`id`)
) ENGINE=InnoDB DEFAULT CHARSET=utf8 COLLATE=utf8_unicode_ci AUTO_INCREMENT=1 ;

-- --------------------------------------------------------

--
-- Table structure for table `employee_department_events`
--

CREATE TABLE IF NOT EXISTS `employee_department_events` (
  `id` int(11) NOT NULL AUTO_INCREMENT,
  `event_id` int(11) DEFAULT NULL,
  `employee_department_id` int(11) DEFAULT NULL,
  `created_at` datetime DEFAULT NULL,
  `updated_at` datetime DEFAULT NULL,
  PRIMARY KEY (`id`)
) ENGINE=InnoDB DEFAULT CHARSET=utf8 COLLATE=utf8_unicode_ci AUTO_INCREMENT=1 ;

-- --------------------------------------------------------

--
-- Table structure for table `employee_grades`
--

CREATE TABLE IF NOT EXISTS `employee_grades` (
  `id` int(11) NOT NULL AUTO_INCREMENT,
  `name` varchar(255) COLLATE utf8_unicode_ci DEFAULT NULL,
  `priority` int(11) DEFAULT NULL,
  `status` tinyint(1) DEFAULT NULL,
  `max_hours_day` int(11) DEFAULT NULL,
  `max_hours_week` int(11) DEFAULT NULL,
  PRIMARY KEY (`id`)
) ENGINE=InnoDB DEFAULT CHARSET=utf8 COLLATE=utf8_unicode_ci AUTO_INCREMENT=1 ;

-- --------------------------------------------------------

--
-- Table structure for table `employee_leaves`
--

CREATE TABLE IF NOT EXISTS `employee_leaves` (
  `id` int(11) NOT NULL AUTO_INCREMENT,
  `employee_id` int(11) DEFAULT NULL,
  `employee_leave_type_id` int(11) DEFAULT NULL,
  `leave_count` decimal(5,1) DEFAULT '0.0',
  `leave_taken` decimal(5,1) DEFAULT '0.0',
  `reset_date` date DEFAULT NULL,
  `created_at` datetime DEFAULT NULL,
  `updated_at` datetime DEFAULT NULL,
  PRIMARY KEY (`id`)
) ENGINE=InnoDB DEFAULT CHARSET=utf8 COLLATE=utf8_unicode_ci AUTO_INCREMENT=1 ;

-- --------------------------------------------------------

--
-- Table structure for table `employee_leave_types`
--

CREATE TABLE IF NOT EXISTS `employee_leave_types` (
  `id` int(11) NOT NULL AUTO_INCREMENT,
  `name` varchar(255) COLLATE utf8_unicode_ci DEFAULT NULL,
  `code` varchar(255) COLLATE utf8_unicode_ci DEFAULT NULL,
  `status` tinyint(1) DEFAULT NULL,
  `max_leave_count` varchar(255) COLLATE utf8_unicode_ci DEFAULT NULL,
  `carry_forward` tinyint(1) NOT NULL DEFAULT '0',
  PRIMARY KEY (`id`)
) ENGINE=InnoDB  DEFAULT CHARSET=utf8 COLLATE=utf8_unicode_ci AUTO_INCREMENT=2 ;

--
-- Dumping data for table `employee_leave_types`
--

INSERT INTO `employee_leave_types` (`id`, `name`, `code`, `status`, `max_leave_count`, `carry_forward`) VALUES
(1, 'testing', '456', 1, '1', 0);

-- --------------------------------------------------------

--
-- Table structure for table `employee_notes`
--

CREATE TABLE IF NOT EXISTS `employee_notes` (
  `id` int(11) NOT NULL AUTO_INCREMENT,
  `emp_id` int(11) DEFAULT NULL,
  `type` int(11) DEFAULT NULL,
  `details` varchar(10000) DEFAULT NULL,
  `date_ofnote` date DEFAULT NULL,
  `reportedby` varchar(500) DEFAULT NULL,
  `datereportedby` date DEFAULT NULL,
  PRIMARY KEY (`id`)
) ENGINE=InnoDB  DEFAULT CHARSET=latin1 AUTO_INCREMENT=5 ;

--
-- Dumping data for table `employee_notes`
--

INSERT INTO `employee_notes` (`id`, `emp_id`, `type`, `details`, `date_ofnote`, `reportedby`, `datereportedby`) VALUES
(1, 1, 2, 'Tesign111111111111', '2014-08-01', 'asdfa', '2014-08-27'),
(2, 1, 1, 'TEASSSSSSSSSSSSS', '2014-08-03', '134', '2014-08-08'),
(3, 9, 1, 'sdfasdf', '2014-09-15', 'asdfa', '2014-09-30'),
(4, 16, 1, 'thisss', '2014-10-30', 'this', '2014-10-21');

-- --------------------------------------------------------

--
-- Table structure for table `employee_positions`
--

CREATE TABLE IF NOT EXISTS `employee_positions` (
  `id` int(11) NOT NULL AUTO_INCREMENT,
  `name` varchar(255) COLLATE utf8_unicode_ci DEFAULT NULL,
  `employee_category_id` int(11) DEFAULT NULL,
  `status` tinyint(1) DEFAULT NULL,
  PRIMARY KEY (`id`)
) ENGINE=InnoDB DEFAULT CHARSET=utf8 COLLATE=utf8_unicode_ci AUTO_INCREMENT=1 ;

-- --------------------------------------------------------

--
-- Table structure for table `employee_remarks`
--

CREATE TABLE IF NOT EXISTS `employee_remarks` (
  `id` int(11) NOT NULL AUTO_INCREMENT,
  `emp_id` varchar(255) DEFAULT NULL,
  `date_encoded` date DEFAULT NULL,
  `date_reminded` date DEFAULT NULL,
  `description` varchar(10000) DEFAULT NULL,
  `rem_case` int(11) DEFAULT NULL,
  `createdby` int(11) DEFAULT NULL,
  `createddate` date DEFAULT NULL,
  `updatedby` int(11) DEFAULT NULL,
  `updateddate` date DEFAULT NULL,
  PRIMARY KEY (`id`)
) ENGINE=InnoDB DEFAULT CHARSET=latin1 AUTO_INCREMENT=1 ;

-- --------------------------------------------------------

--
-- Table structure for table `employee_salary_structures`
--

CREATE TABLE IF NOT EXISTS `employee_salary_structures` (
  `id` int(11) NOT NULL AUTO_INCREMENT,
  `employee_id` int(11) DEFAULT NULL,
  `payroll_category_id` int(11) DEFAULT NULL,
  `amount` varchar(255) COLLATE utf8_unicode_ci DEFAULT NULL,
  PRIMARY KEY (`id`)
) ENGINE=InnoDB DEFAULT CHARSET=utf8 COLLATE=utf8_unicode_ci AUTO_INCREMENT=1 ;

-- --------------------------------------------------------

--
-- Table structure for table `emp_assocxp`
--

CREATE TABLE IF NOT EXISTS `emp_assocxp` (
  `id` int(11) NOT NULL AUTO_INCREMENT,
  `employeetable_id` int(11) DEFAULT NULL,
  `assoc_truckerid` varchar(22) DEFAULT NULL,
  `emp_id` varchar(200) DEFAULT NULL,
  `inc_date` date DEFAULT NULL,
  `exc_date` date DEFAULT NULL,
  `reason_forleaving` varchar(10000) DEFAULT NULL,
  `emp_number` varchar(200) DEFAULT NULL,
  `position` int(11) DEFAULT NULL,
  `emp_status` int(11) DEFAULT NULL,
  `current` int(11) DEFAULT '0',
  PRIMARY KEY (`id`)
) ENGINE=InnoDB  DEFAULT CHARSET=latin1 AUTO_INCREMENT=13 ;

--
-- Dumping data for table `emp_assocxp`
--

INSERT INTO `emp_assocxp` (`id`, `employeetable_id`, `assoc_truckerid`, `emp_id`, `inc_date`, `exc_date`, `reason_forleaving`, `emp_number`, `position`, `emp_status`, `current`) VALUES
(1, NULL, 'E-00001', '10002', '2014-11-09', '0000-00-00', '', '', NULL, 1, 1),
(2, NULL, 'E-00001', '10003', '2014-11-09', '0000-00-00', '', '', NULL, 2, 1),
(3, NULL, 'E-00001', '10004', '2014-11-09', '0000-00-00', '', '', NULL, 1, 0),
(4, NULL, 'E-00001', '10005', '2014-11-09', '0000-00-00', '', '', NULL, 2, 1),
(5, NULL, 'E-00002', '10006', '2014-11-02', '0000-00-00', '', '', NULL, 2, 1),
(6, NULL, 'E-00002', '10007', '2014-11-09', '0000-00-00', '', '', NULL, 2, 1),
(7, NULL, 'E-00002', '10008', '2014-11-09', '0000-00-00', '', '', NULL, 1, 1),
(8, NULL, 'E-00002', '10009', '2014-11-09', '0000-00-00', '', '', NULL, 1, 1),
(9, NULL, 'E-00002', '10010', '2014-11-09', '0000-00-00', '', '', NULL, 2, 1),
(10, NULL, 'E-00005', '10011', '2014-11-09', '0000-00-00', '', '', NULL, 1, 1),
(11, NULL, 'E-00005', '10012', '2014-11-09', '0000-00-00', '', '', NULL, 1, 1),
(12, NULL, 'E-00002', '10002', '2014-11-02', '2014-11-12', '', '', NULL, 1, 0);

-- --------------------------------------------------------

--
-- Table structure for table `emp_dependants`
--

CREATE TABLE IF NOT EXISTS `emp_dependants` (
  `id` int(11) NOT NULL AUTO_INCREMENT,
  `emp_id` int(11) DEFAULT NULL,
  `dependents` varchar(225) DEFAULT NULL,
  `pref` int(11) DEFAULT NULL,
  `fname` varchar(255) DEFAULT NULL,
  `lname` varchar(255) DEFAULT NULL,
  `mname` varchar(255) DEFAULT NULL,
  `ext` varchar(100) DEFAULT NULL,
  `bdate` date DEFAULT NULL,
  PRIMARY KEY (`id`)
) ENGINE=InnoDB  DEFAULT CHARSET=latin1 AUTO_INCREMENT=4 ;

--
-- Dumping data for table `emp_dependants`
--

INSERT INTO `emp_dependants` (`id`, `emp_id`, `dependents`, `pref`, `fname`, `lname`, `mname`, `ext`, `bdate`) VALUES
(1, 9, 'asdf', 5, 'testing', 'testing', 'sdffffff', '', '2014-08-12'),
(2, 9, 'asdf', 3, 'asdf', 'as', 'asdf', '', '2014-08-12'),
(3, 16, 'sibling', 2, 'asdf', 'asf', 'asdf', '', '2014-10-01');

-- --------------------------------------------------------

--
-- Table structure for table `emp_dept`
--

CREATE TABLE IF NOT EXISTS `emp_dept` (
  `id` int(11) NOT NULL AUTO_INCREMENT,
  `name` varchar(255) DEFAULT NULL,
  `active` int(11) DEFAULT '1',
  PRIMARY KEY (`id`)
) ENGINE=InnoDB  DEFAULT CHARSET=latin1 AUTO_INCREMENT=7 ;

--
-- Dumping data for table `emp_dept`
--

INSERT INTO `emp_dept` (`id`, `name`, `active`) VALUES
(1, 'Admin', 1),
(2, 'Trucker', 1),
(3, 'Member', 1),
(4, 'Not Mems', 2),
(5, 'Operation (Field)', 1),
(6, 'Operations', 1);

-- --------------------------------------------------------

--
-- Table structure for table `emp_dicip_action`
--

CREATE TABLE IF NOT EXISTS `emp_dicip_action` (
  `id` int(11) NOT NULL AUTO_INCREMENT,
  `emp_id` int(11) DEFAULT NULL,
  `date` date DEFAULT NULL,
  `incident` varchar(10000) DEFAULT NULL,
  `reportedbytrucker` int(11) DEFAULT NULL,
  `incireportedby` varchar(225) DEFAULT NULL,
  `actiontaken` varchar(10000) DEFAULT NULL,
  `status` int(11) DEFAULT NULL,
  PRIMARY KEY (`id`)
) ENGINE=InnoDB  DEFAULT CHARSET=latin1 AUTO_INCREMENT=14 ;

--
-- Dumping data for table `emp_dicip_action`
--

INSERT INTO `emp_dicip_action` (`id`, `emp_id`, `date`, `incident`, `reportedbytrucker`, `incireportedby`, `actiontaken`, `status`) VALUES
(1, 2, NULL, 'asdf', 1, NULL, NULL, 1),
(2, 2, '2014-08-04', 'asdf', 2, NULL, NULL, 1),
(3, 9, '2014-08-04', 'asdfnnnnnnnnnnnnnn', 1, NULL, NULL, 1),
(4, 9, '2014-08-05', 'asdf', 1, NULL, NULL, 1),
(5, 5, '2014-08-01', 'eheeeeem', 1, NULL, NULL, 1),
(6, 9, '2014-08-02', '9iiiiiiiiiiiiiiiiiii', 1, NULL, NULL, 1),
(7, 9, '2014-08-02', '9iiiiiiiiiiiiiiiiiii', 1, NULL, NULL, 1),
(8, NULL, '2014-08-03', 'asdf', 1, NULL, NULL, 1),
(9, NULL, '2014-08-01', 'id1', 1, NULL, NULL, 1),
(10, 2, '2014-08-01', 'id1id1', 1, NULL, NULL, 1),
(11, 2, '2014-08-26', 'id1id1id1id1id1', 1, NULL, NULL, 1),
(12, 2, '2014-08-31', 'testing', 1, NULL, NULL, 1),
(13, 16, '2014-10-01', 'fgvbxcvbxcv', 1, NULL, NULL, 1);

-- --------------------------------------------------------

--
-- Table structure for table `emp_license`
--

CREATE TABLE IF NOT EXISTS `emp_license` (
  `id` int(11) NOT NULL AUTO_INCREMENT,
  `emp_no` int(11) DEFAULT NULL,
  `license_type` int(11) DEFAULT NULL,
  `license_no` int(11) DEFAULT NULL,
  `issuance_date` date DEFAULT NULL,
  `expiry_date` date DEFAULT NULL,
  `active` int(11) DEFAULT '1',
  PRIMARY KEY (`id`)
) ENGINE=InnoDB  DEFAULT CHARSET=latin1 AUTO_INCREMENT=16 ;

--
-- Dumping data for table `emp_license`
--

INSERT INTO `emp_license` (`id`, `emp_no`, `license_type`, `license_no`, `issuance_date`, `expiry_date`, `active`) VALUES
(1, 1, 2, 2555, '2014-08-31', '2014-10-31', 1),
(2, 2, 2, 123456, '2014-08-25', '2014-08-26', 1),
(3, 3, 1, 3, '2014-08-20', '2014-08-20', 1),
(4, 1, 1, 2, '0000-00-00', '2014-08-22', 1),
(5, 1, 1, 1, '0000-00-00', '2014-08-24', 1),
(6, 2, 1, 23, '2014-08-26', '2014-08-27', 1),
(7, 8, 1, 456, '0000-00-00', '2014-08-28', 1),
(8, 1, 1, 345, '2014-08-01', '2014-08-01', 1),
(9, 8, 1, 65, '0000-00-00', '2014-08-19', 1),
(10, 8, 1, 31, '2014-08-31', '2014-08-31', 1),
(11, 1, 2, 23333, '0000-00-00', '2014-08-28', 1),
(12, 1, 1, 1444, '2014-08-25', '2014-10-31', 1),
(13, 9, 1, 23444, '2014-09-01', '2014-09-30', 1),
(14, 16, 1, 1234567890, '2014-10-01', '2014-10-31', 1),
(15, 10017, 2, 455, '2014-10-01', '2014-10-31', 1);

-- --------------------------------------------------------

--
-- Table structure for table `emp_license_type`
--

CREATE TABLE IF NOT EXISTS `emp_license_type` (
  `id` int(11) NOT NULL AUTO_INCREMENT,
  `name` varchar(255) DEFAULT NULL,
  PRIMARY KEY (`id`)
) ENGINE=InnoDB  DEFAULT CHARSET=latin1 AUTO_INCREMENT=3 ;

--
-- Dumping data for table `emp_license_type`
--

INSERT INTO `emp_license_type` (`id`, `name`) VALUES
(1, 'Driver'),
(2, 'Test');

-- --------------------------------------------------------

--
-- Table structure for table `emp_marital_status`
--

CREATE TABLE IF NOT EXISTS `emp_marital_status` (
  `id` int(11) NOT NULL AUTO_INCREMENT,
  `name` varchar(255) DEFAULT NULL,
  `active` int(11) DEFAULT '1',
  PRIMARY KEY (`id`)
) ENGINE=InnoDB  DEFAULT CHARSET=latin1 AUTO_INCREMENT=5 ;

--
-- Dumping data for table `emp_marital_status`
--

INSERT INTO `emp_marital_status` (`id`, `name`, `active`) VALUES
(1, 'Single', 1),
(2, 'Marriages', 1),
(3, 'Marriage', 1),
(4, 'sdf', 1);

-- --------------------------------------------------------

--
-- Table structure for table `emp_payperiod`
--

CREATE TABLE IF NOT EXISTS `emp_payperiod` (
  `id` int(11) NOT NULL AUTO_INCREMENT,
  `name` varchar(255) DEFAULT NULL,
  `active` int(11) DEFAULT '1',
  PRIMARY KEY (`id`)
) ENGINE=InnoDB  DEFAULT CHARSET=latin1 AUTO_INCREMENT=3 ;

--
-- Dumping data for table `emp_payperiod`
--

INSERT INTO `emp_payperiod` (`id`, `name`, `active`) VALUES
(1, 'Monthly', 1),
(2, 'bimonths', 2);

-- --------------------------------------------------------

--
-- Table structure for table `emp_paytype`
--

CREATE TABLE IF NOT EXISTS `emp_paytype` (
  `id` int(11) NOT NULL AUTO_INCREMENT,
  `name` varchar(255) DEFAULT NULL,
  `active` int(11) DEFAULT '1',
  PRIMARY KEY (`id`)
) ENGINE=InnoDB  DEFAULT CHARSET=latin1 AUTO_INCREMENT=3 ;

--
-- Dumping data for table `emp_paytype`
--

INSERT INTO `emp_paytype` (`id`, `name`, `active`) VALUES
(1, 'Monthly', 1),
(2, 'errdf', 2);

-- --------------------------------------------------------

--
-- Table structure for table `emp_pos`
--

CREATE TABLE IF NOT EXISTS `emp_pos` (
  `id` int(11) NOT NULL AUTO_INCREMENT,
  `name` varchar(255) DEFAULT NULL,
  `active` int(11) DEFAULT '1',
  PRIMARY KEY (`id`)
) ENGINE=InnoDB  DEFAULT CHARSET=latin1 AUTO_INCREMENT=5 ;

--
-- Dumping data for table `emp_pos`
--

INSERT INTO `emp_pos` (`id`, `name`, `active`) VALUES
(1, 'Admin', 1),
(2, 'Driver', 1),
(3, 'Truck Helper', 1),
(4, 'Operator', 2);

-- --------------------------------------------------------

--
-- Table structure for table `emp_prefix`
--

CREATE TABLE IF NOT EXISTS `emp_prefix` (
  `id` int(11) NOT NULL AUTO_INCREMENT,
  `name` varchar(255) DEFAULT NULL,
  `active` int(11) DEFAULT '1',
  PRIMARY KEY (`id`)
) ENGINE=InnoDB  DEFAULT CHARSET=latin1 AUTO_INCREMENT=7 ;

--
-- Dumping data for table `emp_prefix`
--

INSERT INTO `emp_prefix` (`id`, `name`, `active`) VALUES
(2, 'Mrs', 1),
(3, 'Ms', 1),
(4, 'maam', 1),
(5, 'sir', 1),
(6, 'engr', 2);

-- --------------------------------------------------------

--
-- Table structure for table `emp_region`
--

CREATE TABLE IF NOT EXISTS `emp_region` (
  `id` int(11) NOT NULL AUTO_INCREMENT,
  `name` varchar(255) DEFAULT NULL,
  `active` int(11) DEFAULT '1',
  PRIMARY KEY (`id`)
) ENGINE=InnoDB  DEFAULT CHARSET=latin1 AUTO_INCREMENT=4 ;

--
-- Dumping data for table `emp_region`
--

INSERT INTO `emp_region` (`id`, `name`, `active`) VALUES
(1, '0', 2),
(2, 'IV-A', 1),
(3, 'asdf', 1);

-- --------------------------------------------------------

--
-- Table structure for table `emp_reporting_method`
--

CREATE TABLE IF NOT EXISTS `emp_reporting_method` (
  `id` int(11) NOT NULL AUTO_INCREMENT,
  `name` varchar(225) DEFAULT NULL,
  `active` int(11) DEFAULT '1',
  PRIMARY KEY (`id`)
) ENGINE=InnoDB  DEFAULT CHARSET=latin1 AUTO_INCREMENT=4 ;

--
-- Dumping data for table `emp_reporting_method`
--

INSERT INTO `emp_reporting_method` (`id`, `name`, `active`) VALUES
(1, 'Direct', 1),
(2, 'Indirect', 1),
(3, 'derrrss', 2);

-- --------------------------------------------------------

--
-- Table structure for table `emp_status`
--

CREATE TABLE IF NOT EXISTS `emp_status` (
  `id` int(11) NOT NULL AUTO_INCREMENT,
  `name` varchar(255) DEFAULT NULL,
  `active` int(11) DEFAULT '1',
  PRIMARY KEY (`id`)
) ENGINE=InnoDB  DEFAULT CHARSET=latin1 AUTO_INCREMENT=3 ;

--
-- Dumping data for table `emp_status`
--

INSERT INTO `emp_status` (`id`, `name`, `active`) VALUES
(1, 'Regular', 1),
(2, 'Contractual', 1);

-- --------------------------------------------------------

--
-- Table structure for table `emp_taxstatus`
--

CREATE TABLE IF NOT EXISTS `emp_taxstatus` (
  `id` int(11) NOT NULL AUTO_INCREMENT,
  `name` varchar(255) DEFAULT NULL,
  `active` int(11) DEFAULT '1',
  PRIMARY KEY (`id`)
) ENGINE=InnoDB  DEFAULT CHARSET=latin1 AUTO_INCREMENT=7 ;

--
-- Dumping data for table `emp_taxstatus`
--

INSERT INTO `emp_taxstatus` (`id`, `name`, `active`) VALUES
(1, 'Single with no Dependents', 1),
(2, 'Editthis', 2),
(3, 'Single with dependents', 1),
(4, 'Marriage with one Dependents', 1),
(5, 'Marriage with two Dependents', 1),
(6, 'Mariage with no Dependents', 1);

-- --------------------------------------------------------

--
-- Table structure for table `emp_trucker_remarks`
--

CREATE TABLE IF NOT EXISTS `emp_trucker_remarks` (
  `id` int(11) NOT NULL AUTO_INCREMENT,
  `dateencoded` date DEFAULT NULL,
  `datereminder` date DEFAULT NULL,
  `description` varchar(10000) DEFAULT NULL,
  `remarks` int(11) DEFAULT NULL,
  `emp_no` varchar(255) DEFAULT NULL,
  `createdby` varchar(255) DEFAULT NULL,
  `datecreatedby` date DEFAULT NULL,
  `datemodified` date DEFAULT NULL,
  `modifiedby` int(11) DEFAULT NULL,
  `active` int(11) DEFAULT '1',
  PRIMARY KEY (`id`)
) ENGINE=InnoDB  DEFAULT CHARSET=latin1 AUTO_INCREMENT=9 ;

--
-- Dumping data for table `emp_trucker_remarks`
--

INSERT INTO `emp_trucker_remarks` (`id`, `dateencoded`, `datereminder`, `description`, `remarks`, `emp_no`, `createdby`, `datecreatedby`, `datemodified`, `modifiedby`, `active`) VALUES
(3, '2014-11-23', '2014-11-23', 'testing', 1, '10006', '2', '2014-11-23', NULL, NULL, 1),
(4, '2014-11-23', '2014-11-23', 'testing', 1, '10006', '2', '2014-11-23', NULL, NULL, 1),
(5, '2014-11-23', '2014-11-23', 'testing uid test errs', 1, '10006', '2', '2014-11-23', '2014-11-23', 2, 1),
(6, '2014-11-04', '2014-11-11', 'making my way down town, walking fast,\r\nstaring blanking a head.\r\nmaking my making my way.\r\nAnd I need you, and I miss you and now I wonder, do you think town.\r\nDid you forget.. that i was even alive.', 1, '10006', '2', '2014-11-23', '2014-11-23', 2, 1),
(7, '2014-11-04', '2014-11-05', 'test', 2, '10006', '2', '2014-11-23', NULL, NULL, 1),
(8, '2014-11-23', '2014-11-24', 'errs', 2, '10007', '2', '2014-11-23', '2014-11-23', 2, 1);

-- --------------------------------------------------------

--
-- Table structure for table `emp_workexp`
--

CREATE TABLE IF NOT EXISTS `emp_workexp` (
  `id` int(11) NOT NULL AUTO_INCREMENT,
  `emp_id` int(11) DEFAULT NULL,
  `co_name` varchar(255) DEFAULT NULL,
  `co_add` varchar(255) DEFAULT NULL,
  `co_province` varchar(255) DEFAULT NULL,
  `co_city` varchar(255) DEFAULT NULL,
  `co_zip` int(11) DEFAULT NULL,
  `position` varchar(255) DEFAULT NULL,
  `co_contact` int(11) DEFAULT NULL,
  `head` varchar(255) DEFAULT NULL,
  `in_date` date DEFAULT NULL,
  `ex_date` date DEFAULT NULL,
  `reason` varchar(10000) DEFAULT NULL,
  `notes` varchar(10000) DEFAULT NULL,
  `current` int(11) DEFAULT '0',
  PRIMARY KEY (`id`)
) ENGINE=InnoDB  DEFAULT CHARSET=latin1 AUTO_INCREMENT=16 ;

--
-- Dumping data for table `emp_workexp`
--

INSERT INTO `emp_workexp` (`id`, `emp_id`, `co_name`, `co_add`, `co_province`, `co_city`, `co_zip`, `position`, `co_contact`, `head`, `in_date`, `ex_date`, `reason`, `notes`, `current`) VALUES
(1, 2, 'testing', 'df', '', '', NULL, 'df', NULL, '', '2014-09-06', '2014-09-20', '', '', 0),
(2, 8, NULL, NULL, NULL, NULL, NULL, NULL, NULL, NULL, '2014-09-05', '2014-11-12', NULL, NULL, 0),
(3, 2, 'asdf', 'asdf', 'asdf', 'asdf', 4444, 'asdf', 2147483647, 'asdf', '2014-08-27', '2014-09-06', 'asdf', '', 0),
(4, 2, 'imperium technology', '7 F YL Building', 'Makati', 'Makaati', 4889, 'asdf', 2147483647, 'gary', '2014-08-17', '2014-08-26', 'asdf', '', 0),
(5, 2, 'asdf', '', '', '', NULL, '', NULL, '', '2014-11-08', '2014-11-13', '', '', 0),
(6, 7, NULL, NULL, NULL, NULL, NULL, NULL, NULL, NULL, '2014-11-09', '2014-11-14', NULL, NULL, 0),
(7, 6, NULL, NULL, NULL, NULL, NULL, NULL, NULL, NULL, '2014-11-10', '2014-11-16', NULL, NULL, 0),
(8, 5, NULL, NULL, NULL, NULL, NULL, NULL, NULL, NULL, '2014-11-11', '2014-11-18', NULL, NULL, 0),
(9, 3, 'asdf', '', '', '', NULL, '', NULL, '', '2014-11-12', '2014-11-24', '', '', 0),
(10, 4, 'mayche', '', '', '', NULL, '', NULL, '', '2014-11-20', '2014-11-27', '', '', 0),
(11, 2, 'testig', 'fd', '', '', NULL, 'f', NULL, '', '2014-09-21', '2014-09-30', '', '', 0),
(12, 2, 'chesting', 'dasdf', '', '', NULL, 'asdf', NULL, '', '2014-08-03', '2014-08-16', '', '', 0),
(13, 9, 'asdf', 'asdf', 'ASDF', 'ASDF', 2222, 'sdf', 99999999, 'asdf', '2014-09-01', '2014-09-30', 'sdf', '', 0),
(14, 16, 'United Graphic Expression Corp', 'Dasmarinas Technopark', 'Cavite', 'Dasmarinas', 4114, 'Systems Engineer', 234567801, '', '2012-10-01', '2014-10-31', 'Change Career', '', 0),
(15, 15, 'United Graphic Expression Corp', 'Dasmarinas Technopark', 'Cavite', 'Dasmarinas', 4114, 'System Engineer', NULL, '', '2012-10-01', '2014-10-31', '', '', 0);

-- --------------------------------------------------------

--
-- Table structure for table `events`
--

CREATE TABLE IF NOT EXISTS `events` (
  `id` int(10) unsigned NOT NULL AUTO_INCREMENT,
  `user_id` int(10) unsigned NOT NULL,
  `title` varchar(1000) DEFAULT NULL,
  `desc` text NOT NULL,
  `type` int(255) NOT NULL,
  `allDay` smallint(5) unsigned NOT NULL DEFAULT '0',
  `start` int(10) unsigned DEFAULT NULL,
  `end` int(10) unsigned DEFAULT NULL,
  `editable` tinyint(1) NOT NULL DEFAULT '1',
  `placeholder` varchar(120) DEFAULT NULL,
  `code` int(11) NOT NULL,
  PRIMARY KEY (`id`)
) ENGINE=InnoDB DEFAULT CHARSET=utf8 AUTO_INCREMENT=1 ;

-- --------------------------------------------------------

--
-- Table structure for table `events_helper`
--

CREATE TABLE IF NOT EXISTS `events_helper` (
  `id` int(10) unsigned NOT NULL AUTO_INCREMENT,
  `type` int(255) NOT NULL,
  `user_id` int(10) unsigned NOT NULL,
  `title` varchar(1000) DEFAULT NULL,
  PRIMARY KEY (`id`)
) ENGINE=InnoDB DEFAULT CHARSET=utf8 AUTO_INCREMENT=1 ;

-- --------------------------------------------------------

--
-- Table structure for table `events_old`
--

CREATE TABLE IF NOT EXISTS `events_old` (
  `id` int(11) NOT NULL AUTO_INCREMENT,
  `title` varchar(255) COLLATE utf8_unicode_ci DEFAULT NULL,
  `description` varchar(255) COLLATE utf8_unicode_ci DEFAULT NULL,
  `start_date` datetime DEFAULT NULL,
  `end_date` datetime DEFAULT NULL,
  `is_common` tinyint(1) DEFAULT '0',
  `is_holiday` tinyint(1) DEFAULT '0',
  `is_exam` tinyint(1) DEFAULT '0',
  `is_due` tinyint(1) DEFAULT '0',
  `created_at` datetime DEFAULT NULL,
  `updated_at` datetime DEFAULT NULL,
  `origin_id` int(11) DEFAULT NULL,
  `origin_type` varchar(255) COLLATE utf8_unicode_ci DEFAULT NULL,
  PRIMARY KEY (`id`),
  KEY `index_events_on_is_common_and_is_holiday_and_is_exam` (`is_common`,`is_holiday`,`is_exam`)
) ENGINE=InnoDB DEFAULT CHARSET=utf8 COLLATE=utf8_unicode_ci AUTO_INCREMENT=1 ;

-- --------------------------------------------------------

--
-- Table structure for table `events_type`
--

CREATE TABLE IF NOT EXISTS `events_type` (
  `id` int(11) NOT NULL AUTO_INCREMENT,
  `name` varchar(120) DEFAULT NULL,
  `colour_code` varchar(120) DEFAULT NULL,
  PRIMARY KEY (`id`)
) ENGINE=InnoDB  DEFAULT CHARSET=latin1 AUTO_INCREMENT=6 ;

--
-- Dumping data for table `events_type`
--

INSERT INTO `events_type` (`id`, `name`, `colour_code`) VALUES
(2, 'Holidays', '#9ff78f'),
(3, 'Notice', '#ffa600'),
(4, 'Meeting', '#689af7'),
(5, 'testing', '#c28080');

-- --------------------------------------------------------

--
-- Table structure for table `events_user_preference`
--

CREATE TABLE IF NOT EXISTS `events_user_preference` (
  `user_id` int(10) unsigned NOT NULL,
  `mobile` varchar(20) DEFAULT NULL,
  `mobile_alert` tinyint(1) NOT NULL DEFAULT '0',
  `email` varchar(40) DEFAULT NULL,
  `email_alert` tinyint(1) NOT NULL DEFAULT '0',
  PRIMARY KEY (`user_id`)
) ENGINE=InnoDB DEFAULT CHARSET=utf8;

--
-- Dumping data for table `events_user_preference`
--

INSERT INTO `events_user_preference` (`user_id`, `mobile`, `mobile_alert`, `email`, `email_alert`) VALUES
(1, NULL, 0, NULL, 0),
(2, NULL, 0, NULL, 0),
(3, NULL, 0, NULL, 0),
(4, NULL, 0, NULL, 0),
(5, NULL, 0, NULL, 0),
(11, NULL, 0, NULL, 0);

-- --------------------------------------------------------

--
-- Table structure for table `exams`
--

CREATE TABLE IF NOT EXISTS `exams` (
  `id` int(11) NOT NULL AUTO_INCREMENT,
  `exam_group_id` int(11) DEFAULT NULL,
  `subject_id` int(11) DEFAULT NULL,
  `start_time` datetime DEFAULT NULL,
  `end_time` datetime DEFAULT NULL,
  `maximum_marks` decimal(10,2) DEFAULT NULL,
  `minimum_marks` decimal(10,2) DEFAULT NULL,
  `grading_level_id` int(11) DEFAULT NULL,
  `weightage` int(11) DEFAULT '0',
  `event_id` int(11) DEFAULT NULL,
  `created_at` datetime DEFAULT NULL,
  `updated_at` datetime DEFAULT NULL,
  PRIMARY KEY (`id`),
  KEY `index_exams_on_exam_group_id_and_subject_id` (`exam_group_id`,`subject_id`)
) ENGINE=InnoDB DEFAULT CHARSET=utf8 COLLATE=utf8_unicode_ci AUTO_INCREMENT=1 ;

-- --------------------------------------------------------

--
-- Table structure for table `exam_groups`
--

CREATE TABLE IF NOT EXISTS `exam_groups` (
  `id` int(11) NOT NULL AUTO_INCREMENT,
  `name` varchar(255) COLLATE utf8_unicode_ci DEFAULT NULL,
  `batch_id` int(11) DEFAULT NULL,
  `exam_type` varchar(255) COLLATE utf8_unicode_ci DEFAULT NULL,
  `is_published` tinyint(1) DEFAULT '0',
  `result_published` tinyint(1) DEFAULT '0',
  `exam_date` date DEFAULT NULL,
  PRIMARY KEY (`id`)
) ENGINE=InnoDB DEFAULT CHARSET=utf8 COLLATE=utf8_unicode_ci AUTO_INCREMENT=1 ;

-- --------------------------------------------------------

--
-- Table structure for table `exam_scores`
--

CREATE TABLE IF NOT EXISTS `exam_scores` (
  `id` int(11) NOT NULL AUTO_INCREMENT,
  `student_id` int(11) DEFAULT NULL,
  `exam_id` int(11) DEFAULT NULL,
  `marks` decimal(7,2) DEFAULT NULL,
  `grading_level_id` int(11) DEFAULT NULL,
  `remarks` varchar(255) COLLATE utf8_unicode_ci DEFAULT NULL,
  `is_failed` tinyint(1) DEFAULT NULL,
  `created_at` datetime DEFAULT NULL,
  `updated_at` datetime DEFAULT NULL,
  PRIMARY KEY (`id`),
  KEY `index_exam_scores_on_student_id_and_exam_id` (`student_id`,`exam_id`)
) ENGINE=InnoDB DEFAULT CHARSET=utf8 COLLATE=utf8_unicode_ci AUTO_INCREMENT=1 ;

-- --------------------------------------------------------

--
-- Table structure for table `fee_collection_discounts`
--

CREATE TABLE IF NOT EXISTS `fee_collection_discounts` (
  `id` int(11) NOT NULL AUTO_INCREMENT,
  `type` varchar(255) COLLATE utf8_unicode_ci DEFAULT NULL,
  `name` varchar(255) COLLATE utf8_unicode_ci DEFAULT NULL,
  `receiver_id` int(11) DEFAULT NULL,
  `finance_fee_collection_id` int(11) DEFAULT NULL,
  `discount` decimal(15,2) DEFAULT NULL,
  `is_amount` tinyint(1) DEFAULT '0',
  `created_at` datetime DEFAULT NULL,
  `updated_at` datetime DEFAULT NULL,
  PRIMARY KEY (`id`)
) ENGINE=InnoDB DEFAULT CHARSET=utf8 COLLATE=utf8_unicode_ci AUTO_INCREMENT=1 ;

-- --------------------------------------------------------

--
-- Table structure for table `fee_collection_particulars`
--

CREATE TABLE IF NOT EXISTS `fee_collection_particulars` (
  `id` int(11) NOT NULL AUTO_INCREMENT,
  `name` varchar(255) COLLATE utf8_unicode_ci DEFAULT NULL,
  `description` text COLLATE utf8_unicode_ci,
  `amount` decimal(12,2) DEFAULT NULL,
  `finance_fee_collection_id` int(11) DEFAULT NULL,
  `student_category_id` int(11) DEFAULT NULL,
  `admission_no` varchar(255) COLLATE utf8_unicode_ci DEFAULT NULL,
  `student_id` int(11) DEFAULT NULL,
  `is_deleted` tinyint(1) NOT NULL DEFAULT '0',
  `created_at` datetime DEFAULT NULL,
  `updated_at` datetime DEFAULT NULL,
  PRIMARY KEY (`id`)
) ENGINE=InnoDB DEFAULT CHARSET=utf8 COLLATE=utf8_unicode_ci AUTO_INCREMENT=1 ;

-- --------------------------------------------------------

--
-- Table structure for table `fee_discounts`
--

CREATE TABLE IF NOT EXISTS `fee_discounts` (
  `id` int(11) NOT NULL AUTO_INCREMENT,
  `type` varchar(255) COLLATE utf8_unicode_ci DEFAULT NULL,
  `name` varchar(255) COLLATE utf8_unicode_ci DEFAULT NULL,
  `receiver_id` int(11) DEFAULT NULL,
  `finance_fee_category_id` int(11) DEFAULT NULL,
  `discount` decimal(15,2) DEFAULT NULL,
  `is_amount` tinyint(1) DEFAULT '0',
  PRIMARY KEY (`id`)
) ENGINE=InnoDB DEFAULT CHARSET=utf8 COLLATE=utf8_unicode_ci AUTO_INCREMENT=1 ;

-- --------------------------------------------------------

--
-- Table structure for table `fee_receipt_details`
--

CREATE TABLE IF NOT EXISTS `fee_receipt_details` (
  `id` int(200) NOT NULL AUTO_INCREMENT,
  `student` int(11) NOT NULL,
  `batch` int(11) NOT NULL,
  `collection` int(11) NOT NULL,
  PRIMARY KEY (`id`)
) ENGINE=InnoDB DEFAULT CHARSET=latin1 AUTO_INCREMENT=1 ;

-- --------------------------------------------------------

--
-- Table structure for table `file_uploads`
--

CREATE TABLE IF NOT EXISTS `file_uploads` (
  `id` int(11) NOT NULL AUTO_INCREMENT,
  `title` varchar(100) NOT NULL,
  `category` int(11) NOT NULL,
  `placeholder` varchar(50) DEFAULT NULL,
  `course` int(11) DEFAULT NULL,
  `batch` int(11) DEFAULT NULL,
  `file` varchar(200) NOT NULL,
  `file_type` varchar(50) NOT NULL,
  `created_by` int(11) NOT NULL,
  `created_at` timestamp NOT NULL DEFAULT CURRENT_TIMESTAMP,
  PRIMARY KEY (`id`)
) ENGINE=InnoDB DEFAULT CHARSET=latin1 AUTO_INCREMENT=1 ;

-- --------------------------------------------------------

--
-- Table structure for table `file_uploads_category`
--

CREATE TABLE IF NOT EXISTS `file_uploads_category` (
  `id` int(11) NOT NULL AUTO_INCREMENT,
  `category` varchar(100) NOT NULL,
  `created_by` int(11) NOT NULL,
  `created_at` timestamp NOT NULL DEFAULT CURRENT_TIMESTAMP,
  PRIMARY KEY (`id`)
) ENGINE=InnoDB DEFAULT CHARSET=latin1 AUTO_INCREMENT=1 ;

-- --------------------------------------------------------

--
-- Table structure for table `finance_donations`
--

CREATE TABLE IF NOT EXISTS `finance_donations` (
  `id` int(11) NOT NULL AUTO_INCREMENT,
  `donor` varchar(255) COLLATE utf8_unicode_ci DEFAULT NULL,
  `description` varchar(255) COLLATE utf8_unicode_ci DEFAULT NULL,
  `amount` decimal(15,2) DEFAULT NULL,
  `transaction_id` int(11) DEFAULT NULL,
  `created_at` datetime DEFAULT NULL,
  `updated_at` datetime DEFAULT NULL,
  `transaction_date` date DEFAULT NULL,
  PRIMARY KEY (`id`)
) ENGINE=InnoDB DEFAULT CHARSET=utf8 COLLATE=utf8_unicode_ci AUTO_INCREMENT=1 ;

-- --------------------------------------------------------

--
-- Table structure for table `finance_fees`
--

CREATE TABLE IF NOT EXISTS `finance_fees` (
  `id` int(11) NOT NULL AUTO_INCREMENT,
  `fee_collection_id` int(11) DEFAULT NULL,
  `transaction_id` varchar(255) COLLATE utf8_unicode_ci DEFAULT NULL,
  `student_id` int(11) DEFAULT NULL,
  `is_paid` tinyint(1) DEFAULT '0',
  PRIMARY KEY (`id`),
  KEY `index_finance_fees_on_fee_collection_id_and_student_id` (`fee_collection_id`,`student_id`)
) ENGINE=InnoDB DEFAULT CHARSET=utf8 COLLATE=utf8_unicode_ci AUTO_INCREMENT=1 ;

-- --------------------------------------------------------

--
-- Table structure for table `finance_fee_categories`
--

CREATE TABLE IF NOT EXISTS `finance_fee_categories` (
  `id` int(11) NOT NULL AUTO_INCREMENT,
  `name` varchar(255) COLLATE utf8_unicode_ci DEFAULT NULL,
  `description` text COLLATE utf8_unicode_ci,
  `batch_id` int(11) DEFAULT NULL,
  `is_deleted` tinyint(1) NOT NULL DEFAULT '0',
  `is_master` tinyint(1) NOT NULL DEFAULT '0',
  `created_at` datetime DEFAULT NULL,
  `updated_at` datetime DEFAULT NULL,
  PRIMARY KEY (`id`)
) ENGINE=InnoDB DEFAULT CHARSET=utf8 COLLATE=utf8_unicode_ci AUTO_INCREMENT=1 ;

-- --------------------------------------------------------

--
-- Table structure for table `finance_fee_collections`
--

CREATE TABLE IF NOT EXISTS `finance_fee_collections` (
  `id` int(11) NOT NULL AUTO_INCREMENT,
  `name` varchar(255) COLLATE utf8_unicode_ci DEFAULT NULL,
  `start_date` date DEFAULT NULL,
  `end_date` date DEFAULT NULL,
  `due_date` date DEFAULT NULL,
  `fee_category_id` int(11) DEFAULT NULL,
  `batch_id` int(11) DEFAULT NULL,
  `is_deleted` tinyint(1) NOT NULL DEFAULT '0',
  PRIMARY KEY (`id`),
  KEY `index_finance_fee_collections_on_fee_category_id` (`fee_category_id`)
) ENGINE=InnoDB DEFAULT CHARSET=utf8 COLLATE=utf8_unicode_ci AUTO_INCREMENT=1 ;

-- --------------------------------------------------------

--
-- Table structure for table `finance_fee_particulars`
--

CREATE TABLE IF NOT EXISTS `finance_fee_particulars` (
  `id` int(11) NOT NULL AUTO_INCREMENT,
  `name` varchar(255) COLLATE utf8_unicode_ci DEFAULT NULL,
  `description` text COLLATE utf8_unicode_ci,
  `amount` decimal(15,2) DEFAULT NULL,
  `finance_fee_category_id` int(11) DEFAULT NULL,
  `student_category_id` int(11) DEFAULT NULL,
  `admission_no` varchar(255) COLLATE utf8_unicode_ci DEFAULT NULL,
  `student_id` int(11) DEFAULT NULL,
  `is_deleted` tinyint(1) NOT NULL DEFAULT '0',
  `created_at` datetime DEFAULT NULL,
  `updated_at` datetime DEFAULT NULL,
  PRIMARY KEY (`id`)
) ENGINE=InnoDB DEFAULT CHARSET=utf8 COLLATE=utf8_unicode_ci AUTO_INCREMENT=1 ;

-- --------------------------------------------------------

--
-- Table structure for table `finance_fee_structure_elements`
--

CREATE TABLE IF NOT EXISTS `finance_fee_structure_elements` (
  `id` int(11) NOT NULL AUTO_INCREMENT,
  `amount` decimal(15,2) DEFAULT NULL,
  `label` varchar(255) COLLATE utf8_unicode_ci DEFAULT NULL,
  `batch_id` int(11) DEFAULT NULL,
  `student_category_id` int(11) DEFAULT NULL,
  `student_id` int(11) DEFAULT NULL,
  `parent_id` int(11) DEFAULT NULL,
  `fee_collection_id` int(11) DEFAULT NULL,
  `deleted` tinyint(1) DEFAULT '0',
  PRIMARY KEY (`id`)
) ENGINE=InnoDB DEFAULT CHARSET=utf8 COLLATE=utf8_unicode_ci AUTO_INCREMENT=1 ;

-- --------------------------------------------------------

--
-- Table structure for table `finance_transactions`
--

CREATE TABLE IF NOT EXISTS `finance_transactions` (
  `id` int(11) NOT NULL AUTO_INCREMENT,
  `title` varchar(255) COLLATE utf8_unicode_ci DEFAULT NULL,
  `description` varchar(255) COLLATE utf8_unicode_ci DEFAULT NULL,
  `amount` decimal(15,2) DEFAULT NULL,
  `fine_included` tinyint(1) DEFAULT '0',
  `category_id` int(11) DEFAULT NULL,
  `student_id` int(11) DEFAULT NULL,
  `finance_fees_id` int(11) DEFAULT NULL,
  `created_at` datetime DEFAULT NULL,
  `updated_at` datetime DEFAULT NULL,
  `transaction_date` date DEFAULT NULL,
  `fine_amount` decimal(10,2) DEFAULT '0.00',
  `master_transaction_id` int(11) DEFAULT '0',
  `finance_id` int(11) DEFAULT NULL,
  `finance_type` varchar(255) COLLATE utf8_unicode_ci DEFAULT NULL,
  `payee_id` int(11) DEFAULT NULL,
  `payee_type` varchar(255) COLLATE utf8_unicode_ci DEFAULT NULL,
  `receipt_no` varchar(255) COLLATE utf8_unicode_ci DEFAULT NULL,
  `voucher_no` varchar(255) COLLATE utf8_unicode_ci DEFAULT NULL,
  PRIMARY KEY (`id`)
) ENGINE=InnoDB DEFAULT CHARSET=utf8 COLLATE=utf8_unicode_ci AUTO_INCREMENT=1 ;

-- --------------------------------------------------------

--
-- Table structure for table `finance_transaction_categories`
--

CREATE TABLE IF NOT EXISTS `finance_transaction_categories` (
  `id` int(11) NOT NULL AUTO_INCREMENT,
  `name` varchar(255) COLLATE utf8_unicode_ci DEFAULT NULL,
  `description` varchar(255) COLLATE utf8_unicode_ci DEFAULT NULL,
  `is_income` tinyint(1) DEFAULT NULL,
  `deleted` tinyint(1) NOT NULL DEFAULT '0',
  PRIMARY KEY (`id`)
) ENGINE=InnoDB DEFAULT CHARSET=utf8 COLLATE=utf8_unicode_ci AUTO_INCREMENT=1 ;

-- --------------------------------------------------------

--
-- Table structure for table `finance_transaction_triggers`
--

CREATE TABLE IF NOT EXISTS `finance_transaction_triggers` (
  `id` int(11) NOT NULL AUTO_INCREMENT,
  `finance_category_id` int(11) DEFAULT NULL,
  `percentage` decimal(8,2) DEFAULT NULL,
  `title` varchar(255) COLLATE utf8_unicode_ci DEFAULT NULL,
  `description` varchar(255) COLLATE utf8_unicode_ci DEFAULT NULL,
  PRIMARY KEY (`id`)
) ENGINE=InnoDB DEFAULT CHARSET=utf8 COLLATE=utf8_unicode_ci AUTO_INCREMENT=1 ;

-- --------------------------------------------------------

--
-- Table structure for table `floor`
--

CREATE TABLE IF NOT EXISTS `floor` (
  `id` int(11) NOT NULL AUTO_INCREMENT,
  `hostel_id` varchar(120) DEFAULT NULL,
  `floor_no` varchar(120) DEFAULT NULL,
  `no_of_rooms` varchar(120) DEFAULT NULL,
  `created` varchar(120) DEFAULT NULL,
  PRIMARY KEY (`id`)
) ENGINE=InnoDB DEFAULT CHARSET=latin1 AUTO_INCREMENT=1 ;

-- --------------------------------------------------------

--
-- Table structure for table `folder`
--

CREATE TABLE IF NOT EXISTS `folder` (
  `id` int(50) NOT NULL AUTO_INCREMENT,
  `uid` int(50) NOT NULL,
  `mid` int(50) NOT NULL,
  `fid` int(50) NOT NULL,
  PRIMARY KEY (`id`)
) ENGINE=InnoDB DEFAULT CHARSET=latin1 AUTO_INCREMENT=1 ;

-- --------------------------------------------------------

--
-- Table structure for table `food_info`
--

CREATE TABLE IF NOT EXISTS `food_info` (
  `id` int(11) NOT NULL AUTO_INCREMENT,
  `food_preference` varchar(120) DEFAULT NULL,
  `amount` varchar(120) DEFAULT NULL,
  `is_deleted` int(10) NOT NULL,
  PRIMARY KEY (`id`)
) ENGINE=InnoDB DEFAULT CHARSET=latin1 AUTO_INCREMENT=1 ;

-- --------------------------------------------------------

--
-- Table structure for table `fuel_consumption`
--

CREATE TABLE IF NOT EXISTS `fuel_consumption` (
  `id` int(11) NOT NULL AUTO_INCREMENT,
  `vehicle_id` varchar(120) DEFAULT NULL,
  `fuel_consumed` varchar(120) DEFAULT NULL,
  `amount` varchar(120) DEFAULT NULL,
  `consumed_date` date DEFAULT NULL,
  PRIMARY KEY (`id`)
) ENGINE=InnoDB DEFAULT CHARSET=latin1 AUTO_INCREMENT=1 ;

-- --------------------------------------------------------

--
-- Table structure for table `grading_levels`
--

CREATE TABLE IF NOT EXISTS `grading_levels` (
  `id` int(11) NOT NULL AUTO_INCREMENT,
  `name` varchar(255) COLLATE utf8_unicode_ci DEFAULT NULL,
  `batch_id` int(11) DEFAULT NULL,
  `min_score` int(11) DEFAULT NULL,
  `order` int(11) DEFAULT NULL,
  `is_deleted` tinyint(1) DEFAULT '0',
  `created_at` datetime DEFAULT NULL,
  `updated_at` datetime DEFAULT NULL,
  PRIMARY KEY (`id`),
  KEY `index_grading_levels_on_batch_id_and_is_deleted` (`batch_id`,`is_deleted`)
) ENGINE=InnoDB  DEFAULT CHARSET=utf8 COLLATE=utf8_unicode_ci AUTO_INCREMENT=7 ;

--
-- Dumping data for table `grading_levels`
--

INSERT INTO `grading_levels` (`id`, `name`, `batch_id`, `min_score`, `order`, `is_deleted`, `created_at`, `updated_at`) VALUES
(1, 'A', NULL, 90, NULL, 0, '2012-02-20 13:41:10', '2012-02-20 13:41:10'),
(2, 'B', NULL, 80, NULL, 0, '2012-02-20 13:41:10', '2012-02-20 13:41:10'),
(3, 'C', NULL, 70, NULL, 0, '2012-02-20 13:41:11', '2012-02-20 13:41:11'),
(4, 'D', NULL, 60, NULL, 0, '2012-02-20 13:41:11', '2012-02-20 13:41:11'),
(5, 'E', NULL, 50, NULL, 0, '2012-02-20 13:41:11', '2012-02-20 13:41:11'),
(6, 'F', NULL, 40, NULL, 0, '2012-02-20 13:41:11', '2012-02-20 13:41:11');

-- --------------------------------------------------------

--
-- Table structure for table `grouped_exams`
--

CREATE TABLE IF NOT EXISTS `grouped_exams` (
  `id` int(11) NOT NULL AUTO_INCREMENT,
  `exam_group_id` int(11) DEFAULT NULL,
  `batch_id` int(11) DEFAULT NULL,
  PRIMARY KEY (`id`),
  KEY `index_grouped_exams_on_batch_id` (`batch_id`)
) ENGINE=InnoDB DEFAULT CHARSET=utf8 COLLATE=utf8_unicode_ci AUTO_INCREMENT=1 ;

-- --------------------------------------------------------

--
-- Table structure for table `groups`
--

CREATE TABLE IF NOT EXISTS `groups` (
  `id` int(11) NOT NULL AUTO_INCREMENT,
  `grp_name` varchar(50) NOT NULL,
  `users_ids` varchar(120) NOT NULL,
  PRIMARY KEY (`id`)
) ENGINE=InnoDB DEFAULT CHARSET=latin1 AUTO_INCREMENT=1 ;

-- --------------------------------------------------------

--
-- Table structure for table `guardians`
--

CREATE TABLE IF NOT EXISTS `guardians` (
  `id` int(11) NOT NULL AUTO_INCREMENT,
  `uid` int(120) NOT NULL,
  `ward_id` int(11) DEFAULT NULL,
  `first_name` varchar(255) COLLATE utf8_unicode_ci DEFAULT NULL,
  `last_name` varchar(255) COLLATE utf8_unicode_ci DEFAULT NULL,
  `relation` varchar(255) COLLATE utf8_unicode_ci DEFAULT NULL,
  `email` varchar(255) COLLATE utf8_unicode_ci DEFAULT NULL,
  `office_phone1` varchar(255) COLLATE utf8_unicode_ci DEFAULT NULL,
  `office_phone2` varchar(255) COLLATE utf8_unicode_ci DEFAULT NULL,
  `mobile_phone` varchar(255) COLLATE utf8_unicode_ci DEFAULT NULL,
  `office_address_line1` varchar(255) COLLATE utf8_unicode_ci DEFAULT NULL,
  `office_address_line2` varchar(255) COLLATE utf8_unicode_ci DEFAULT NULL,
  `city` varchar(255) COLLATE utf8_unicode_ci DEFAULT NULL,
  `state` varchar(255) COLLATE utf8_unicode_ci DEFAULT NULL,
  `country_id` int(11) DEFAULT NULL,
  `dob` date DEFAULT NULL,
  `occupation` varchar(255) COLLATE utf8_unicode_ci DEFAULT NULL,
  `income` varchar(255) COLLATE utf8_unicode_ci DEFAULT NULL,
  `education` varchar(255) COLLATE utf8_unicode_ci DEFAULT NULL,
  `created_at` datetime DEFAULT NULL,
  `updated_at` datetime DEFAULT NULL,
  PRIMARY KEY (`id`)
) ENGINE=InnoDB DEFAULT CHARSET=utf8 COLLATE=utf8_unicode_ci AUTO_INCREMENT=1 ;

-- --------------------------------------------------------

--
-- Table structure for table `hosteldetails`
--

CREATE TABLE IF NOT EXISTS `hosteldetails` (
  `id` int(11) NOT NULL AUTO_INCREMENT,
  `hostel_name` varchar(120) DEFAULT NULL,
  `address` varchar(120) DEFAULT NULL,
  `is_deleted` int(11) NOT NULL DEFAULT '0',
  PRIMARY KEY (`id`)
) ENGINE=InnoDB DEFAULT CHARSET=latin1 AUTO_INCREMENT=1 ;

-- --------------------------------------------------------

--
-- Table structure for table `incident_status`
--

CREATE TABLE IF NOT EXISTS `incident_status` (
  `id` int(11) NOT NULL AUTO_INCREMENT,
  `name` varchar(225) DEFAULT NULL,
  `active` int(11) DEFAULT '1',
  PRIMARY KEY (`id`)
) ENGINE=InnoDB  DEFAULT CHARSET=latin1 AUTO_INCREMENT=2 ;

--
-- Dumping data for table `incident_status`
--

INSERT INTO `incident_status` (`id`, `name`, `active`) VALUES
(1, 'Reported to NBI', 1);

-- --------------------------------------------------------

--
-- Table structure for table `individual_payslip_categories`
--

CREATE TABLE IF NOT EXISTS `individual_payslip_categories` (
  `id` int(11) NOT NULL AUTO_INCREMENT,
  `employee_id` int(11) DEFAULT NULL,
  `salary_date` date DEFAULT NULL,
  `name` varchar(255) COLLATE utf8_unicode_ci DEFAULT NULL,
  `amount` varchar(255) COLLATE utf8_unicode_ci DEFAULT NULL,
  `is_deduction` tinyint(1) DEFAULT NULL,
  `include_every_month` tinyint(1) DEFAULT NULL,
  PRIMARY KEY (`id`)
) ENGINE=InnoDB DEFAULT CHARSET=utf8 COLLATE=utf8_unicode_ci AUTO_INCREMENT=1 ;

-- --------------------------------------------------------

--
-- Table structure for table `inlandbrokers`
--

CREATE TABLE IF NOT EXISTS `inlandbrokers` (
  `id` int(11) NOT NULL AUTO_INCREMENT,
  `name` varchar(225) DEFAULT NULL,
  `status` int(11) DEFAULT '1',
  PRIMARY KEY (`id`)
) ENGINE=InnoDB  DEFAULT CHARSET=latin1 AUTO_INCREMENT=3 ;

--
-- Dumping data for table `inlandbrokers`
--

INSERT INTO `inlandbrokers` (`id`, `name`, `status`) VALUES
(1, 'testing for truckers', 1),
(2, 'testing for trucks', 1);

-- --------------------------------------------------------

--
-- Table structure for table `inland_marine_status`
--

CREATE TABLE IF NOT EXISTS `inland_marine_status` (
  `id` int(11) NOT NULL AUTO_INCREMENT,
  `name` varchar(225) DEFAULT NULL,
  `active` int(11) DEFAULT '1',
  PRIMARY KEY (`id`)
) ENGINE=InnoDB  DEFAULT CHARSET=latin1 AUTO_INCREMENT=4 ;

--
-- Dumping data for table `inland_marine_status`
--

INSERT INTO `inland_marine_status` (`id`, `name`, `active`) VALUES
(1, 'Active', 1),
(2, 'Inactive', 1),
(3, 'Suspended', 1);

-- --------------------------------------------------------

--
-- Table structure for table `inland_marine_trucker`
--

CREATE TABLE IF NOT EXISTS `inland_marine_trucker` (
  `id` int(11) NOT NULL AUTO_INCREMENT,
  `trucker_id` varchar(225) DEFAULT NULL,
  `policy_number` varchar(255) DEFAULT NULL,
  `broker_name` int(225) DEFAULT NULL,
  `subs_date` date DEFAULT NULL,
  `expire_date` date DEFAULT NULL,
  `status` int(11) DEFAULT NULL,
  PRIMARY KEY (`id`)
) ENGINE=InnoDB  DEFAULT CHARSET=latin1 AUTO_INCREMENT=4 ;

--
-- Dumping data for table `inland_marine_trucker`
--

INSERT INTO `inland_marine_trucker` (`id`, `trucker_id`, `policy_number`, `broker_name`, `subs_date`, `expire_date`, `status`) VALUES
(1, '', '123', 1, '2014-10-01', '2014-10-31', 1),
(2, '', '12444444', 1, '2014-11-01', '2014-11-30', 2),
(3, '', '1234562222', 1, '2014-11-30', '2014-11-01', 2);

-- --------------------------------------------------------

--
-- Table structure for table `inland_marine_trucks`
--

CREATE TABLE IF NOT EXISTS `inland_marine_trucks` (
  `id` int(11) NOT NULL AUTO_INCREMENT,
  `truck_id` varchar(225) DEFAULT NULL,
  `truckerid` varchar(255) DEFAULT NULL,
  `policy_number` varchar(255) DEFAULT NULL,
  `broker_name` int(225) DEFAULT NULL,
  `subs_date` date DEFAULT NULL,
  `expire_date` date DEFAULT NULL,
  `status` int(11) DEFAULT NULL,
  `datecreated` date DEFAULT NULL,
  PRIMARY KEY (`id`)
) ENGINE=InnoDB  DEFAULT CHARSET=latin1 AUTO_INCREMENT=20 ;

--
-- Dumping data for table `inland_marine_trucks`
--

INSERT INTO `inland_marine_trucks` (`id`, `truck_id`, `truckerid`, `policy_number`, `broker_name`, `subs_date`, `expire_date`, `status`, `datecreated`) VALUES
(6, 'T-0000046', 'E-00010', NULL, NULL, '2014-10-05', '0000-00-00', 2, NULL),
(7, 'T-0000003', 'E-00001', NULL, NULL, '2014-10-01', '2014-10-31', 2, NULL),
(13, 'T-0000016', 'E-00004', NULL, NULL, '2014-11-05', NULL, 2, NULL),
(14, 'T-0000011', 'E-00003', NULL, NULL, '2014-11-06', NULL, 2, NULL),
(16, 'T-0000006', 'E-00002', NULL, NULL, '2014-11-07', NULL, 1, NULL),
(17, 'T-0000052', 'E-00001', NULL, NULL, '2014-11-07', NULL, 1, NULL),
(18, 'T-0000001', 'E-00001', NULL, NULL, '2014-11-07', NULL, 1, NULL),
(19, 'T-0000031', 'E-00007', NULL, NULL, '2014-11-07', NULL, 1, NULL);

-- --------------------------------------------------------

--
-- Table structure for table `insurance`
--

CREATE TABLE IF NOT EXISTS `insurance` (
  `id` int(11) NOT NULL AUTO_INCREMENT,
  `ctpl_broker` varchar(225) DEFAULT NULL,
  `ctpl_insurer` varchar(255) DEFAULT NULL,
  `ctpl_policy_no` varchar(255) DEFAULT NULL,
  `ctpl_coverage` varchar(255) DEFAULT NULL,
  `ctpl_dateissued` date DEFAULT NULL,
  `ctpl_dateexpire` date DEFAULT NULL,
  `compre_broker` varchar(255) DEFAULT NULL,
  `compre_insurer` varchar(255) DEFAULT NULL,
  `compre_policy_number` varchar(255) DEFAULT NULL,
  `compre_coverage` varchar(255) DEFAULT NULL,
  `compre_dateissued` date DEFAULT NULL,
  `compre_dateexpire` date DEFAULT NULL,
  `pa_broker` varchar(255) DEFAULT NULL,
  `pa_insurer` varchar(255) DEFAULT NULL,
  `pa_policy_no` varchar(255) DEFAULT NULL,
  `pa_coverage` varchar(255) DEFAULT NULL,
  `pa_dateissued` date DEFAULT NULL,
  `pa_dateexpire` date DEFAULT NULL,
  `truck_id` varchar(255) DEFAULT NULL,
  `trucker_id` varchar(255) DEFAULT NULL,
  `active` int(11) DEFAULT '1',
  PRIMARY KEY (`id`)
) ENGINE=InnoDB  DEFAULT CHARSET=latin1 AUTO_INCREMENT=6 ;

--
-- Dumping data for table `insurance`
--

INSERT INTO `insurance` (`id`, `ctpl_broker`, `ctpl_insurer`, `ctpl_policy_no`, `ctpl_coverage`, `ctpl_dateissued`, `ctpl_dateexpire`, `compre_broker`, `compre_insurer`, `compre_policy_number`, `compre_coverage`, `compre_dateissued`, `compre_dateexpire`, `pa_broker`, `pa_insurer`, `pa_policy_no`, `pa_coverage`, `pa_dateissued`, `pa_dateexpire`, `truck_id`, `trucker_id`, `active`) VALUES
(1, 'asdf`', 'asdf', '45', 'asdf', '2014-10-01', '2014-10-31', 'asf', 'sdf', 'asdf', 'sdf', '2014-10-01', '2014-10-31', 'erty', 'dfg', 'df', 'gdfg', '2014-10-01', '2014-10-31', 'T-0000001', 'E-00001', 1),
(2, 'asdf`', 'asdf', '45', 'asdf', '2014-10-01', '2014-10-31', 'asf', 'sdf', 'asdf', 'sdf', '2014-10-01', '0000-00-00', 'erty', 'dfg', 'df', 'gdfg', '2014-10-01', '2014-10-31', 'T-0000002', 'E-00001', 1),
(3, 'asdf`errrrrrr', 'asdf', '45', 'asdf', '0000-00-00', '2014-10-31', '', '', '', '', '0000-00-00', '0000-00-00', '', '', '', '', '0000-00-00', '0000-00-00', 'T-0000032', 'E-00007', 1),
(4, 'asdf`asdf', '', '', '', '0000-00-00', '0000-00-00', '', '', '', '', '0000-00-00', '0000-00-00', '', '', '', '', '0000-00-00', '0000-00-00', 'T-0000004', 'E-00001', 1),
(5, 'jh', '', '', '', '0000-00-00', '0000-00-00', '', '', '', '', '0000-00-00', '0000-00-00', '', '', '', '', '0000-00-00', '0000-00-00', 'T-0000046', 'E-00010', 1);

-- --------------------------------------------------------

--
-- Table structure for table `languages`
--

CREATE TABLE IF NOT EXISTS `languages` (
  `id` int(11) NOT NULL AUTO_INCREMENT,
  `name` varchar(255) COLLATE utf8_unicode_ci DEFAULT NULL,
  `code` varchar(255) COLLATE utf8_unicode_ci DEFAULT NULL,
  PRIMARY KEY (`id`)
) ENGINE=InnoDB  DEFAULT CHARSET=utf8 COLLATE=utf8_unicode_ci AUTO_INCREMENT=3 ;

--
-- Dumping data for table `languages`
--

INSERT INTO `languages` (`id`, `name`, `code`) VALUES
(1, 'English', 'en'),
(2, 'Spanish', 'es');

-- --------------------------------------------------------

--
-- Table structure for table `liabilities`
--

CREATE TABLE IF NOT EXISTS `liabilities` (
  `id` int(11) NOT NULL AUTO_INCREMENT,
  `title` varchar(255) COLLATE utf8_unicode_ci DEFAULT NULL,
  `description` text COLLATE utf8_unicode_ci,
  `amount` int(11) DEFAULT NULL,
  `is_solved` tinyint(1) DEFAULT '0',
  `is_deleted` tinyint(1) DEFAULT '0',
  `created_at` datetime DEFAULT NULL,
  `updated_at` datetime DEFAULT NULL,
  PRIMARY KEY (`id`)
) ENGINE=InnoDB DEFAULT CHARSET=utf8 COLLATE=utf8_unicode_ci AUTO_INCREMENT=1 ;

-- --------------------------------------------------------

--
-- Table structure for table `logo`
--

CREATE TABLE IF NOT EXISTS `logo` (
  `id` int(11) NOT NULL AUTO_INCREMENT,
  `photo_file_name` varchar(120) NOT NULL,
  `photo_content_type` varchar(120) NOT NULL,
  `photo_file_size` varchar(120) NOT NULL,
  `photo_data` blob NOT NULL,
  PRIMARY KEY (`id`)
) ENGINE=InnoDB DEFAULT CHARSET=latin1 AUTO_INCREMENT=1 ;

-- --------------------------------------------------------

--
-- Table structure for table `mailbox_conversation`
--

CREATE TABLE IF NOT EXISTS `mailbox_conversation` (
  `conversation_id` int(10) unsigned NOT NULL AUTO_INCREMENT,
  `initiator_id` int(10) NOT NULL,
  `interlocutor_id` int(10) NOT NULL,
  `subject` varchar(100) NOT NULL DEFAULT '',
  `bm_read` tinyint(3) NOT NULL DEFAULT '0',
  `bm_deleted` tinyint(3) NOT NULL DEFAULT '0',
  `modified` int(10) unsigned NOT NULL,
  `is_system` enum('yes','no') NOT NULL DEFAULT 'no',
  `initiator_del` tinyint(1) unsigned DEFAULT '0',
  `interlocutor_del` tinyint(1) unsigned DEFAULT '0',
  PRIMARY KEY (`conversation_id`),
  KEY `initiator_id` (`initiator_id`),
  KEY `interlocutor_id` (`interlocutor_id`),
  KEY `conversation_ts` (`modified`),
  KEY `subject` (`subject`)
) ENGINE=MyISAM  DEFAULT CHARSET=utf8 AUTO_INCREMENT=7 ;

--
-- Dumping data for table `mailbox_conversation`
--

INSERT INTO `mailbox_conversation` (`conversation_id`, `initiator_id`, `interlocutor_id`, `subject`, `bm_read`, `bm_deleted`, `modified`, `is_system`, `initiator_del`, `interlocutor_del`) VALUES
(1, 5, 1, 'admin', 3, 0, 1408424745, 'no', 0, 0),
(2, 1, 11, 'testing MEEEEEE', 3, 0, 1408424447, 'no', 0, 0),
(3, 11, 1, 'TESTING EMAIL1', 3, 0, 1408425835, 'no', 0, 0),
(4, 1, 11, '123lesgo', 3, 0, 1408435787, 'no', 0, 0),
(5, 11, 6, 'test', 3, 0, 1408436701, 'no', 0, 0),
(6, 1, 2, '(no subject)', 3, 0, 1415298348, 'no', 0, 0);

-- --------------------------------------------------------

--
-- Table structure for table `mailbox_message`
--

CREATE TABLE IF NOT EXISTS `mailbox_message` (
  `message_id` int(11) unsigned NOT NULL AUTO_INCREMENT,
  `conversation_id` int(10) unsigned NOT NULL,
  `created` int(10) unsigned NOT NULL DEFAULT '0',
  `sender_id` int(10) unsigned NOT NULL DEFAULT '0',
  `recipient_id` int(10) unsigned NOT NULL DEFAULT '0',
  `text` mediumtext NOT NULL,
  `crc64` bigint(20) NOT NULL,
  PRIMARY KEY (`message_id`),
  KEY `sender_profile_id` (`sender_id`),
  KEY `recipient_profile_id` (`recipient_id`),
  KEY `conversation_id` (`conversation_id`),
  KEY `timestamp` (`created`),
  KEY `crc64` (`crc64`),
  FULLTEXT KEY `text` (`text`)
) ENGINE=MyISAM  DEFAULT CHARSET=utf8 AUTO_INCREMENT=12 ;

--
-- Dumping data for table `mailbox_message`
--

INSERT INTO `mailbox_message` (`message_id`, `conversation_id`, `created`, `sender_id`, `recipient_id`, `text`, `crc64`) VALUES
(1, 1, 1408249569, 5, 1, '<p>\r\n	admin</p>\r\n', 5),
(2, 1, 1408249622, 1, 5, 'joejoejoe', 1424),
(3, 2, 1408424447, 1, 11, '<p>\r\n	TESTING MEEEE</p>\r\n', 0),
(4, 1, 1408424745, 1, 5, 'mr real1', 0),
(5, 3, 1408424864, 11, 1, '<p>\r\n	TESTING1</p>\r\n', 0),
(6, 3, 1408424924, 1, 11, 'REPLY1', 64),
(7, 3, 1408425028, 11, 1, 'TESTING2', 0),
(8, 3, 1408425835, 11, 1, 'TESTING3', 6325298288),
(9, 4, 1408435787, 1, 11, '<p>\r\n	123lesgo</p>\r\n', 0),
(10, 5, 1408436701, 11, 6, '<p>\r\n	test</p>\r\n', 0),
(11, 6, 1415298348, 1, 2, '<p>\n	asdf</p>\n<p>\n	 </p>\n', 8476002);

-- --------------------------------------------------------

--
-- Table structure for table `menu`
--

CREATE TABLE IF NOT EXISTS `menu` (
  `id` tinyint(3) unsigned NOT NULL AUTO_INCREMENT,
  `parent_id` tinyint(3) unsigned NOT NULL DEFAULT '0',
  `title` varchar(255) NOT NULL DEFAULT '',
  `url` varchar(255) NOT NULL DEFAULT '',
  `class` varchar(255) NOT NULL DEFAULT '',
  `position` tinyint(3) unsigned NOT NULL DEFAULT '0',
  `group_id` tinyint(3) unsigned NOT NULL DEFAULT '1',
  PRIMARY KEY (`id`)
) ENGINE=MyISAM  DEFAULT CHARSET=latin1 AUTO_INCREMENT=42 ;

--
-- Dumping data for table `menu`
--

INSERT INTO `menu` (`id`, `parent_id`, `title`, `url`, `class`, `position`, `group_id`) VALUES
(1, 0, 'Home', '/', '', 1, 1),
(2, 0, 'About', '/about.html', '', 2, 1),
(3, 2, 'Company Profile', '/company-profile.html', '', 1, 1),
(19, 0, 'Affiliate', '/affiliate.html', '', 3, 2),
(18, 0, 'Forum', '/forum', '', 2, 2),
(17, 0, 'Make Money', '/make-money.html', '', 1, 2),
(7, 0, 'Contact Us', '/contact-us.html', '', 5, 1),
(8, 0, 'Blog', '/blog', '', 4, 1),
(9, 0, 'Products', '/products', '', 3, 1),
(10, 9, 'Handicraft', '/products/handicraft', '', 1, 1),
(11, 9, 'Furniture', '/products/furniture', '', 2, 1),
(12, 10, 'Tissue Box', '/products/handicraft/tissue', '', 1, 1),
(13, 10, 'Frame', '/products/handicraft/frame', '', 2, 1),
(14, 11, 'Cabinet', '/products/furniture/cabinet', '', 1, 1),
(15, 11, 'Chair', '/products/furniture/chair', '', 2, 1),
(16, 11, 'Table', '/products/furniture/table', '', 3, 1),
(20, 0, 'Help', '/help', '', 4, 2),
(21, 20, 'Support Center', '/support-center.html', '', 1, 2),
(22, 20, 'Sitemap', '/sitemap.html', '', 2, 2),
(23, 0, 'Author Dashboard', '/author-dashboard', '', 1, 3),
(24, 0, 'My Profile', '/member/profile', '', 2, 3),
(25, 0, 'Settings', '/member/settings', '', 3, 3),
(26, 0, 'Downloads', '/member/downloads', '', 4, 3),
(27, 0, 'Bookmarks', '/member/bookmarks', '', 5, 3),
(28, 0, 'Logout', '/logout.php', '', 6, 3),
(29, 25, 'Profile', '/member/settings/profile', '', 1, 3),
(30, 25, 'Change Password', '/member/settings/password', '', 2, 3),
(31, 0, 'Menu 1', '', '', 1, 4),
(32, 31, 'Menu 1.1', '', '', 1, 4),
(33, 31, 'Menu 1.2', '', '', 2, 4),
(34, 0, 'Menu 2', '', '', 2, 4),
(35, 34, 'Menu 2.1', '', '', 1, 4),
(36, 35, 'Menu 2.1.1', '', '', 1, 4),
(37, 35, 'Menu 2.1.2', '', '', 2, 4),
(38, 34, 'Menu 2.2', '', '', 2, 4),
(39, 21, 'Popular Files', '/popular', '', 1, 2),
(40, 21, 'Top Authors', '/top', '', 2, 2),
(41, 21, 'Wordpress', '/wp', '', 3, 2);

-- --------------------------------------------------------

--
-- Table structure for table `menu_group`
--

CREATE TABLE IF NOT EXISTS `menu_group` (
  `id` smallint(5) unsigned NOT NULL AUTO_INCREMENT,
  `title` varchar(255) NOT NULL,
  PRIMARY KEY (`id`)
) ENGINE=MyISAM  DEFAULT CHARSET=latin1 AUTO_INCREMENT=5 ;

--
-- Dumping data for table `menu_group`
--

INSERT INTO `menu_group` (`id`, `title`) VALUES
(1, 'Main Menu'),
(2, 'Footer Menu'),
(3, 'Member Menu'),
(4, 'Admin Menu');

-- --------------------------------------------------------

--
-- Table structure for table `message`
--

CREATE TABLE IF NOT EXISTS `message` (
  `msg_id` int(11) NOT NULL AUTO_INCREMENT,
  `subject` varchar(120) NOT NULL,
  `msg_content` text NOT NULL,
  `msg_uploads` varchar(120) NOT NULL,
  `user_id` int(11) NOT NULL,
  `msg_time` time NOT NULL,
  `msg_date` date NOT NULL,
  `is_read` int(11) NOT NULL,
  `sender_id` int(11) NOT NULL,
  `is_deleted` int(11) NOT NULL,
  `is_task` int(11) DEFAULT NULL,
  PRIMARY KEY (`msg_id`)
) ENGINE=InnoDB DEFAULT CHARSET=latin1 AUTO_INCREMENT=1 ;

-- --------------------------------------------------------

--
-- Table structure for table `messages`
--

CREATE TABLE IF NOT EXISTS `messages` (
  `id` int(11) NOT NULL AUTO_INCREMENT,
  `sender_id` int(11) NOT NULL,
  `receiver_id` int(11) NOT NULL,
  `subject` varchar(256) NOT NULL DEFAULT '',
  `body` text,
  `is_read` enum('0','1') NOT NULL DEFAULT '0',
  `deleted_by` enum('sender','receiver') DEFAULT NULL,
  `created_at` datetime NOT NULL,
  PRIMARY KEY (`id`),
  KEY `sender` (`sender_id`),
  KEY `reciever` (`receiver_id`)
) ENGINE=MyISAM DEFAULT CHARSET=utf8 AUTO_INCREMENT=1 ;

-- --------------------------------------------------------

--
-- Table structure for table `message_user`
--

CREATE TABLE IF NOT EXISTS `message_user` (
  `id` int(11) NOT NULL AUTO_INCREMENT,
  `message_id` int(11) NOT NULL,
  `user_id` varchar(120) NOT NULL,
  PRIMARY KEY (`id`)
) ENGINE=InnoDB DEFAULT CHARSET=latin1 AUTO_INCREMENT=1 ;

-- --------------------------------------------------------

--
-- Table structure for table `mess_fee`
--

CREATE TABLE IF NOT EXISTS `mess_fee` (
  `id` int(11) NOT NULL AUTO_INCREMENT,
  `student_id` varchar(120) DEFAULT NULL,
  `allotment_id` varchar(120) DEFAULT NULL,
  `is_paid` varchar(120) NOT NULL DEFAULT '0',
  `created` date DEFAULT NULL,
  `status` varchar(120) DEFAULT NULL,
  PRIMARY KEY (`id`)
) ENGINE=InnoDB DEFAULT CHARSET=latin1 AUTO_INCREMENT=1 ;

-- --------------------------------------------------------

--
-- Table structure for table `mess_manage`
--

CREATE TABLE IF NOT EXISTS `mess_manage` (
  `id` int(11) NOT NULL AUTO_INCREMENT,
  `student_id` varchar(120) DEFAULT NULL,
  `food_preference` varchar(120) DEFAULT NULL,
  `amount` varchar(120) DEFAULT NULL,
  `status` varchar(120) DEFAULT NULL,
  `created` date DEFAULT NULL,
  PRIMARY KEY (`id`)
) ENGINE=InnoDB DEFAULT CHARSET=latin1 AUTO_INCREMENT=1 ;

-- --------------------------------------------------------

--
-- Table structure for table `monthly_payslips`
--

CREATE TABLE IF NOT EXISTS `monthly_payslips` (
  `id` int(11) NOT NULL AUTO_INCREMENT,
  `salary_date` date DEFAULT NULL,
  `employee_id` int(11) DEFAULT NULL,
  `payroll_category_id` int(11) DEFAULT NULL,
  `amount` varchar(255) COLLATE utf8_unicode_ci DEFAULT NULL,
  `is_approved` tinyint(1) NOT NULL DEFAULT '0',
  `approver_id` int(11) DEFAULT NULL,
  `is_rejected` tinyint(1) NOT NULL DEFAULT '0',
  `rejector_id` int(11) DEFAULT NULL,
  `reason` varchar(255) COLLATE utf8_unicode_ci DEFAULT NULL,
  PRIMARY KEY (`id`)
) ENGINE=InnoDB DEFAULT CHARSET=utf8 COLLATE=utf8_unicode_ci AUTO_INCREMENT=1 ;

-- --------------------------------------------------------

--
-- Table structure for table `news`
--

CREATE TABLE IF NOT EXISTS `news` (
  `id` int(11) NOT NULL AUTO_INCREMENT,
  `title` varchar(255) COLLATE utf8_unicode_ci DEFAULT NULL,
  `content` text COLLATE utf8_unicode_ci,
  `author_id` int(11) DEFAULT NULL,
  `created_at` datetime DEFAULT NULL,
  `updated_at` datetime DEFAULT NULL,
  PRIMARY KEY (`id`)
) ENGINE=InnoDB DEFAULT CHARSET=utf8 COLLATE=utf8_unicode_ci AUTO_INCREMENT=1 ;

-- --------------------------------------------------------

--
-- Table structure for table `news_comments`
--

CREATE TABLE IF NOT EXISTS `news_comments` (
  `id` int(11) NOT NULL AUTO_INCREMENT,
  `content` text COLLATE utf8_unicode_ci,
  `news_id` int(11) DEFAULT NULL,
  `author_id` int(11) DEFAULT NULL,
  `created_at` datetime DEFAULT NULL,
  `updated_at` datetime DEFAULT NULL,
  PRIMARY KEY (`id`)
) ENGINE=InnoDB DEFAULT CHARSET=utf8 COLLATE=utf8_unicode_ci AUTO_INCREMENT=1 ;

-- --------------------------------------------------------

--
-- Table structure for table `os_translated`
--

CREATE TABLE IF NOT EXISTS `os_translated` (
  `id` int(11) NOT NULL DEFAULT '0',
  `language` varchar(16) NOT NULL DEFAULT '',
  `translation` text,
  PRIMARY KEY (`id`,`language`)
) ENGINE=InnoDB DEFAULT CHARSET=latin1;

-- --------------------------------------------------------

--
-- Table structure for table `payroll_categories`
--

CREATE TABLE IF NOT EXISTS `payroll_categories` (
  `id` int(11) NOT NULL AUTO_INCREMENT,
  `name` varchar(255) COLLATE utf8_unicode_ci DEFAULT NULL,
  `percentage` float DEFAULT NULL,
  `payroll_category_id` int(11) DEFAULT NULL,
  `is_deduction` tinyint(1) DEFAULT NULL,
  `status` tinyint(1) DEFAULT NULL,
  PRIMARY KEY (`id`)
) ENGINE=InnoDB DEFAULT CHARSET=utf8 COLLATE=utf8_unicode_ci AUTO_INCREMENT=1 ;

-- --------------------------------------------------------

--
-- Table structure for table `period_entries`
--

CREATE TABLE IF NOT EXISTS `period_entries` (
  `id` int(11) NOT NULL AUTO_INCREMENT,
  `month_date` date DEFAULT NULL,
  `batch_id` int(11) DEFAULT NULL,
  `subject_id` int(11) DEFAULT NULL,
  `class_timing_id` int(11) DEFAULT NULL,
  `employee_id` int(11) DEFAULT NULL,
  PRIMARY KEY (`id`),
  KEY `index_period_entries_on_month_date_and_batch_id` (`month_date`,`batch_id`)
) ENGINE=InnoDB DEFAULT CHARSET=utf8 COLLATE=utf8_unicode_ci AUTO_INCREMENT=1 ;

-- --------------------------------------------------------

--
-- Table structure for table `privileges`
--

CREATE TABLE IF NOT EXISTS `privileges` (
  `id` int(11) NOT NULL AUTO_INCREMENT,
  `name` varchar(255) COLLATE utf8_unicode_ci DEFAULT NULL,
  `created_at` datetime DEFAULT NULL,
  `updated_at` datetime DEFAULT NULL,
  `description` text COLLATE utf8_unicode_ci,
  PRIMARY KEY (`id`)
) ENGINE=InnoDB  DEFAULT CHARSET=utf8 COLLATE=utf8_unicode_ci AUTO_INCREMENT=21 ;

--
-- Dumping data for table `privileges`
--

INSERT INTO `privileges` (`id`, `name`, `created_at`, `updated_at`, `description`) VALUES
(1, 'ExaminationControl', '2012-02-20 13:41:16', '2012-02-20 13:41:16', 'examination_control_privilege'),
(2, 'EnterResults', '2012-02-20 13:41:16', '2012-02-20 13:41:16', 'enter_results_privilege'),
(3, 'ViewResults', '2012-02-20 13:41:16', '2012-02-20 13:41:16', 'view_results_privilege'),
(4, 'Admission', '2012-02-20 13:41:16', '2012-02-20 13:41:16', 'admission_privilege'),
(5, 'StudentsControl', '2012-02-20 13:41:16', '2012-02-20 13:41:16', 'students_control_privilege'),
(6, 'ManageNews', '2012-02-20 13:41:16', '2012-02-20 13:41:16', 'manage_news_privilege'),
(7, 'ManageTimetable', '2012-02-20 13:41:16', '2012-02-20 13:41:16', 'manage_timetable_privilege'),
(8, 'StudentAttendanceView', '2012-02-20 13:41:16', '2012-02-20 13:41:16', 'student_attendance_view_privilege'),
(9, 'HrBasics', '2012-02-20 13:41:16', '2012-02-20 13:41:16', 'hr_basics_privilege'),
(10, 'AddNewBatch', '2012-02-20 13:41:16', '2012-02-20 13:41:16', 'add_new_batch_privilege'),
(11, 'SubjectMaster', '2012-02-20 13:41:16', '2012-02-20 13:41:16', 'subject_master_privilege'),
(12, 'EventManagement', '2012-02-20 13:41:16', '2012-02-20 13:41:16', 'event_management_privilege'),
(13, 'GeneralSettings', '2012-02-20 13:41:17', '2012-02-20 13:41:17', 'general_settings_privilege'),
(14, 'FinanceControl', '2012-02-20 13:41:17', '2012-02-20 13:41:17', 'finance_control_privilege'),
(15, 'TimetableView', '2012-02-20 13:41:17', '2012-02-20 13:41:17', 'timetable_view_privilege'),
(16, 'StudentAttendanceRegister', '2012-02-20 13:41:17', '2012-02-20 13:41:17', 'student_attendance_register_privilege'),
(17, 'EmployeeAttendance', '2012-02-20 13:41:17', '2012-02-20 13:41:17', 'employee_attendance_privilege'),
(18, 'PayslipPowers', '2012-02-20 13:41:17', '2012-02-20 13:41:17', 'payslip_powers_privilege'),
(19, 'EmployeeSearch', '2012-02-20 13:41:17', '2012-02-20 13:41:17', 'employee_search_privilege'),
(20, 'SMSManagement', '2012-02-20 13:41:17', '2012-02-20 13:41:17', 'sms_management_privilege');

-- --------------------------------------------------------

--
-- Table structure for table `privileges_users`
--

CREATE TABLE IF NOT EXISTS `privileges_users` (
  `user_id` int(11) DEFAULT NULL,
  `privilege_id` int(11) DEFAULT NULL,
  KEY `index_privileges_users_on_user_id` (`user_id`)
) ENGINE=InnoDB DEFAULT CHARSET=utf8 COLLATE=utf8_unicode_ci;

-- --------------------------------------------------------

--
-- Table structure for table `profiles`
--

CREATE TABLE IF NOT EXISTS `profiles` (
  `user_id` int(11) NOT NULL AUTO_INCREMENT,
  `lastname` varchar(50) NOT NULL DEFAULT '',
  `firstname` varchar(50) NOT NULL DEFAULT '',
  PRIMARY KEY (`user_id`)
) ENGINE=InnoDB  DEFAULT CHARSET=utf8 AUTO_INCREMENT=15 ;

--
-- Dumping data for table `profiles`
--

INSERT INTO `profiles` (`user_id`, `lastname`, `firstname`) VALUES
(1, 'Admin', 'Administrator'),
(2, 'Sample', 'trucker'),
(3, 'asdf', 'asdf'),
(5, 'asdf', 'asdf'),
(6, 'testing', 'testing1002'),
(7, 'valenzuela', 'joeven'),
(8, 'asdadadad', 'asadad'),
(9, 'trucker thos', 'trucker this'),
(10, 'trucker thos', 'trucker this'),
(11, 'trucker 3', 'trucker 3'),
(12, 'admint', 'adsdf asdf'),
(13, 'trucker thos', 'trucker this'),
(14, 'admn admn', 'admin ad');

-- --------------------------------------------------------

--
-- Table structure for table `profiles_backup`
--

CREATE TABLE IF NOT EXISTS `profiles_backup` (
  `user_id` int(11) NOT NULL AUTO_INCREMENT,
  `lastname` varchar(50) NOT NULL DEFAULT '',
  `firstname` varchar(50) NOT NULL DEFAULT '',
  PRIMARY KEY (`user_id`)
) ENGINE=InnoDB  DEFAULT CHARSET=utf8 AUTO_INCREMENT=26 ;

--
-- Dumping data for table `profiles_backup`
--

INSERT INTO `profiles_backup` (`user_id`, `lastname`, `firstname`) VALUES
(1, 'Admin', 'Administrator'),
(2, 'News', 'News'),
(3, 'alcorin', 'maychell'),
(4, 'alcorin', 'maychell'),
(5, 'joeven', 'joeven'),
(6, 'joevenme', 'maychelljoeven'),
(8, 'maychelljoeven', 'mj23'),
(9, 'Trucker', 'Trucker'),
(10, 'trucker2', 'trucker2'),
(11, 'admin2', 'admin2'),
(12, 'testingforrole', 'testingforrole'),
(13, 'testingforcontroller', 'testingforcontroller'),
(14, 'testingforcontroller', 'testingforcontroller'),
(15, 'lasdfast', 'lasteadf'),
(16, 'Alcorin', 'Maychell'),
(17, 'admin2', 'Admin'),
(18, 'admin_user', 'admin_user'),
(19, 'admin13', 'admin13'),
(20, 'admin14', 'admin14'),
(21, 'admin14', 'admin14'),
(22, 'testing', 'testing'),
(23, 'testing100', 'testing100'),
(24, 'testing1001', 'testing1001'),
(25, 'testing1002', 'testing1002');

-- --------------------------------------------------------

--
-- Table structure for table `profiles_fields`
--

CREATE TABLE IF NOT EXISTS `profiles_fields` (
  `id` int(10) NOT NULL AUTO_INCREMENT,
  `varname` varchar(50) NOT NULL,
  `title` varchar(255) NOT NULL,
  `field_type` varchar(50) NOT NULL,
  `field_size` varchar(15) NOT NULL DEFAULT '0',
  `field_size_min` varchar(15) NOT NULL DEFAULT '0',
  `required` int(1) NOT NULL DEFAULT '0',
  `match` varchar(255) NOT NULL DEFAULT '',
  `range` varchar(255) NOT NULL DEFAULT '',
  `error_message` varchar(255) NOT NULL DEFAULT '',
  `other_validator` varchar(5000) NOT NULL DEFAULT '',
  `default` varchar(255) NOT NULL DEFAULT '',
  `widget` varchar(255) NOT NULL DEFAULT '',
  `widgetparams` varchar(5000) NOT NULL DEFAULT '',
  `position` int(3) NOT NULL DEFAULT '0',
  `visible` int(1) NOT NULL DEFAULT '0',
  PRIMARY KEY (`id`),
  KEY `varname` (`varname`,`widget`,`visible`)
) ENGINE=InnoDB  DEFAULT CHARSET=utf8 AUTO_INCREMENT=3 ;

--
-- Dumping data for table `profiles_fields`
--

INSERT INTO `profiles_fields` (`id`, `varname`, `title`, `field_type`, `field_size`, `field_size_min`, `required`, `match`, `range`, `error_message`, `other_validator`, `default`, `widget`, `widgetparams`, `position`, `visible`) VALUES
(1, 'lastname', 'Last Name', 'VARCHAR', '50', '3', 1, '', '', 'Incorrect Last Name (length between 3 and 50 characters).', '', '', '', '', 1, 3),
(2, 'firstname', 'First Name', 'VARCHAR', '50', '3', 1, '', '', 'Incorrect First Name (length between 3 and 50 characters).', '', '', '', '', 0, 3);

-- --------------------------------------------------------

--
-- Table structure for table `publication`
--

CREATE TABLE IF NOT EXISTS `publication` (
  `publication_id` int(11) NOT NULL AUTO_INCREMENT,
  `name` varchar(120) DEFAULT NULL,
  `location` varchar(120) DEFAULT NULL,
  PRIMARY KEY (`publication_id`)
) ENGINE=InnoDB DEFAULT CHARSET=latin1 AUTO_INCREMENT=1 ;

-- --------------------------------------------------------

--
-- Table structure for table `read`
--

CREATE TABLE IF NOT EXISTS `read` (
  `id` int(50) NOT NULL AUTO_INCREMENT,
  `uid` int(50) NOT NULL,
  `mid` int(50) NOT NULL,
  PRIMARY KEY (`id`)
) ENGINE=InnoDB DEFAULT CHARSET=latin1 AUTO_INCREMENT=1 ;

-- --------------------------------------------------------

--
-- Table structure for table `registration`
--

CREATE TABLE IF NOT EXISTS `registration` (
  `id` int(11) NOT NULL AUTO_INCREMENT,
  `student_id` varchar(120) DEFAULT NULL,
  `food_preference` varchar(120) DEFAULT NULL,
  `desc` varchar(120) DEFAULT NULL,
  `status` varchar(120) DEFAULT NULL,
  PRIMARY KEY (`id`)
) ENGINE=InnoDB DEFAULT CHARSET=latin1 AUTO_INCREMENT=1 ;

-- --------------------------------------------------------

--
-- Table structure for table `remarks_employee_attachment`
--

CREATE TABLE IF NOT EXISTS `remarks_employee_attachment` (
  `id` int(11) NOT NULL AUTO_INCREMENT,
  `rem_id` int(11) DEFAULT NULL,
  `filename` varchar(225) DEFAULT NULL,
  `fileext` varchar(10) DEFAULT NULL,
  `fileloc` varchar(1000) DEFAULT NULL,
  `createdby` int(11) DEFAULT NULL,
  `createddate` date DEFAULT NULL,
  PRIMARY KEY (`id`)
) ENGINE=InnoDB  DEFAULT CHARSET=latin1 AUTO_INCREMENT=12 ;

--
-- Dumping data for table `remarks_employee_attachment`
--

INSERT INTO `remarks_employee_attachment` (`id`, `rem_id`, `filename`, `fileext`, `fileloc`, `createdby`, `createddate`) VALUES
(6, 5, 'INHTA Presentation_copy(1)', 'pptx', 'attachments/requests/INHTA Presentation_copy(1)', 2, '2014-11-23'),
(7, 5, 'Observation 11-06-2014_copy(1)', 'docx', 'attachments/requests/Observation 11-06-2014_copy(1)', 2, '2014-11-23'),
(8, 5, 'Observation 11-12-2014_copy(1)', 'docx', 'attachments/requests/Observation 11-12-2014_copy(1)', 2, '2014-11-23'),
(9, 5, 'Observation 11-13-2014', 'docx', 'attachments/requests/Observation 11-13-2014', 2, '2014-11-23'),
(10, 5, 'Observation 11-06-2014_copy(1)_copy(2)', 'docx', 'attachments/requests/Observation 11-06-2014_copy(1)_copy(2)', 2, '2014-11-23');

-- --------------------------------------------------------

--
-- Table structure for table `reminders`
--

CREATE TABLE IF NOT EXISTS `reminders` (
  `id` int(11) NOT NULL AUTO_INCREMENT,
  `sender` int(11) DEFAULT NULL,
  `recipient` int(11) DEFAULT NULL,
  `subject` varchar(255) COLLATE utf8_unicode_ci DEFAULT NULL,
  `body` text COLLATE utf8_unicode_ci,
  `is_read` tinyint(1) DEFAULT '0',
  `is_deleted_by_sender` tinyint(1) DEFAULT '0',
  `is_deleted_by_recipient` tinyint(1) DEFAULT '0',
  `created_at` datetime DEFAULT NULL,
  `updated_at` datetime DEFAULT NULL,
  PRIMARY KEY (`id`),
  KEY `index_reminders_on_recipient` (`recipient`)
) ENGINE=InnoDB DEFAULT CHARSET=utf8 COLLATE=utf8_unicode_ci AUTO_INCREMENT=1 ;

-- --------------------------------------------------------

--
-- Table structure for table `reply`
--

CREATE TABLE IF NOT EXISTS `reply` (
  `id` int(11) NOT NULL AUTO_INCREMENT,
  `uid` int(11) NOT NULL,
  `sid` int(11) NOT NULL,
  `mid` int(11) NOT NULL,
  `rid` int(11) NOT NULL,
  PRIMARY KEY (`id`)
) ENGINE=InnoDB DEFAULT CHARSET=latin1 AUTO_INCREMENT=1 ;

-- --------------------------------------------------------

--
-- Table structure for table `requests`
--

CREATE TABLE IF NOT EXISTS `requests` (
  `id` int(11) NOT NULL AUTO_INCREMENT,
  `date` date DEFAULT NULL,
  `trucker_id` varchar(255) DEFAULT NULL,
  `requestor` int(11) DEFAULT NULL,
  `type_request` int(11) DEFAULT NULL,
  `lastgrantedby` int(11) DEFAULT '0',
  `lastgranteddate` date DEFAULT NULL,
  `notes` varchar(10000) DEFAULT NULL,
  `remarks` varchar(1000) DEFAULT NULL,
  PRIMARY KEY (`id`)
) ENGINE=InnoDB  DEFAULT CHARSET=latin1 AUTO_INCREMENT=11 ;

--
-- Dumping data for table `requests`
--

INSERT INTO `requests` (`id`, `date`, `trucker_id`, `requestor`, `type_request`, `lastgrantedby`, `lastgranteddate`, `notes`, `remarks`) VALUES
(1, '2014-09-30', 'E-00001', 1, 1, 1, '2014-10-01', NULL, 'this is okey'),
(2, '2014-10-13', NULL, NULL, NULL, 1, '2014-10-13', NULL, NULL),
(3, '0000-00-00', NULL, NULL, NULL, 1, '2014-10-09', NULL, 'ok'),
(4, '2014-10-01', NULL, NULL, NULL, 0, NULL, NULL, NULL),
(5, '2014-10-03', 'E-00003', 1, 2, 1, '2014-10-29', 'asdf', 'testtt'),
(6, '2014-10-01', NULL, NULL, NULL, 1, '2014-10-18', NULL, ''),
(7, '2014-10-01', NULL, NULL, NULL, 0, NULL, NULL, NULL),
(8, '2014-10-29', 'E-00002', 1, 1, 1, '2014-10-29', 'asdf', ''),
(9, '2014-10-29', 'E-00001', 1, 1, 1, '2014-10-29', 'asdf', ''),
(10, '2014-11-22', NULL, NULL, NULL, 0, NULL, NULL, NULL);

-- --------------------------------------------------------

--
-- Table structure for table `request_type`
--

CREATE TABLE IF NOT EXISTS `request_type` (
  `id` int(11) NOT NULL AUTO_INCREMENT,
  `name` varchar(255) DEFAULT NULL,
  `active` int(11) DEFAULT '1',
  PRIMARY KEY (`id`)
) ENGINE=InnoDB  DEFAULT CHARSET=latin1 AUTO_INCREMENT=4 ;

--
-- Dumping data for table `request_type`
--

INSERT INTO `request_type` (`id`, `name`, `active`) VALUES
(1, 'New', 1),
(2, 'Verification', 1),
(3, 'Update', 1);

-- --------------------------------------------------------

--
-- Table structure for table `return_book`
--

CREATE TABLE IF NOT EXISTS `return_book` (
  `id` int(11) NOT NULL AUTO_INCREMENT,
  `student_id` varchar(120) DEFAULT NULL,
  `book_id` varchar(120) DEFAULT NULL,
  `borrow_book_id` varchar(120) DEFAULT NULL,
  `issue_date` date DEFAULT NULL,
  `return_date` date DEFAULT NULL,
  `created_date` date DEFAULT NULL,
  `status` varchar(120) DEFAULT NULL,
  PRIMARY KEY (`id`)
) ENGINE=InnoDB DEFAULT CHARSET=latin1 AUTO_INCREMENT=1 ;

-- --------------------------------------------------------

--
-- Table structure for table `rights`
--

CREATE TABLE IF NOT EXISTS `rights` (
  `itemname` varchar(64) NOT NULL,
  `type` int(11) NOT NULL,
  `weight` int(11) NOT NULL,
  PRIMARY KEY (`itemname`)
) ENGINE=InnoDB DEFAULT CHARSET=latin1;

-- --------------------------------------------------------

--
-- Table structure for table `room`
--

CREATE TABLE IF NOT EXISTS `room` (
  `id` int(11) NOT NULL AUTO_INCREMENT,
  `room_no` varchar(120) DEFAULT NULL,
  `floor` varchar(120) DEFAULT NULL,
  `is_full` varchar(120) DEFAULT NULL,
  `no_of_bed` varchar(120) DEFAULT NULL,
  `created` date DEFAULT NULL,
  PRIMARY KEY (`id`)
) ENGINE=InnoDB DEFAULT CHARSET=latin1 AUTO_INCREMENT=1 ;

-- --------------------------------------------------------

--
-- Table structure for table `roomrequest`
--

CREATE TABLE IF NOT EXISTS `roomrequest` (
  `id` int(11) NOT NULL AUTO_INCREMENT,
  `student_id` varchar(120) DEFAULT NULL,
  `allot_id` varchar(120) DEFAULT NULL,
  `status` varchar(120) DEFAULT NULL,
  `created_at` varchar(120) DEFAULT NULL,
  PRIMARY KEY (`id`)
) ENGINE=InnoDB DEFAULT CHARSET=latin1 AUTO_INCREMENT=1 ;

-- --------------------------------------------------------

--
-- Table structure for table `room_details`
--

CREATE TABLE IF NOT EXISTS `room_details` (
  `id` int(11) NOT NULL AUTO_INCREMENT,
  `room_no` varchar(120) DEFAULT NULL,
  `bed_no` varchar(120) DEFAULT NULL,
  `no_of_floors` varchar(120) DEFAULT NULL,
  `mode_of_allotment` varchar(120) DEFAULT NULL,
  `created` date DEFAULT NULL,
  `status` varchar(120) DEFAULT NULL,
  `student_id` varchar(120) DEFAULT NULL,
  PRIMARY KEY (`id`)
) ENGINE=InnoDB DEFAULT CHARSET=latin1 AUTO_INCREMENT=1 ;

-- --------------------------------------------------------

--
-- Table structure for table `route_details`
--

CREATE TABLE IF NOT EXISTS `route_details` (
  `id` int(11) NOT NULL AUTO_INCREMENT,
  `route_name` varchar(120) DEFAULT NULL,
  `no_of_stops` varchar(120) DEFAULT NULL,
  `vehicle_id` varchar(120) DEFAULT NULL,
  PRIMARY KEY (`id`)
) ENGINE=InnoDB DEFAULT CHARSET=latin1 AUTO_INCREMENT=1 ;

-- --------------------------------------------------------

--
-- Table structure for table `savedsearches`
--

CREATE TABLE IF NOT EXISTS `savedsearches` (
  `id` int(11) NOT NULL AUTO_INCREMENT,
  `user_id` int(11) DEFAULT NULL,
  `url` varchar(20000) DEFAULT NULL,
  `type` int(11) DEFAULT NULL,
  `name` varchar(120) DEFAULT NULL,
  PRIMARY KEY (`id`),
  KEY `user_id` (`user_id`)
) ENGINE=InnoDB DEFAULT CHARSET=latin1 AUTO_INCREMENT=1 ;

-- --------------------------------------------------------

--
-- Table structure for table `schema_migrations`
--

CREATE TABLE IF NOT EXISTS `schema_migrations` (
  `version` varchar(255) COLLATE utf8_unicode_ci NOT NULL,
  UNIQUE KEY `unique_schema_migrations` (`version`)
) ENGINE=InnoDB DEFAULT CHARSET=utf8 COLLATE=utf8_unicode_ci;

--
-- Dumping data for table `schema_migrations`
--

INSERT INTO `schema_migrations` (`version`) VALUES
('20090622100004'),
('20090622102004'),
('20090622104053'),
('20090622104054'),
('20090622114927'),
('20090622115927'),
('20090703074822'),
('20090706170408'),
('20090715234257'),
('20090715234258'),
('20090717124241'),
('20090717126241'),
('20090718050113'),
('20090718050453'),
('20090718050921'),
('20090718052749'),
('20090731092833'),
('20090818045411'),
('20090818050018'),
('20090904071048'),
('20090904071548'),
('20090904071642'),
('20090904071905'),
('20090904071906'),
('20090904071907'),
('20090904071908'),
('20090904071909'),
('20090910062751'),
('20090914095002'),
('20090914114212'),
('20090916052300'),
('20090917052349'),
('20090917065256'),
('20090924081520'),
('20090926071527'),
('20091009093746'),
('20091026065251'),
('20091202050910'),
('20091202053600'),
('20091202104818'),
('20091207084711'),
('20091207085849'),
('20091207090412'),
('20091217191652'),
('20091217201118'),
('20091224063502'),
('20100403073735'),
('20100403092229'),
('20100403093355'),
('20100412105036'),
('20100412105116'),
('20100422110336'),
('20100426094532'),
('20100429093616'),
('20100505075459'),
('20100515063157'),
('20100515063814'),
('20100520073311'),
('20100524093457'),
('20100525055716'),
('20100602115152'),
('20100604103435'),
('20100604103916'),
('20100604104308'),
('20100604104759'),
('20100609073016'),
('20100609074544'),
('20100730092747'),
('20100731053458'),
('20100731054033'),
('20100731055437'),
('20101209063633'),
('20110221051223'),
('20110419101802'),
('20110510121550'),
('20110511053223'),
('20110516110336'),
('20110706114907'),
('20110711100500'),
('20110721122326'),
('20110728115723'),
('20110729055539'),
('20110730100503'),
('20110805072425'),
('20110810052138'),
('20110912062640'),
('20110928054502'),
('20111015111840'),
('20111020074717'),
('20111105052819');

-- --------------------------------------------------------

--
-- Table structure for table `settings`
--

CREATE TABLE IF NOT EXISTS `settings` (
  `id` int(11) NOT NULL AUTO_INCREMENT,
  `name` varchar(120) DEFAULT NULL,
  `value` varchar(120) DEFAULT NULL,
  PRIMARY KEY (`id`)
) ENGINE=InnoDB DEFAULT CHARSET=latin1 AUTO_INCREMENT=1 ;

-- --------------------------------------------------------

--
-- Table structure for table `sms_settings`
--

CREATE TABLE IF NOT EXISTS `sms_settings` (
  `id` int(11) NOT NULL AUTO_INCREMENT,
  `settings_key` varchar(255) COLLATE utf8_unicode_ci DEFAULT NULL,
  `is_enabled` tinyint(1) DEFAULT '0',
  PRIMARY KEY (`id`)
) ENGINE=InnoDB  DEFAULT CHARSET=utf8 COLLATE=utf8_unicode_ci AUTO_INCREMENT=10 ;

--
-- Dumping data for table `sms_settings`
--

INSERT INTO `sms_settings` (`id`, `settings_key`, `is_enabled`) VALUES
(1, 'ApplicationEnabled', 0),
(2, 'NewsEventsEnabled', 0),
(3, 'StudentAdmissionEnabled', 0),
(4, 'StudentAttendanceEnabled', 0),
(5, 'EmployeeAppointmentEnabled', 0),
(6, 'ExamScheduleEnabled', 0),
(7, 'ExamResultEnabled', 0),
(8, 'FeesEnabled', 0),
(9, 'LibraryEnabled', 0);

-- --------------------------------------------------------

--
-- Table structure for table `sourcemessage`
--

CREATE TABLE IF NOT EXISTS `sourcemessage` (
  `id` int(11) NOT NULL AUTO_INCREMENT,
  `category` varchar(32) DEFAULT NULL,
  `message` text,
  PRIMARY KEY (`id`)
) ENGINE=InnoDB  DEFAULT CHARSET=latin1 AUTO_INCREMENT=632 ;

--
-- Dumping data for table `sourcemessage`
--

INSERT INTO `sourcemessage` (`id`, `category`, `message`) VALUES
(1, 'app', 'Home'),
(2, 'job', '<span>Save Filter</span>'),
(3, 'cms', '<h1>Manage Fees</h1>'),
(4, 'cms', 'Fees<span>Create and Manage Fee collections</span>'),
(5, 'cms', 'Collect Fees <span>Fees collection</span>'),
(6, 'cms', 'Fee Categories<span>Create and Manage Fee Categories</span>'),
(7, 'cms', 'Fees<span>Lorem ipsum dolor sit amet,</span>'),
(8, 'cms', 'Set grading levels<span>Grading Levels for the batch</span>'),
(9, 'cms', '<h1>Exam Management</h1>'),
(10, 'cms', 'New Exam<span>create exam</span>'),
(11, 'app', 'Students'),
(12, 'app', 'Employees'),
(13, 'app', 'Courses'),
(14, 'app', 'Library'),
(15, 'app', 'Fees'),
(16, 'app', 'Examination'),
(17, 'app', 'Hostel'),
(18, 'app', 'Settings'),
(19, 'app', 'Website'),
(20, 'app', 'Attendance'),
(21, 'app', 'Reports'),
(22, 'app', 'Timetable'),
(23, 'app', 'Transport'),
(24, 'app', 'Translate'),
(25, 'app', 'User'),
(26, 'app', 'Rights'),
(27, 'app', '<span>Create New Category</span>'),
(28, 'app', 'No.'),
(29, 'app', 'Category Name'),
(30, 'app', 'Status'),
(31, 'app', 'No. of Students'),
(32, 'app', 'Actions'),
(33, 'admin_student-categories', 'Are you sure you want to delete this student-categories?'),
(34, 'admin_student-categories', 'Delete Confirmation'),
(35, 'admin_student-categories', 'Delete'),
(36, 'admin_student-categories', 'Cancel'),
(37, 'admin_student-categories', 'Update'),
(38, 'admin_student-categories', 'View'),
(39, 'admin_student-categories', 'View Students'),
(40, 'app', 'Admissions Dashboard'),
(41, 'app', '<strong>Total Students</strong>'),
(42, 'app', '<strong>New Admissions</strong>'),
(43, 'app', '<strong>Pending Leads</strong>'),
(44, 'app', '<strong>Recent Admissions</strong>'),
(45, 'app', 'Date'),
(46, 'app', 'Student Name'),
(47, 'app', 'Admission No.'),
(48, 'app', 'Course/Batch'),
(49, 'app', 'Gender'),
(50, 'UserModule', 'Login'),
(51, 'UserModule.user', 'Login'),
(52, 'UserModule', 'Please fill out the following form with your login credentials:'),
(53, 'UserModule.user', 'Please fill out the following form with your login credentials:'),
(54, 'UserModule', 'Fields with <span class="required">*</span> are required.'),
(55, 'UserModule.user', 'Fields with <span class="required">*</span> are required.'),
(56, 'UserModule', 'Remember me next time'),
(57, 'UserModule.user', 'Remember me next time'),
(58, 'UserModule', 'username or email'),
(59, 'UserModule.user', 'username or email'),
(60, 'UserModule', 'password'),
(61, 'UserModule.user', 'password'),
(62, 'UserModule', 'Register'),
(63, 'UserModule.user', 'Register'),
(64, 'UserModule', 'Lost Password?'),
(65, 'UserModule.user', 'Lost Password?'),
(66, 'courses', 'General Settings<span>Lorem ipsum dolor sit amet,</span>'),
(67, 'courses', '<h1>Courses & Batches</h1>'),
(68, 'courses', 'List Courses & Batches<span>Lorem ipsum dolor sit amet,</span>'),
(69, 'courses', 'Create Courses<span>Lorem ipsum dolor sit amet,</span>'),
(70, 'courses', 'Manage Courses & Batches'),
(71, 'courses', 'Edit'),
(72, 'courses', 'Delete'),
(73, 'courses', 'Add Batch'),
(74, 'courses', 'Batch Name'),
(75, 'courses', 'Start Date'),
(76, 'courses', 'End Date'),
(77, 'courses', 'Actions'),
(78, 'courses', 'Add Student'),
(79, 'batch', '<strong>Batch: </strong> '),
(80, 'batch', 'Students'),
(81, 'batch', 'Subjects'),
(82, 'batch', 'Employees'),
(83, 'batch', '<strong>Class Teacher :</strong> '),
(84, 'batch', 'Actions'),
(85, 'batch', 'Add Student'),
(86, 'batch', 'New Subject'),
(87, 'batch', 'Mark Attendance'),
(88, 'batch', 'Promote Batch'),
(89, 'batch', 'Deactivate Batch'),
(90, 'batch', ' <strong>Batch: </strong>'),
(91, 'batch', 'Timetable'),
(92, 'batch', 'Attendences'),
(93, 'batch', 'Assessments'),
(94, 'batch', 'Settings'),
(95, 'batch', '<span>Add Student</span>'),
(96, 'batch', 'Sl no.'),
(97, 'batch', 'Student Name'),
(98, 'batch', 'Admission Number'),
(99, 'batch', 'Gender'),
(100, 'batch', 'Add Leave<span>for add leave</span>'),
(101, 'batch', 'Make Inactive<span>for add leave</span>'),
(102, 'batch', 'Inactive Students'),
(103, 'batch', '<i>No InActive Students In This Batch</i>'),
(104, 'weekdays', '<span>Set Week Days</span>'),
(105, 'weekdays', '<span>Set Class Timings</span>'),
(106, 'weekdays', 'Publish Time Table'),
(107, 'weekdays', 'Generate PDF'),
(108, 'weekdays', 'SUN'),
(109, 'job', 'Assign'),
(110, 'weekdays', 'MON'),
(111, 'weekdays', 'TUE'),
(112, 'weekdays', 'WED'),
(113, 'weekdays', 'THU'),
(114, 'weekdays', 'FRI'),
(115, 'weekdays', 'SAT'),
(116, 'weekdays', '<span>Time Table</span>'),
(117, 'weekdays', 'Sunday'),
(118, 'weekdays', 'Monday'),
(119, 'weekdays', 'Tuesday'),
(120, 'weekdays', 'Wednesday'),
(121, 'weekdays', 'Thursday'),
(122, 'weekdays', 'Friday'),
(123, 'weekdays', 'Saturday'),
(124, 'admin_subjects', 'Are you sure you want to delete this subject?'),
(125, 'admin_subjects', 'Delete Confirmation'),
(126, 'admin_subjects', 'Delete'),
(127, 'admin_subjects', 'Cancel'),
(128, 'admin_subjects', 'Update'),
(129, 'admin_subjects', 'View'),
(130, 'admin_exam-groups', 'Are you sure you want to delete this exam-groups?'),
(131, 'admin_exam-groups', 'Delete Confirmation'),
(132, 'admin_exam-groups', 'Delete'),
(133, 'admin_exam-groups', 'Cancel'),
(134, 'admin_exam-groups', 'Update'),
(135, 'admin_exam-groups', 'View'),
(136, 'admin_grading-levels', 'Are you sure you want to delete this grading-levels?'),
(137, 'admin_grading-levels', 'Delete Confirmation'),
(138, 'admin_grading-levels', 'Delete'),
(139, 'admin_grading-levels', 'Cancel'),
(140, 'admin_grading-levels', 'Update'),
(141, 'admin_grading-levels', 'View'),
(142, 'exams', 'Create Exams'),
(143, 'exams', ' Enter exam related details here:'),
(144, 'exams', '<i>Exams Created For All Subjects</i>'),
(145, 'exams', 'Scheduled Subjects'),
(146, 'exam', '<span>Create Exam</span>'),
(147, 'exam', '<span>Grading Levels</span>'),
(148, 'exams', 'Exams'),
(149, 'exams', 'Manage Exams'),
(150, 'exams', 'max_mark'),
(151, 'exams', 'min_mark'),
(152, 'exams', 'Subject name'),
(153, 'exams', 'Max Marks'),
(154, 'exams', 'Min Marks'),
(155, 'exams', 'Start Time'),
(156, 'exams', 'End Time'),
(157, 'exams', 'Do not create'),
(158, 'exams', '<i>Nothing Scheduled</i>'),
(159, 'job', 'll'),
(160, 'message', 'Select All'),
(161, 'message', 'Compose Mail'),
(162, 'employees', 'Create Employee<span>Lorem ipsum dolor sit amet,</span>'),
(163, 'employees', '<h1>Employee Leave Management</h1>'),
(164, 'employees', 'Add Leave Type<span>Lorem ipsum dolor sit amet,</span>'),
(165, 'employees', 'Attendance Register<span>Lorem ipsum dolor sit amet,</span>'),
(166, 'employees', 'Subject Association<span>Lorem ipsum dolor sit amet,</span>'),
(167, 'employees', 'Manage Category<span>Lorem ipsum dolor sit amet,</span>'),
(168, 'employees', 'Manage Department<span>Lorem ipsum dolor sit amet,</span>'),
(169, 'employees', 'Manage Positions<span>Lorem ipsum dolor sit amet,</span>'),
(170, 'employees', 'Manage Grades<span>Lorem ipsum dolor sit amet,</span>'),
(171, 'employees', 'Employees Dashboard'),
(172, 'employees', '<strong>Total Employees</strong>'),
(173, 'employees', '<strong>New Admissions</strong>'),
(174, 'employees', '<strong>Inactive Users</strong>'),
(175, 'employees', '<strong>Recent Employee Admissions</strong>'),
(176, 'employees', 'Date'),
(177, 'employees', 'Employee Name'),
(178, 'employees', 'Employee No:'),
(179, 'employees', 'Department'),
(180, 'employees', 'Position'),
(181, 'students', 'Admissions Dashboard'),
(182, 'students', '<strong>Total Students</strong>'),
(183, 'students', '<strong>New Admissions</strong>'),
(184, 'students', '<strong>Inactive Students</strong>'),
(185, 'students', '<strong>Recent Admissions</strong>'),
(186, 'students', 'Date'),
(187, 'students', 'Student Name'),
(188, 'students', 'Admission No.'),
(189, 'students', 'Course/Batch'),
(190, 'students', 'Gender'),
(191, 'students', '<span>Create New Category</span>'),
(192, 'students', 'Category Name'),
(193, 'students', 'Status'),
(194, 'students', 'No. of Students'),
(195, 'students', 'Actions'),
(196, 'admin_student-categories', 'Are you sure you want to delete this student category?'),
(197, 'students', 'Manage Students'),
(198, 'students', 'Save Filter'),
(199, 'students', 'Load Filter'),
(200, 'students', 'Clear All'),
(201, 'students', 'Import Contact'),
(202, 'students', 'Add Student'),
(203, 'students', 'Filter Your Students:'),
(204, 'students', 'Name'),
(205, 'students', 'Admission number'),
(206, 'students', 'Batch'),
(207, 'students', 'Course'),
(208, 'students', 'Blood Group'),
(209, 'students', 'Country'),
(210, 'students', 'Date Of Birth'),
(211, 'students', 'Admission Date'),
(212, 'students', '<strong>Active Filters:</strong>'),
(213, 'students', '<i>No Active Filters</i>'),
(214, 'students', 'All'),
(215, 'students', 'A'),
(216, 'students', 'B'),
(217, 'students', 'C'),
(218, 'students', 'D'),
(219, 'students', 'E'),
(220, 'students', 'F'),
(221, 'students', 'G'),
(222, 'students', 'H'),
(223, 'students', 'I'),
(224, 'students', 'J'),
(225, 'students', 'K'),
(226, 'students', 'L'),
(227, 'students', 'M'),
(228, 'students', 'N'),
(229, 'students', 'O'),
(230, 'students', 'P'),
(231, 'students', 'Q'),
(232, 'students', 'R'),
(233, 'students', 'S'),
(234, 'students', 'T'),
(235, 'students', 'U'),
(236, 'students', 'V'),
(237, 'students', 'W'),
(238, 'students', 'X'),
(239, 'students', 'Y'),
(240, 'students', 'Z'),
(241, 'students', 'Sl. No.'),
(242, 'students', 'New Admission'),
(243, 'students', 'admission_no'),
(244, 'students', 'admission_date'),
(245, 'students', 'first_name'),
(246, 'students', 'middle_name'),
(247, 'students', 'last_name'),
(248, 'students', 'batch_id'),
(249, 'students', 'date_of_birth'),
(250, 'students', 'blood_group'),
(251, 'students', 'birth_place'),
(252, 'students', 'nationality_id'),
(253, 'students', 'language'),
(254, 'students', 'religion'),
(255, 'students', 'student_category_id'),
(256, 'students', 'address_line1'),
(257, 'students', 'address_line2'),
(258, 'students', 'city'),
(259, 'students', 'state'),
(260, 'students', 'pin_code'),
(261, 'students', 'country_id'),
(262, 'students', 'phone1'),
(263, 'students', 'phone2'),
(264, 'students', 'email'),
(265, 'students', '<strong style="color:#000">Upload Photo</strong>'),
(266, 'hostel', 'List Room Details<span>List all rooms here</span>'),
(267, 'hostel', 'Search Room<span>List all rooms here</span>'),
(268, 'hostel', 'Add new hostel<span>List all rooms here</span>'),
(269, 'hostel', 'Add Room Details<span>List all rooms here</span>'),
(270, 'hostel', 'Add Mess Details<span>List all rooms here</span>'),
(271, 'hostel', 'Allot Room<span>List all rooms here</span>'),
(272, 'hostel', 'Change Room<span>List all rooms here</span>'),
(273, 'hostel', 'Vacate<span>List all rooms here</span>'),
(274, 'hostel', 'View Student Details<span>List all rooms here</span>'),
(275, 'hostel', 'Mess Manage<span>List all rooms here</span>'),
(276, 'hostel', 'View Mess Dues<span>List all rooms here</span>'),
(277, 'hostel', 'Create Floor'),
(278, 'hostel', 'Hostel Name'),
(279, 'hostel', 'floor_no'),
(280, 'hostel', 'No Of Rooms'),
(281, 'hostel', 'Student Details'),
(282, 'hostel', 'Student ID'),
(283, 'hostel', 'Create Hosteldetails'),
(284, 'hostel', 'hostel_name'),
(285, 'hostel', 'Address'),
(286, 'hostel', 'Create FoodInfo'),
(287, 'hostel', 'food_preference'),
(288, 'hostel', 'amount'),
(289, 'hostel', 'Mess Manage'),
(290, 'hostel', 'Student Name'),
(291, 'hostel', 'Room No'),
(292, 'hostel', 'Bed No'),
(293, 'hostel', 'Food Habit'),
(294, 'hostel', 'Action'),
(295, 'hostel', ' Paid'),
(296, 'transport', 'Mange Route'),
(297, 'transport', 'List All Routes<span>Route Details</span>'),
(298, 'transport', 'Assign Route<span>Route Details</span>'),
(299, 'transport', 'Search Students<span>Route Details</span>'),
(300, 'transport', 'Allotment<span>Route Details</span>'),
(301, 'transport', 'Vehicle Details<span>Route Details</span>'),
(302, 'transport', 'Route Details<span>Route Details</span>'),
(303, 'transport', 'Driver Details<span>Route Details</span>'),
(304, 'transport', 'Bus Log<span>Route Details</span>'),
(305, 'transport', 'Transportation'),
(306, 'transport', 'student_id'),
(307, 'transport', 'Route'),
(308, 'transport', 'stop_id'),
(309, 'settings', 'General Settings<span>Lorem ipsum dolor sit amet,</span>'),
(310, 'settings', '<h1>User Settings</h1>'),
(311, 'settings', 'Create New User<span>Lorem ipsum dolor sit amet,</span>'),
(312, 'settings', 'Manage Users<span>Lorem ipsum dolor sit amet,</span>'),
(313, 'settings', '<h1>Courses & Batches</h1>'),
(314, 'settings', 'List Courses & Batches<span>Lorem ipsum dolor sit amet,</span>'),
(315, 'settings', 'Create Courses<span>Lorem ipsum dolor sit amet,</span>'),
(316, 'settings', 'School / College Name'),
(317, 'settings', 'School/College Address'),
(318, 'settings', 'School/College Phone'),
(319, 'settings', 'Finance year start date'),
(320, 'settings', 'Finance year end date'),
(321, 'settings', 'Language'),
(322, 'settings', 'Currency Type'),
(323, 'settings', 'Network State'),
(324, 'settings', 'Date Format'),
(325, 'settings', 'Time Format'),
(326, 'settings', 'Time Zone'),
(327, 'settings', 'Select Language'),
(328, 'settings', 'Upload Logo'),
(329, 'settings', 'Enable Auto increment Student admission no.'),
(330, 'settings', 'Enable Auto increment Employee no.'),
(331, 'job', '<h2>Save Search</h2>'),
(332, 'job', 'Save'),
(333, 'students', '<strong>Course&nbsp;:</strong>'),
(334, 'students', '<strong>Batch&nbsp;:</strong>'),
(335, 'students', '<strong>Adm No&nbsp;:</strong>'),
(336, 'students', 'Student Profile :'),
(337, 'students', '<span>Edit</span>'),
(338, 'students', '<span>Students</span>'),
(339, 'students', 'Profile'),
(340, 'students', 'Assessments'),
(341, 'students', 'Attendance'),
(342, 'students', 'Fees'),
(343, 'students', 'General'),
(344, 'students', 'Class Roll No'),
(345, 'students', 'Birth Place'),
(346, 'students', 'Nationality'),
(347, 'students', 'Pin Code'),
(348, 'students', 'Address Line1'),
(349, 'students', 'Address Line 2'),
(350, 'students', 'Phone 1'),
(351, 'students', 'Phone 2'),
(352, 'students', 'Category'),
(353, 'students', 'Emergeny Contact'),
(354, 'students', 'In case of emergencies,'),
(355, 'students', ' contact : '),
(356, 'students', 'Edit'),
(357, 'students', 'Student Previous Datas'),
(358, 'students', 'Add another Previous Data'),
(359, 'students', 'Exam Group Name'),
(360, 'students', 'Subject'),
(361, 'students', 'Marks'),
(362, 'students', 'Result'),
(363, 'students', 'Pending Fees'),
(364, 'students', '<i>No Pending Fees</i>'),
(365, 'students', 'Paid Fees'),
(366, 'library', 'Mange Books'),
(367, 'library', 'Search Books<span>Search all books here</span>'),
(368, 'library', 'List Books<span>Search all books here</span>'),
(369, 'library', 'Add Book<span>Search all books here</span>'),
(370, 'library', 'Borrow Book<span>Search all books here</span>'),
(371, 'library', 'Return Book<span>Search all books here</span>'),
(372, 'library', 'View Book Details<span>Search all books here</span>'),
(373, 'library', 'Due Dates<span>Search all books here</span>'),
(374, 'library', 'Add Book Category<span>Search all books here</span>'),
(375, 'library', 'View Student Details<span>Search all books here</span>'),
(376, 'library', 'View Authors <span>Search all books here</span>'),
(377, 'settings', 'General Settings'),
(378, 'settings', 'School Setup<span>School Name,Logo..</span>'),
(379, 'settings', 'News &amp; Events<span>Create/View Events</span>'),
(380, 'settings', 'Enrollment Settings'),
(381, 'settings', 'Manage Category<span>Admins &amp; Class Teachers</span>'),
(382, 'settings', 'Course/Batch Settings'),
(383, 'settings', 'Manage Courses<span>Create,Manage &amp; Reorder</span>'),
(384, 'settings', 'Default Subjects<span>Site Wide Default Subjects</span>'),
(385, 'settings', 'Subject-Batch Association<span>Associate Cources to Subjects</span>'),
(386, 'settings', 'Default Weekdays<span>Default School Weekdays</span>'),
(387, 'settings', 'Employee Settings'),
(388, 'settings', 'Subject Association<span>Associate Cources to Subjects</span>'),
(389, 'settings', 'Manage Categories<span>Employee Categories</span>'),
(390, 'settings', 'Manage Department<span>Employee Departments</span>'),
(391, 'settings', 'Manage Positions<span>Employee Positions</span>'),
(392, 'settings', 'Financial Settings'),
(393, 'settings', 'Manage Categories<span>Fee Categories</span>'),
(394, 'UserModule', 'Users'),
(395, 'UserModule.user', 'Users'),
(396, 'UserModule', 'Create'),
(397, 'UserModule.user', 'Create'),
(398, 'UserModule', 'Manage Users'),
(399, 'UserModule.user', 'Manage Users'),
(400, 'UserModule', 'Manage Profile Field'),
(401, 'UserModule.user', 'Manage Profile Field'),
(402, 'UserModule', 'List User'),
(403, 'UserModule.user', 'List User'),
(404, 'UserModule', 'Create User'),
(405, 'UserModule.user', 'Create User'),
(406, 'user', 'username'),
(407, 'UserModule', 'Incorrect username (length between 3 and 20 characters).'),
(408, 'UserModule.user', 'Incorrect username (length between 3 and 20 characters).'),
(409, 'UserModule', 'Incorrect password (minimal length 4 symbols).'),
(410, 'UserModule.user', 'Incorrect password (minimal length 4 symbols).'),
(411, 'UserModule', 'This user''s name already exists.'),
(412, 'UserModule.user', 'This user''s name already exists.'),
(413, 'UserModule', 'This user''s email address already exists.'),
(414, 'UserModule.user', 'This user''s email address already exists.'),
(415, 'UserModule', 'Incorrect symbols (A-z0-9).'),
(416, 'UserModule.user', 'Incorrect symbols (A-z0-9).'),
(417, 'UserModule', 'Id'),
(418, 'UserModule.user', 'Id'),
(419, 'UserModule', 'username'),
(420, 'UserModule.user', 'username'),
(421, 'UserModule', 'Retype Password'),
(422, 'UserModule.user', 'Retype Password'),
(423, 'UserModule', 'E-mail'),
(424, 'UserModule.user', 'E-mail'),
(425, 'UserModule', 'Verification Code'),
(426, 'UserModule.user', 'Verification Code'),
(427, 'UserModule', 'activation key'),
(428, 'UserModule.user', 'activation key'),
(429, 'UserModule', 'Registration date'),
(430, 'UserModule.user', 'Registration date'),
(431, 'UserModule', 'Last visit'),
(432, 'UserModule.user', 'Last visit'),
(433, 'UserModule', 'Superuser'),
(434, 'UserModule.user', 'Superuser'),
(435, 'UserModule', 'Status'),
(436, 'UserModule.user', 'Status'),
(437, 'user', 'password'),
(438, 'user', 'email'),
(439, 'user', 'superuser'),
(440, 'UserModule', 'Not active'),
(441, 'UserModule.user', 'Not active'),
(442, 'UserModule', 'Active'),
(443, 'UserModule.user', 'Active'),
(444, 'UserModule', 'Banned'),
(445, 'UserModule.user', 'Banned'),
(446, 'UserModule', 'No'),
(447, 'UserModule.user', 'No'),
(448, 'UserModule', 'Yes'),
(449, 'UserModule.user', 'Yes'),
(450, 'user', 'status'),
(451, 'UserModule', 'Incorrect First Name (length between 3 and 50 characters).'),
(452, 'UserModule.user', 'Incorrect First Name (length between 3 and 50 characters).'),
(453, 'UserModule', 'Incorrect Last Name (length between 3 and 50 characters).'),
(454, 'UserModule.user', 'Incorrect Last Name (length between 3 and 50 characters).'),
(455, 'UserModule', 'User ID'),
(456, 'UserModule.user', 'User ID'),
(457, 'UserModule', 'First Name'),
(458, 'UserModule.user', 'First Name'),
(459, 'UserModule', 'Last Name'),
(460, 'UserModule.user', 'Last Name'),
(461, 'UserModule', 'Profile Fields'),
(462, 'UserModule.user', 'Profile Fields'),
(463, 'UserModule', 'Manage'),
(464, 'UserModule.user', 'Manage'),
(465, 'UserModule', 'Create Profile Field'),
(466, 'UserModule.user', 'Create Profile Field'),
(467, 'UserModule', 'Manage Profile Fields'),
(468, 'UserModule.user', 'Manage Profile Fields'),
(469, 'UserModule', 'You may optionally enter a comparison operator (<b>&lt;</b>, <b>&lt;=</b>, <b>&gt;</b>, <b>&gt;=</b>, <b>&lt;&gt;</b> or <b>=</b>) at the beginning of each of your search values to specify how the comparison should be done.'),
(470, 'UserModule.user', 'You may optionally enter a comparison operator (<b>&lt;</b>, <b>&lt;=</b>, <b>&gt;</b>, <b>&gt;=</b>, <b>&lt;&gt;</b> or <b>=</b>) at the beginning of each of your search values to specify how the comparison should be done.'),
(471, 'UserModule', 'Advanced Search'),
(472, 'UserModule.user', 'Advanced Search'),
(473, 'UserModule', 'Variable name'),
(474, 'UserModule.user', 'Variable name'),
(475, 'UserModule', 'Title'),
(476, 'UserModule.user', 'Title'),
(477, 'UserModule', 'Field Type'),
(478, 'UserModule.user', 'Field Type'),
(479, 'UserModule', 'Field Size'),
(480, 'UserModule.user', 'Field Size'),
(481, 'UserModule', 'Field Size min'),
(482, 'UserModule.user', 'Field Size min'),
(483, 'UserModule', 'Required'),
(484, 'UserModule.user', 'Required'),
(485, 'UserModule', 'Match'),
(486, 'UserModule.user', 'Match'),
(487, 'UserModule', 'Range'),
(488, 'UserModule.user', 'Range'),
(489, 'UserModule', 'Error Message'),
(490, 'UserModule.user', 'Error Message'),
(491, 'UserModule', 'Other Validator'),
(492, 'UserModule.user', 'Other Validator'),
(493, 'UserModule', 'Default'),
(494, 'UserModule.user', 'Default'),
(495, 'UserModule', 'Widget'),
(496, 'UserModule.user', 'Widget'),
(497, 'UserModule', 'Widget parametrs'),
(498, 'UserModule.user', 'Widget parametrs'),
(499, 'UserModule', 'Position'),
(500, 'UserModule.user', 'Position'),
(501, 'UserModule', 'Visible'),
(502, 'UserModule.user', 'Visible'),
(503, 'UserModule', 'Variable name may consist of A-z, 0-9, underscores, begin with a letter.'),
(504, 'UserModule.user', 'Variable name may consist of A-z, 0-9, underscores, begin with a letter.'),
(505, 'UserModule', 'This field already exists.'),
(506, 'UserModule.user', 'This field already exists.'),
(507, 'UserModule', 'INTEGER'),
(508, 'UserModule.user', 'INTEGER'),
(509, 'UserModule', 'VARCHAR'),
(510, 'UserModule.user', 'VARCHAR'),
(511, 'UserModule', 'TEXT'),
(512, 'UserModule.user', 'TEXT'),
(513, 'UserModule', 'DATE'),
(514, 'UserModule.user', 'DATE'),
(515, 'UserModule', 'FLOAT'),
(516, 'UserModule.user', 'FLOAT'),
(517, 'UserModule', 'DECIMAL'),
(518, 'UserModule.user', 'DECIMAL'),
(519, 'UserModule', 'BOOL'),
(520, 'UserModule.user', 'BOOL'),
(521, 'UserModule', 'BLOB'),
(522, 'UserModule.user', 'BLOB'),
(523, 'UserModule', 'BINARY'),
(524, 'UserModule.user', 'BINARY'),
(525, 'UserModule', 'No, but show on registration form'),
(526, 'UserModule.user', 'No, but show on registration form'),
(527, 'UserModule', 'Yes and show on registration form'),
(528, 'UserModule.user', 'Yes and show on registration form'),
(529, 'UserModule', 'For all'),
(530, 'UserModule.user', 'For all'),
(531, 'UserModule', 'Registered users'),
(532, 'UserModule.user', 'Registered users'),
(533, 'UserModule', 'Only owner'),
(534, 'UserModule.user', 'Only owner'),
(535, 'UserModule', 'Hidden'),
(536, 'UserModule.user', 'Hidden'),
(537, 'UserModule', 'Search'),
(538, 'UserModule.user', 'Search'),
(539, 'UserModule', 'File field'),
(540, 'UserModule.user', 'File field'),
(541, 'UserModule', 'Upload path'),
(542, 'UserModule.user', 'Upload path'),
(543, 'UserModule', 'jQueryUI autocomplete'),
(544, 'UserModule.UWjuiAutoComplete', 'jQueryUI autocomplete'),
(545, 'UserModule', 'Model Name'),
(546, 'UserModule.UWjuiAutoComplete', 'Model Name'),
(547, 'UserModule', 'Lable field name'),
(548, 'UserModule.UWjuiAutoComplete', 'Lable field name'),
(549, 'UserModule', 'Empty item name'),
(550, 'UserModule.UWjuiAutoComplete', 'Empty item name'),
(551, 'UserModule', 'Empty item value'),
(552, 'UserModule.UWjuiAutoComplete', 'Empty item value'),
(553, 'UserModule', 'Profile model relation name'),
(554, 'UserModule.UWjuiAutoComplete', 'Profile model relation name'),
(555, 'UserModule', 'minimal start research length'),
(556, 'UserModule.UWjuiAutoComplete', 'minimal start research length'),
(557, 'UserModule', 'jQueryUI datepicker'),
(558, 'UserModule.user', 'jQueryUI datepicker'),
(559, 'UserModule', 'Date format'),
(560, 'UserModule.user', 'Date format'),
(561, 'UserModule', 'Relation Belongs To'),
(562, 'UserModule.UWrelBelongsTo', 'Relation Belongs To'),
(563, 'UserModule.UWrelBelongsTo', 'Model Name'),
(564, 'UserModule.UWrelBelongsTo', 'Lable field name'),
(565, 'UserModule.UWrelBelongsTo', 'Empty item name'),
(566, 'UserModule.UWrelBelongsTo', 'Profile model relation name'),
(567, 'UserModule', 'Save'),
(568, 'UserModule.user', 'Save'),
(569, 'UserModule', 'Cancel'),
(570, 'UserModule.user', 'Cancel'),
(571, 'UserModule', 'Show all'),
(572, 'UserModule.user', 'Show all'),
(573, 'user', 'varname'),
(574, 'UserModule', 'Allowed lowercase letters and digits.'),
(575, 'UserModule.user', 'Allowed lowercase letters and digits.'),
(576, 'user', 'title'),
(577, 'UserModule', 'Field name on the language of "sourceLanguage".'),
(578, 'UserModule.user', 'Field name on the language of "sourceLanguage".'),
(579, 'user', 'field_type'),
(580, 'UserModule', 'Field type column in the database.'),
(581, 'UserModule.user', 'Field type column in the database.'),
(582, 'user', 'field_size'),
(583, 'UserModule', 'Field size column in the database.'),
(584, 'UserModule.user', 'Field size column in the database.'),
(585, 'user', 'field_size_min'),
(586, 'UserModule', 'The minimum value of the field (form validator).'),
(587, 'UserModule.user', 'The minimum value of the field (form validator).'),
(588, 'user', 'required'),
(589, 'UserModule', 'Required field (form validator).'),
(590, 'UserModule.user', 'Required field (form validator).'),
(591, 'user', 'match'),
(592, 'UserModule', 'Regular expression (example: ''/^[A-Za-z0-9\\s,]+$/u'').'),
(593, 'UserModule.user', 'Regular expression (example: ''/^[A-Za-z0-9\\s,]+$/u'').'),
(594, 'user', 'range'),
(595, 'UserModule', 'Predefined values (example: 1;2;3;4;5 or 1==One;2==Two;3==Three;4==Four;5==Five).'),
(596, 'UserModule.user', 'Predefined values (example: 1;2;3;4;5 or 1==One;2==Two;3==Three;4==Four;5==Five).'),
(597, 'user', 'error_message'),
(598, 'UserModule', 'Error message when you validate the form.'),
(599, 'UserModule.user', 'Error message when you validate the form.'),
(600, 'user', 'other_validator'),
(601, 'UserModule', 'JSON string (example: {example}).'),
(602, 'UserModule.user', 'JSON string (example: {example}).'),
(603, 'user', 'default'),
(604, 'UserModule', 'The value of the default field (database).'),
(605, 'UserModule.user', 'The value of the default field (database).'),
(606, 'user', 'widget'),
(607, 'UserModule', 'Widget name.'),
(608, 'UserModule.user', 'Widget name.'),
(609, 'user', 'widgetparams'),
(610, 'user', 'position'),
(611, 'UserModule', 'Display order of fields.'),
(612, 'UserModule.user', 'Display order of fields.'),
(613, 'user', 'visible'),
(614, 'students', 'Add new'),
(615, 'message', 'View Message'),
(616, 'MessageModule.message', 'Reply'),
(617, 'message', 'subject'),
(618, 'message', 'Message'),
(619, 'students', 'Students List'),
(620, 'students', 'All Students Details'),
(621, 'students', 'Create New Student'),
(622, 'students', 'Manage Student Category'),
(623, 'students', 'Manage Students Category</span>'),
(624, 'students', 'List Guardians'),
(625, 'students', 'All Guardians Details'),
(626, 'students', 'Manage Student Categories'),
(627, 'students', 'Create New Category'),
(628, 'students', 'Are you sure you want to delete this student category?'),
(629, 'students', 'Delete Confirmation'),
(630, 'students', 'Delete'),
(631, 'students', 'Cancel');

-- --------------------------------------------------------

--
-- Table structure for table `star`
--

CREATE TABLE IF NOT EXISTS `star` (
  `id` int(11) NOT NULL AUTO_INCREMENT,
  `uid` int(50) NOT NULL,
  `mid` int(50) NOT NULL,
  PRIMARY KEY (`id`)
) ENGINE=InnoDB DEFAULT CHARSET=latin1 AUTO_INCREMENT=1 ;

-- --------------------------------------------------------

--
-- Table structure for table `stop_details`
--

CREATE TABLE IF NOT EXISTS `stop_details` (
  `id` int(11) NOT NULL AUTO_INCREMENT,
  `route_id` int(11) DEFAULT NULL,
  `stop_name` varchar(120) DEFAULT NULL,
  `fare` varchar(120) DEFAULT NULL,
  `arrival_mrng` time DEFAULT NULL,
  `departure_mrng` time DEFAULT NULL,
  `arrival_evng` time DEFAULT NULL,
  `departure_evng` time DEFAULT NULL,
  PRIMARY KEY (`id`)
) ENGINE=InnoDB DEFAULT CHARSET=latin1 AUTO_INCREMENT=1 ;

-- --------------------------------------------------------

--
-- Table structure for table `store_category`
--

CREATE TABLE IF NOT EXISTS `store_category` (
  `ca_id` int(11) NOT NULL AUTO_INCREMENT,
  `ca_name` varchar(200) NOT NULL,
  `status` int(11) DEFAULT '0',
  PRIMARY KEY (`ca_id`)
) ENGINE=InnoDB DEFAULT CHARSET=latin1 AUTO_INCREMENT=1 ;

-- --------------------------------------------------------

--
-- Table structure for table `store_product`
--

CREATE TABLE IF NOT EXISTS `store_product` (
  `id` int(11) NOT NULL AUTO_INCREMENT,
  `product_name` varchar(200) NOT NULL,
  `product_brand` varchar(200) NOT NULL,
  `product_quantity` int(11) NOT NULL,
  `c_id` int(11) NOT NULL,
  `price` int(11) NOT NULL,
  `status` int(11) NOT NULL DEFAULT '0',
  PRIMARY KEY (`id`)
) ENGINE=InnoDB DEFAULT CHARSET=latin1 AUTO_INCREMENT=1 ;

-- --------------------------------------------------------

--
-- Table structure for table `students`
--

CREATE TABLE IF NOT EXISTS `students` (
  `id` int(11) NOT NULL AUTO_INCREMENT,
  `assoc_truckerid` varchar(225) COLLATE utf8_unicode_ci DEFAULT NULL,
  `membership_date` date DEFAULT NULL,
  `membership_expiration` date DEFAULT NULL,
  `trucker` varchar(255) COLLATE utf8_unicode_ci DEFAULT NULL,
  `trucker_status` int(11) DEFAULT NULL,
  `buss_type` int(11) DEFAULT NULL,
  `buss_nature` int(11) DEFAULT NULL,
  `buss_add_add` varchar(200) COLLATE utf8_unicode_ci DEFAULT NULL,
  `buss_add_prov` varchar(200) COLLATE utf8_unicode_ci DEFAULT NULL,
  `buss_add_city` varchar(200) COLLATE utf8_unicode_ci DEFAULT NULL,
  `buss_add_zip` varchar(200) COLLATE utf8_unicode_ci DEFAULT NULL,
  `owner` varchar(500) COLLATE utf8_unicode_ci DEFAULT NULL,
  `buss_reg` int(11) DEFAULT NULL,
  `mayors_permit` int(11) DEFAULT NULL,
  `sss` int(11) DEFAULT NULL,
  `ph` int(11) DEFAULT NULL,
  `pagibig` int(11) DEFAULT NULL,
  `bir` int(11) DEFAULT NULL,
  `tel_no` int(11) DEFAULT NULL,
  `fax` int(11) DEFAULT NULL,
  `website` varchar(255) COLLATE utf8_unicode_ci DEFAULT NULL,
  `email` varchar(255) COLLATE utf8_unicode_ci DEFAULT NULL,
  `tons` int(11) DEFAULT NULL,
  `teus` int(11) DEFAULT NULL,
  `cases` varchar(1000) COLLATE utf8_unicode_ci DEFAULT NULL,
  `o_specify_content` varchar(255) COLLATE utf8_unicode_ci DEFAULT NULL,
  `o_specify` varchar(255) COLLATE utf8_unicode_ci DEFAULT NULL,
  `rep_lname` varchar(255) COLLATE utf8_unicode_ci DEFAULT NULL,
  `rep_desig` varchar(255) COLLATE utf8_unicode_ci DEFAULT NULL,
  `rep_mname` varchar(255) COLLATE utf8_unicode_ci DEFAULT NULL,
  `rep_fname` varchar(255) COLLATE utf8_unicode_ci DEFAULT NULL,
  `rep_telno` int(11) DEFAULT NULL,
  `rep_email` varchar(255) COLLATE utf8_unicode_ci DEFAULT NULL,
  `rep_mobile` int(11) DEFAULT NULL,
  `rep_fax` int(11) DEFAULT NULL,
  `rep_bdate` date DEFAULT NULL,
  `alter_lname` varchar(255) COLLATE utf8_unicode_ci DEFAULT NULL,
  `alter_fname` varchar(255) COLLATE utf8_unicode_ci DEFAULT NULL,
  `alter_mname` varchar(255) COLLATE utf8_unicode_ci DEFAULT NULL,
  `alter_desig` varchar(255) COLLATE utf8_unicode_ci DEFAULT NULL,
  `alter_telno` varchar(255) COLLATE utf8_unicode_ci DEFAULT NULL,
  `alter_email` varchar(255) COLLATE utf8_unicode_ci DEFAULT NULL,
  `alter_mobile` int(11) DEFAULT NULL,
  `alter_fax` int(11) DEFAULT NULL,
  `alter_bdate` date DEFAULT NULL,
  `garage` int(11) DEFAULT NULL,
  `garage_add` varchar(1000) COLLATE utf8_unicode_ci DEFAULT NULL,
  `garage_prov` varchar(255) COLLATE utf8_unicode_ci DEFAULT NULL,
  `garage_city` varchar(255) COLLATE utf8_unicode_ci DEFAULT NULL,
  `garage_zip` int(11) DEFAULT NULL,
  `garage_other_assoc` int(11) DEFAULT NULL,
  `is_sms_enabled` tinyint(1) DEFAULT '1',
  `photo_file_name` varchar(255) COLLATE utf8_unicode_ci DEFAULT NULL,
  `photo_content_type` varchar(255) COLLATE utf8_unicode_ci DEFAULT NULL,
  `photo_data` longblob,
  `photo_src` varchar(1000) COLLATE utf8_unicode_ci DEFAULT NULL,
  `status_description` varchar(255) COLLATE utf8_unicode_ci DEFAULT NULL,
  `is_active` tinyint(1) DEFAULT '1',
  `is_deleted` tinyint(1) DEFAULT '0',
  `created_at` datetime DEFAULT NULL,
  `updated_at` datetime DEFAULT NULL,
  `has_paid_fees` tinyint(1) DEFAULT '0',
  `photo_file_size` int(11) DEFAULT NULL,
  `reg_owner` varchar(225) COLLATE utf8_unicode_ci DEFAULT NULL,
  `reg_start_date` date DEFAULT NULL,
  `reg_end_date` date DEFAULT NULL,
  `reg_end_date_presentd` int(11) DEFAULT NULL,
  `createdby` int(11) DEFAULT NULL,
  `lastupdateby` int(11) DEFAULT NULL,
  PRIMARY KEY (`id`)
) ENGINE=InnoDB  DEFAULT CHARSET=utf8 COLLATE=utf8_unicode_ci AUTO_INCREMENT=16 ;

--
-- Dumping data for table `students`
--

INSERT INTO `students` (`id`, `assoc_truckerid`, `membership_date`, `membership_expiration`, `trucker`, `trucker_status`, `buss_type`, `buss_nature`, `buss_add_add`, `buss_add_prov`, `buss_add_city`, `buss_add_zip`, `owner`, `buss_reg`, `mayors_permit`, `sss`, `ph`, `pagibig`, `bir`, `tel_no`, `fax`, `website`, `email`, `tons`, `teus`, `cases`, `o_specify_content`, `o_specify`, `rep_lname`, `rep_desig`, `rep_mname`, `rep_fname`, `rep_telno`, `rep_email`, `rep_mobile`, `rep_fax`, `rep_bdate`, `alter_lname`, `alter_fname`, `alter_mname`, `alter_desig`, `alter_telno`, `alter_email`, `alter_mobile`, `alter_fax`, `alter_bdate`, `garage`, `garage_add`, `garage_prov`, `garage_city`, `garage_zip`, `garage_other_assoc`, `is_sms_enabled`, `photo_file_name`, `photo_content_type`, `photo_data`, `photo_src`, `status_description`, `is_active`, `is_deleted`, `created_at`, `updated_at`, `has_paid_fees`, `photo_file_size`, `reg_owner`, `reg_start_date`, `reg_end_date`, `reg_end_date_presentd`, `createdby`, `lastupdateby`) VALUES
(1, 'E-00001', '0000-00-00', '0000-00-00', 'St. Pio Transport Corp.', 2, 4, 3, 'Blk 22 Lot 3 Ph3D Dagat-dagatan Ex. Caloocan', '', '', '', 'Salvador P. Tan', NULL, NULL, NULL, NULL, NULL, 2147483647, 2881545, 2881504, 'www.stpiotransport.com.ph', 'sptan325@gmail.com', NULL, NULL, '', '', '', 'Tan', 'Optns. Manager', 'P', 'Rene', 2881545, 'rene.tan@stpiotransport.com.ph', 2147483647, 2881504, '1955-09-07', 'Faboriquez', 'Eduardo', '', 'Trip Mgt Officer', '2881545', 'eddie.faboriquez@stpiotransport.com.ph', 2147483647, 2881504, '1970-04-06', 2, 'NBBS, H. Lopez Ave., Navotas ', '', '', NULL, NULL, 1, '01.png', 'image/png', '', 'attachments/students/photos/1415542189.png', NULL, 1, 0, NULL, NULL, 0, 23292, NULL, '2014-09-30', '2015-09-30', NULL, NULL, NULL),
(2, 'E-00002', '0000-00-00', '0000-00-00', 'Quictrans Cargo Movers, INC', 2, 4, 3, 'Commercial Lot 4, Road 10, Brgy.118, Zone 009, Tondo, Manila', '', '', '', 'Teodorico S. Gervacio', NULL, NULL, NULL, NULL, NULL, 2147483647, 2545754, 2545759, '', 'quicktrans.ph@gmail.com', NULL, NULL, '', '', '', '', '', '', '', NULL, '', NULL, NULL, '0000-00-00', '', '', '', '', '', '', NULL, NULL, '0000-00-00', NULL, '', '', '', NULL, NULL, 1, NULL, NULL, '', NULL, NULL, 1, 0, NULL, NULL, 0, NULL, NULL, NULL, NULL, NULL, NULL, NULL),
(3, 'E-00003', '0000-00-00', '0000-00-00', 'EUG Freight Services, INC', 2, 4, 3, '118 Sta. Catalina St. Penafrancia Subd., Brgy Cupang, Antipolo', '', '', '', 'Elpidio U. Gaerlan', NULL, NULL, NULL, NULL, NULL, 2147483647, 2545690, 2534966, '', 'eugfreight@yahoo.com', NULL, NULL, '', '', '', 'Gaerlan', 'AVP', '', 'Lee Marvin', 2545690, 'lee.gaerlan@gmail.com', 2147483647, 2526979, '1982-07-05', '', '', '', '', '', '', NULL, NULL, '0000-00-00', NULL, '', '', '', NULL, NULL, 1, NULL, NULL, '', NULL, NULL, 1, 0, NULL, NULL, 0, NULL, NULL, NULL, NULL, NULL, NULL, NULL),
(4, 'E-00004', '0000-00-00', '0000-00-00', 'JC Advance Cargo', 2, 4, 3, '253 Calderon Cmpd., Old Balara, Quezon City', '', '', '', 'John  Siojo', NULL, NULL, NULL, NULL, NULL, 2147483647, 9520688, NULL, '', 'johnsiojo@yahoo.com', NULL, NULL, '', '', '', 'Juan', '', '', 'Rose San', NULL, '', NULL, NULL, '0000-00-00', '', '', '', '', '', '', NULL, NULL, '0000-00-00', 1, '', '', '', NULL, NULL, 1, NULL, NULL, '', NULL, NULL, 1, 0, NULL, NULL, 0, NULL, NULL, NULL, NULL, NULL, NULL, NULL),
(5, 'E-00005', '0000-00-00', '0000-00-00', 'Nocos Hauling Services, Inc.', 2, 4, 3, 'Unit G, Don Bosco Youth Center, Road 10, Tondo, Manila', '', '', '', 'Teotimo Nocos', NULL, NULL, NULL, NULL, NULL, 2147483647, 2533298, 2570000, '', 'nocoshauling_2008@yahoo.com', NULL, NULL, '', '', '', 'Cantiilo', 'Optns. Manager', '', 'Ofelia', 2533298, '', NULL, NULL, '0000-00-00', '', '', '', '', '', '', NULL, NULL, '0000-00-00', NULL, '', '', '', NULL, NULL, 1, NULL, NULL, '', NULL, NULL, 1, 0, NULL, NULL, 0, NULL, NULL, NULL, NULL, NULL, NULL, NULL),
(6, 'E-00006', '0000-00-00', '0000-00-00', 'Seven Star Logistics Corp.', 2, 4, 3, 'Lot 4, Muralla Bridge, road 10, Brgy 128, Zone 10, Tondo, Manila', '', '', '', 'Christian Go', NULL, NULL, NULL, NULL, NULL, 2147483647, 2556217, 2556216, '', 'christianjaogo@gmail.com', NULL, NULL, '', '', '', 'Centus', 'Bookeeper', 'O', 'Roberto', NULL, 'robcentus@yahoo.com.ph', 2147483647, NULL, '0000-00-00', '', '', '', '', '', '', NULL, NULL, '0000-00-00', 1, '', '', '', NULL, NULL, 1, NULL, NULL, '', NULL, NULL, 1, 0, NULL, NULL, 0, NULL, NULL, NULL, NULL, NULL, NULL, NULL),
(7, 'E-00007', '0000-00-00', '0000-00-00', 'Active Cargo Movers, INC', 2, 4, 3, '229 Maria Payo corner Mabuhay Sts. Tondo, Manila', '', '', '', 'Perlita Melencio', NULL, NULL, NULL, NULL, NULL, 2147483647, 2428991, NULL, '', 'acmovers2000@yahoo.com', NULL, NULL, '', '', '', 'Melencio', '', '', 'Marlon', NULL, '', NULL, NULL, '0000-00-00', '', '', '', '', '', '', NULL, NULL, '0000-00-00', NULL, '', '', '', NULL, NULL, 1, NULL, NULL, '', NULL, NULL, 1, 0, NULL, NULL, 0, NULL, NULL, NULL, NULL, NULL, NULL, NULL),
(8, 'E-00008', '0000-00-00', '0000-00-00', 'Venus Trading & Trucking', 2, 4, 3, '1747 Blumentritt Ext. Sampaloc, Manila', '', '', '', 'Elizabeth Infante', NULL, NULL, NULL, NULL, NULL, 2147483647, 9313416, NULL, '', 'liza_s_infante@yahoo.com', NULL, NULL, '', '', '', '', '', '', '', NULL, '', NULL, NULL, '0000-00-00', '', '', '', '', '', '', NULL, NULL, '0000-00-00', 1, '1747 Blumentritt Ext. Sampaloc, Manila', '', '', NULL, NULL, 1, NULL, NULL, '', NULL, NULL, 1, 0, NULL, NULL, 0, NULL, NULL, NULL, NULL, NULL, NULL, NULL),
(9, 'E-00009', '0000-00-00', '0000-00-00', 'Pioneer Freight Services', 2, 4, 3, 'Lot 15, Blk 22, Rawis Cmpd., Tondo, Manila', '', '', '', 'Ruben De Guzman', NULL, NULL, NULL, NULL, NULL, 2147483647, 2528888, 2337212, '', 'pfsfreightservices@yahoo.com', NULL, NULL, '', '', '', 'Bido', '', '', 'Evelyn', NULL, '', NULL, NULL, '0000-00-00', '', '', '', '', '', '', NULL, NULL, '0000-00-00', NULL, '', '', '', NULL, NULL, 1, NULL, NULL, '', NULL, NULL, 1, 0, NULL, NULL, 0, NULL, NULL, NULL, NULL, NULL, NULL, NULL),
(10, 'E-00010', '0000-00-00', '0000-00-00', 'Harbourlink Transport INC.', 2, 4, 3, 'Slip 0 North Harbor, Manila', '', '', '', 'Catalino S. Costales', NULL, NULL, NULL, NULL, NULL, 2147483647, 6025988, NULL, '', 'clcostales@yahoo.com', NULL, NULL, '', '', '', 'Mauricio', 'Optns Manager', '', 'Charliemagne', NULL, 'harbourlinktransport@yahoo.com', 2147483647, NULL, '0000-00-00', '', '', '', '', '', '', NULL, NULL, '0000-00-00', NULL, '', '', '', NULL, NULL, 1, NULL, NULL, '', NULL, NULL, 1, 0, NULL, '0000-00-00 00:00:00', 0, NULL, NULL, NULL, NULL, NULL, NULL, NULL),
(11, 'E-00011', '2014-10-01', '2014-10-31', 'Testing Trucker', 2, 1, 1, 'dasma cavite', '', '', '', 'Testing Owner', NULL, NULL, NULL, NULL, NULL, NULL, 2147483647, NULL, '', 'testgingowner@gmail.com', NULL, NULL, '', '', '', '', '', '', '', NULL, '', NULL, NULL, '0000-00-00', '', '', '', '', '', '', NULL, NULL, '0000-00-00', NULL, '', '', '', NULL, NULL, 1, 'IMG_20121225_095623.jpg', 'image/jpeg', '', 'attachments/students/photos/1412452318.jpg', NULL, 1, 0, NULL, NULL, 0, 449645, NULL, NULL, NULL, NULL, NULL, NULL),
(12, 'E-00012', '2014-10-24', '2014-10-31', 'dyuben', 2, 2, 2, 'esguerra', 'cavite', 'imusa', '4103', 'joeven', 0, 0, 99, 8282828, 8282828, 2147483647, 231313, NULL, 'www.stpiotransport.com.ph', 'dyuben@gmail.com', 28, 2828, '28282', '', '', 'aksdjasdja', 'manila', 'ssjaja', 'jdjajasadkj', 123131313, 'dyuben@gmail.com', 13123123, 231213, '2014-10-15', 'ajashahjjh', 'ajhshjsajdahjd', 'ajjsjasd', 'batangas', '29292929', 'dyuben@gmail.com', 29939129, 22929, '2014-10-03', 2, 'asadadadadad', 'asdasd', 'asdasdads', 4103, 2, 1, 'IMG_20130704_130408.jpg', 'image/jpeg', '', 'attachments/students/photos/1413664728.jpg', NULL, 1, 0, NULL, NULL, 0, 584889, NULL, NULL, NULL, NULL, NULL, NULL),
(13, 'E-00013', '2014-11-30', '2014-11-01', 'galcorin', 2, 1, 1, 'a', '', '', '', 'a', NULL, NULL, NULL, NULL, NULL, NULL, 4, NULL, '', 'adf@gmail.com', NULL, NULL, '', '', '', '', '', '', '', NULL, '', NULL, NULL, '0000-00-00', '', '', '', '', '', '', NULL, NULL, '0000-00-00', NULL, '', '', '', NULL, NULL, 1, '02.png', 'image/png', '', 'attachments/students/photos/1415542338.png', NULL, 1, 0, NULL, NULL, 0, 22475, NULL, NULL, NULL, NULL, NULL, NULL),
(14, 'E-00014', '2014-11-01', '2014-11-30', 'JKLM', 2, 1, 1, 'Molino', 'Cavite', 'Imus', '4118', 'Maychell Alcorin', 35672364, 9845745, 93587, 888899900, 778866654, 778866654, 2147483647, 98765432, 'intha.com.ph', 'mychll@gmail.com', 676, 908, '7787', '', '', 'Alcorin', 'President', 'Mansanades', 'Gabriel', 23857235, 'gab@gmail.com', 2147483647, 2935486, '1994-04-23', 'Alcorin', 'Merlin', 'Lopez', 'Vice President', '293577778', 'mer@gmail.com', 2147483647, 2147483647, '1990-11-01', 1, 'Molino Homes', 'Cavite', 'Imus', 6778, 1, 1, NULL, NULL, '', NULL, NULL, 1, 0, '0000-00-00 00:00:00', '2014-11-17 22:29:14', 0, NULL, NULL, NULL, NULL, NULL, 1, 1),
(15, 'E-00015', '2014-11-01', '2014-11-30', 'NOPMQ', 2, 1, 1, 'Molino', 'Cavite', 'Imus', '4118', 'Maychell Alcorin', 35672364, 9845745, 93587, 888899900, 778866654, 778866654, 2147483647, 98765432, 'intha.com.ph', 'mychll@gmail.com', 676, 908, '7787', '', '', 'Alcorin', 'President', 'Mansanades', 'Gabriel', 23857235, 'gab@gmail.com', 2147483647, 2935486, '1994-04-23', 'Alcorin', 'Merlin', 'Lopez', 'Vice President', '293577778', 'mer@gmail.com', 2147483647, 2147483647, '1990-11-01', 1, 'Molino Homes', 'Cavite', 'Imus', 6778, 1, 1, '02.png', 'image/png', '', 'attachments/students/photos/1416235110.png', NULL, 1, 0, '2014-11-17 22:35:29', '2014-11-17 22:38:30', 0, 22475, NULL, NULL, NULL, NULL, 1, 1);

-- --------------------------------------------------------

--
-- Table structure for table `students_subjects`
--

CREATE TABLE IF NOT EXISTS `students_subjects` (
  `id` int(11) NOT NULL AUTO_INCREMENT,
  `student_id` int(11) DEFAULT NULL,
  `subject_id` int(11) DEFAULT NULL,
  `batch_id` int(11) DEFAULT NULL,
  PRIMARY KEY (`id`),
  KEY `index_students_subjects_on_student_id_and_subject_id` (`student_id`,`subject_id`)
) ENGINE=InnoDB DEFAULT CHARSET=utf8 COLLATE=utf8_unicode_ci AUTO_INCREMENT=1 ;

-- --------------------------------------------------------

--
-- Table structure for table `student_additional_details`
--

CREATE TABLE IF NOT EXISTS `student_additional_details` (
  `id` int(11) NOT NULL AUTO_INCREMENT,
  `student_id` int(11) DEFAULT NULL,
  `additional_field_id` int(11) DEFAULT NULL,
  `additional_info` varchar(255) COLLATE utf8_unicode_ci DEFAULT NULL,
  PRIMARY KEY (`id`)
) ENGINE=InnoDB DEFAULT CHARSET=utf8 COLLATE=utf8_unicode_ci AUTO_INCREMENT=1 ;

-- --------------------------------------------------------

--
-- Table structure for table `student_additional_fields`
--

CREATE TABLE IF NOT EXISTS `student_additional_fields` (
  `id` int(11) NOT NULL AUTO_INCREMENT,
  `name` varchar(255) COLLATE utf8_unicode_ci DEFAULT NULL,
  `status` tinyint(1) DEFAULT NULL,
  PRIMARY KEY (`id`)
) ENGINE=InnoDB DEFAULT CHARSET=utf8 COLLATE=utf8_unicode_ci AUTO_INCREMENT=1 ;

-- --------------------------------------------------------

--
-- Table structure for table `student_attentance`
--

CREATE TABLE IF NOT EXISTS `student_attentance` (
  `id` int(11) NOT NULL AUTO_INCREMENT,
  `student_id` int(11) NOT NULL,
  `date` date NOT NULL,
  `reason` varchar(120) NOT NULL,
  PRIMARY KEY (`id`)
) ENGINE=InnoDB DEFAULT CHARSET=latin1 AUTO_INCREMENT=1 ;

-- --------------------------------------------------------

--
-- Table structure for table `student_categories`
--

CREATE TABLE IF NOT EXISTS `student_categories` (
  `id` int(11) NOT NULL AUTO_INCREMENT,
  `name` varchar(255) COLLATE utf8_unicode_ci DEFAULT NULL,
  `is_deleted` tinyint(1) NOT NULL DEFAULT '0',
  PRIMARY KEY (`id`)
) ENGINE=InnoDB DEFAULT CHARSET=utf8 COLLATE=utf8_unicode_ci AUTO_INCREMENT=1 ;

-- --------------------------------------------------------

--
-- Table structure for table `student_extra`
--

CREATE TABLE IF NOT EXISTS `student_extra` (
  `id` int(11) NOT NULL AUTO_INCREMENT,
  `student_id` int(11) NOT NULL,
  `extra` text NOT NULL,
  PRIMARY KEY (`id`)
) ENGINE=InnoDB DEFAULT CHARSET=latin1 AUTO_INCREMENT=1 ;

-- --------------------------------------------------------

--
-- Table structure for table `student_guardian`
--

CREATE TABLE IF NOT EXISTS `student_guardian` (
  `id` int(11) NOT NULL AUTO_INCREMENT,
  `gid` int(11) NOT NULL,
  `sid` int(11) NOT NULL,
  PRIMARY KEY (`id`)
) ENGINE=InnoDB DEFAULT CHARSET=latin1 AUTO_INCREMENT=1 ;

-- --------------------------------------------------------

--
-- Table structure for table `student_previous_datas`
--

CREATE TABLE IF NOT EXISTS `student_previous_datas` (
  `id` int(11) NOT NULL AUTO_INCREMENT,
  `student_id` int(11) DEFAULT NULL,
  `institution` varchar(255) COLLATE utf8_unicode_ci DEFAULT NULL,
  `year` varchar(255) COLLATE utf8_unicode_ci DEFAULT NULL,
  `course` varchar(255) COLLATE utf8_unicode_ci DEFAULT NULL,
  `total_mark` varchar(255) COLLATE utf8_unicode_ci DEFAULT NULL,
  PRIMARY KEY (`id`)
) ENGINE=InnoDB DEFAULT CHARSET=utf8 COLLATE=utf8_unicode_ci AUTO_INCREMENT=1 ;

-- --------------------------------------------------------

--
-- Table structure for table `student_previous_subject_marks`
--

CREATE TABLE IF NOT EXISTS `student_previous_subject_marks` (
  `id` int(11) NOT NULL AUTO_INCREMENT,
  `student_id` int(11) DEFAULT NULL,
  `subject` varchar(255) COLLATE utf8_unicode_ci DEFAULT NULL,
  `mark` varchar(255) COLLATE utf8_unicode_ci DEFAULT NULL,
  PRIMARY KEY (`id`)
) ENGINE=InnoDB DEFAULT CHARSET=utf8 COLLATE=utf8_unicode_ci AUTO_INCREMENT=1 ;

-- --------------------------------------------------------

--
-- Table structure for table `subjects`
--

CREATE TABLE IF NOT EXISTS `subjects` (
  `id` int(11) NOT NULL AUTO_INCREMENT,
  `name` varchar(255) COLLATE utf8_unicode_ci DEFAULT NULL,
  `code` varchar(255) COLLATE utf8_unicode_ci DEFAULT NULL,
  `batch_id` int(11) DEFAULT NULL,
  `no_exams` tinyint(1) DEFAULT '0',
  `max_weekly_classes` int(11) DEFAULT NULL,
  `elective_group_id` int(11) DEFAULT NULL,
  `is_deleted` tinyint(1) DEFAULT '0',
  `created_at` datetime DEFAULT NULL,
  `updated_at` datetime DEFAULT NULL,
  PRIMARY KEY (`id`),
  KEY `index_subjects_on_batch_id_and_elective_group_id_and_is_deleted` (`batch_id`,`elective_group_id`,`is_deleted`)
) ENGINE=InnoDB DEFAULT CHARSET=utf8 COLLATE=utf8_unicode_ci AUTO_INCREMENT=1 ;

-- --------------------------------------------------------

--
-- Table structure for table `subject_name`
--

CREATE TABLE IF NOT EXISTS `subject_name` (
  `id` int(11) NOT NULL AUTO_INCREMENT,
  `name` varchar(120) DEFAULT NULL,
  `code` varchar(120) DEFAULT NULL,
  PRIMARY KEY (`id`)
) ENGINE=InnoDB DEFAULT CHARSET=latin1 AUTO_INCREMENT=1 ;

-- --------------------------------------------------------

--
-- Table structure for table `tbl_timezone`
--

CREATE TABLE IF NOT EXISTS `tbl_timezone` (
  `id` int(11) NOT NULL AUTO_INCREMENT,
  `name` varchar(255) COLLATE utf8_unicode_ci NOT NULL,
  PRIMARY KEY (`id`)
) ENGINE=InnoDB  DEFAULT CHARSET=utf8 COLLATE=utf8_unicode_ci AUTO_INCREMENT=462 ;

--
-- Dumping data for table `tbl_timezone`
--

INSERT INTO `tbl_timezone` (`id`, `name`) VALUES
(2, 'Africa/Abidjan'),
(3, 'Africa/Accra'),
(4, 'Africa/Addis_Ababa'),
(5, 'Africa/Algiers'),
(6, 'Africa/Asmara'),
(7, 'Africa/Asmera'),
(8, 'Africa/Bamako'),
(9, 'Africa/Bangui'),
(10, 'Africa/Banjul'),
(11, 'Africa/Bissau'),
(12, 'Africa/Blantyre'),
(13, 'Africa/Brazzaville'),
(14, 'Africa/Bujumbura'),
(15, 'Africa/Cairo'),
(16, 'Africa/Casablanca'),
(17, 'Africa/Ceuta'),
(18, 'Africa/Conakry'),
(19, 'Africa/Dakar'),
(20, 'Africa/Dar_es_Salaam'),
(21, 'Africa/Djibouti'),
(22, 'Africa/Douala'),
(23, 'Africa/El_Aaiun'),
(24, 'Africa/Freetown'),
(25, 'Africa/Gaborone'),
(26, 'Africa/Harare'),
(27, 'Africa/Johannesburg'),
(28, 'Africa/Kampala'),
(29, 'Africa/Khartoum'),
(30, 'Africa/Kigali'),
(31, 'Africa/Kinshasa'),
(32, 'Africa/Lagos'),
(33, 'Africa/Libreville'),
(34, 'Africa/Lome'),
(35, 'Africa/Luanda'),
(36, 'Africa/Lubumbashi'),
(37, 'Africa/Lusaka'),
(38, 'Africa/Malabo'),
(39, 'Africa/Maputo'),
(40, 'Africa/Maseru'),
(41, 'Africa/Mbabane'),
(42, 'Africa/Mogadishu'),
(43, 'Africa/Monrovia'),
(44, 'Africa/Nairobi'),
(45, 'Africa/Ndjamena'),
(46, 'Africa/Niamey'),
(47, 'Africa/Nouakchott'),
(48, 'Africa/Ouagadougou'),
(49, 'Africa/Porto-Novo'),
(50, 'Africa/Sao_Tome'),
(51, 'Africa/Timbuktu'),
(52, 'Africa/Tripoli'),
(53, 'Africa/Tunis'),
(54, 'Africa/Windhoek'),
(55, 'America/Adak'),
(56, 'America/Anchorage'),
(57, 'America/Anguilla'),
(58, 'America/Antigua'),
(59, 'America/Araguaina'),
(60, 'America/Argentina/Buenos_Aires'),
(61, 'America/Argentina/Catamarca'),
(62, 'America/Argentina/ComodRivadavia'),
(63, 'America/Argentina/Cordoba'),
(64, 'America/Argentina/Jujuy'),
(65, 'America/Argentina/La_Rioja'),
(66, 'America/Argentina/Mendoza'),
(67, 'America/Argentina/Rio_Gallegos'),
(68, 'America/Argentina/Salta'),
(69, 'America/Argentina/San_Juan'),
(70, 'America/Argentina/San_Luis'),
(71, 'America/Argentina/Tucuman'),
(72, 'America/Argentina/Ushuaia'),
(73, 'America/Aruba'),
(74, 'America/Asuncion'),
(75, 'America/Atikokan'),
(76, 'America/Atka'),
(77, 'America/Bahia'),
(78, 'America/Bahia_Banderas'),
(79, 'America/Barbados'),
(80, 'America/Belem'),
(81, 'America/Belize'),
(82, 'America/Blanc-Sablon'),
(83, 'America/Boa_Vista'),
(84, 'America/Bogota'),
(85, 'America/Boise'),
(86, 'America/Buenos_Aires'),
(87, 'America/Cambridge_Bay'),
(88, 'America/Campo_Grande'),
(89, 'America/Cancun'),
(90, 'America/Caracas'),
(91, 'America/Catamarca'),
(92, 'America/Cayenne'),
(93, 'America/Cayman'),
(94, 'America/Chicago'),
(95, 'America/Chihuahua'),
(96, 'America/Coral_Harbour'),
(97, 'America/Cordoba'),
(98, 'America/Costa_Rica'),
(99, 'America/Cuiaba'),
(100, 'America/Curacao'),
(101, 'America/Danmarkshavn'),
(102, 'America/Dawson'),
(103, 'America/Dawson_Creek'),
(104, 'America/Denver'),
(105, 'America/Detroit'),
(106, 'America/Dominica'),
(107, 'America/Edmonton'),
(108, 'America/Eirunepe'),
(109, 'America/El_Salvador'),
(110, 'America/Ensenada'),
(111, 'America/Fortaleza'),
(112, 'America/Fort_Wayne'),
(113, 'America/Glace_Bay'),
(114, 'America/Godthab'),
(115, 'America/Goose_Bay'),
(116, 'America/Grand_Turk'),
(117, 'America/Grenada'),
(118, 'America/Guadeloupe'),
(119, 'America/Guatemala'),
(120, 'America/Guayaquil'),
(121, 'America/Guyana'),
(122, 'America/Halifax'),
(123, 'America/Havana'),
(124, 'America/Hermosillo'),
(125, 'America/Indiana/Indianapolis'),
(126, 'America/Indiana/Knox'),
(127, 'America/Indiana/Marengo'),
(128, 'America/Indiana/Petersburg'),
(129, 'America/Indianapolis'),
(130, 'America/Indiana/Tell_City'),
(131, 'America/Indiana/Vevay'),
(132, 'America/Indiana/Vincennes'),
(133, 'America/Indiana/Winamac'),
(134, 'America/Inuvik'),
(135, 'America/Iqaluit'),
(136, 'America/Jamaica'),
(137, 'America/Jujuy'),
(138, 'America/Juneau'),
(139, 'America/Kentucky/Louisville'),
(140, 'America/Kentucky/Monticello'),
(141, 'America/Knox_IN'),
(142, 'America/La_Paz'),
(143, 'America/Lima'),
(144, 'America/Los_Angeles'),
(145, 'America/Louisville'),
(146, 'America/Maceio'),
(147, 'America/Managua'),
(148, 'America/Manaus'),
(149, 'America/Marigot'),
(150, 'America/Martinique'),
(151, 'America/Matamoros'),
(152, 'America/Mazatlan'),
(153, 'America/Mendoza'),
(154, 'America/Menominee'),
(155, 'America/Merida'),
(156, 'America/Metlakatla'),
(157, 'America/Mexico_City'),
(158, 'America/Miquelon'),
(159, 'America/Moncton'),
(160, 'America/Monterrey'),
(161, 'America/Montevideo'),
(162, 'America/Montreal'),
(163, 'America/Montserrat'),
(164, 'America/Nassau'),
(165, 'America/New_York'),
(166, 'America/Nipigon'),
(167, 'America/Nome'),
(168, 'America/Noronha'),
(169, 'America/North_Dakota/Beulah'),
(170, 'America/North_Dakota/Center'),
(171, 'America/North_Dakota/New_Salem'),
(172, 'America/Ojinaga'),
(173, 'America/Panama'),
(174, 'America/Pangnirtung'),
(175, 'America/Paramaribo'),
(176, 'America/Phoenix'),
(177, 'America/Port-au-Prince'),
(178, 'America/Porto_Acre'),
(179, 'America/Port_of_Spain'),
(180, 'America/Porto_Velho'),
(181, 'America/Puerto_Rico'),
(182, 'America/Rainy_River'),
(183, 'America/Rankin_Inlet'),
(184, 'America/Recife'),
(185, 'America/Regina'),
(186, 'America/Resolute'),
(187, 'America/Rio_Branco'),
(188, 'America/Rosario'),
(189, 'America/Santa_Isabel'),
(190, 'America/Santarem'),
(191, 'America/Santiago'),
(192, 'America/Santo_Domingo'),
(193, 'America/Sao_Paulo'),
(194, 'America/Scoresbysund'),
(195, 'America/Shiprock'),
(196, 'America/Sitka'),
(197, 'America/St_Barthelemy'),
(198, 'America/St_Johns'),
(199, 'America/St_Kitts'),
(200, 'America/St_Lucia'),
(201, 'America/St_Thomas'),
(202, 'America/St_Vincent'),
(203, 'America/Swift_Current'),
(204, 'America/Tegucigalpa'),
(205, 'America/Thule'),
(206, 'America/Thunder_Bay'),
(207, 'America/Tijuana'),
(208, 'America/Toronto'),
(209, 'America/Tortola'),
(210, 'America/Vancouver'),
(211, 'America/Virgin'),
(212, 'America/Whitehorse'),
(213, 'America/Winnipeg'),
(214, 'America/Yakutat'),
(215, 'America/Yellowknife'),
(216, 'Antarctica/Casey'),
(217, 'Antarctica/Davis'),
(218, 'Antarctica/DumontDUrville'),
(219, 'Antarctica/Macquarie'),
(220, 'Antarctica/Mawson'),
(221, 'Antarctica/McMurdo'),
(222, 'Antarctica/Palmer'),
(223, 'Antarctica/Rothera'),
(224, 'Antarctica/South_Pole'),
(225, 'Antarctica/Syowa'),
(226, 'Antarctica/Vostok'),
(227, 'Arctic/Longyearbyen'),
(228, 'Asia/Aden'),
(229, 'Asia/Almaty'),
(230, 'Asia/Amman'),
(231, 'Asia/Anadyr'),
(232, 'Asia/Aqtau'),
(233, 'Asia/Aqtobe'),
(234, 'Asia/Ashgabat'),
(235, 'Asia/Ashkhabad'),
(236, 'Asia/Baghdad'),
(237, 'Asia/Bahrain'),
(238, 'Asia/Baku'),
(239, 'Asia/Bangkok'),
(240, 'Asia/Beirut'),
(241, 'Asia/Bishkek'),
(242, 'Asia/Brunei'),
(243, 'Asia/Calcutta'),
(244, 'Asia/Choibalsan'),
(245, 'Asia/Chongqing'),
(246, 'Asia/Chungking'),
(247, 'Asia/Colombo'),
(248, 'Asia/Dacca'),
(249, 'Asia/Damascus'),
(250, 'Asia/Dhaka'),
(251, 'Asia/Dili'),
(252, 'Asia/Dubai'),
(253, 'Asia/Dushanbe'),
(254, 'Asia/Gaza'),
(255, 'Asia/Harbin'),
(256, 'Asia/Ho_Chi_Minh'),
(257, 'Asia/Hong_Kong'),
(258, 'Asia/Hovd'),
(259, 'Asia/Irkutsk'),
(260, 'Asia/Istanbul'),
(261, 'Asia/Jakarta'),
(262, 'Asia/Jayapura'),
(263, 'Asia/Jerusalem'),
(264, 'Asia/Kabul'),
(265, 'Asia/Kamchatka'),
(266, 'Asia/Karachi'),
(267, 'Asia/Kashgar'),
(268, 'Asia/Kathmandu'),
(269, 'Asia/Katmandu'),
(270, 'Asia/Kolkata'),
(271, 'Asia/Krasnoyarsk'),
(272, 'Asia/Kuala_Lumpur'),
(273, 'Asia/Kuching'),
(274, 'Asia/Kuwait'),
(275, 'Asia/Macao'),
(276, 'Asia/Macau'),
(277, 'Asia/Magadan'),
(278, 'Asia/Makassar'),
(279, 'Asia/Manila'),
(280, 'Asia/Muscat'),
(281, 'Asia/Nicosia'),
(282, 'Asia/Novokuznetsk'),
(283, 'Asia/Novosibirsk'),
(284, 'Asia/Omsk'),
(285, 'Asia/Oral'),
(286, 'Asia/Phnom_Penh'),
(287, 'Asia/Pontianak'),
(288, 'Asia/Pyongyang'),
(289, 'Asia/Qatar'),
(290, 'Asia/Qyzylorda'),
(291, 'Asia/Rangoon'),
(292, 'Asia/Riyadh'),
(293, 'Asia/Saigon'),
(294, 'Asia/Sakhalin'),
(295, 'Asia/Samarkand'),
(296, 'Asia/Seoul'),
(297, 'Asia/Shanghai'),
(298, 'Asia/Singapore'),
(299, 'Asia/Taipei'),
(300, 'Asia/Tashkent'),
(301, 'Asia/Tbilisi'),
(302, 'Asia/Tehran'),
(303, 'Asia/Tel_Aviv'),
(304, 'Asia/Thimbu'),
(305, 'Asia/Thimphu'),
(306, 'Asia/Tokyo'),
(307, 'Asia/Ujung_Pandang'),
(308, 'Asia/Ulaanbaatar'),
(309, 'Asia/Ulan_Bator'),
(310, 'Asia/Urumqi'),
(311, 'Asia/Vientiane'),
(312, 'Asia/Vladivostok'),
(313, 'Asia/Yakutsk'),
(314, 'Asia/Yekaterinburg'),
(315, 'Asia/Yerevan'),
(316, 'Atlantic/Azores'),
(317, 'Atlantic/Bermuda'),
(318, 'Atlantic/Canary'),
(319, 'Atlantic/Cape_Verde'),
(320, 'Atlantic/Faeroe'),
(321, 'Atlantic/Faroe'),
(322, 'Atlantic/Jan_Mayen'),
(323, 'Atlantic/Madeira'),
(324, 'Atlantic/Reykjavik'),
(325, 'Atlantic/South_Georgia'),
(326, 'Atlantic/Stanley'),
(327, 'Atlantic/St_Helena'),
(328, 'Australia/ACT'),
(329, 'Australia/Adelaide'),
(330, 'Australia/Brisbane'),
(331, 'Australia/Broken_Hill'),
(332, 'Australia/Canberra'),
(333, 'Australia/Currie'),
(334, 'Australia/Darwin'),
(335, 'Australia/Eucla'),
(336, 'Australia/Hobart'),
(337, 'Australia/LHI'),
(338, 'Australia/Lindeman'),
(339, 'Australia/Lord_Howe'),
(340, 'Australia/Melbourne'),
(341, 'Australia/North'),
(342, 'Australia/NSW'),
(343, 'Australia/Perth'),
(344, 'Australia/Queensland'),
(345, 'Australia/South'),
(346, 'Australia/Sydney'),
(347, 'Australia/Tasmania'),
(348, 'Australia/Victoria'),
(349, 'Australia/West'),
(350, 'Australia/Yancowinna'),
(351, 'Europe/Amsterdam'),
(352, 'Europe/Andorra'),
(353, 'Europe/Athens'),
(354, 'Europe/Belfast'),
(355, 'Europe/Belgrade'),
(356, 'Europe/Berlin'),
(357, 'Europe/Bratislava'),
(358, 'Europe/Brussels'),
(359, 'Europe/Bucharest'),
(360, 'Europe/Budapest'),
(361, 'Europe/Chisinau'),
(362, 'Europe/Copenhagen'),
(363, 'Europe/Dublin'),
(364, 'Europe/Gibraltar'),
(365, 'Europe/Guernsey'),
(366, 'Europe/Helsinki'),
(367, 'Europe/Isle_of_Man'),
(368, 'Europe/Istanbul'),
(369, 'Europe/Jersey'),
(370, 'Europe/Kaliningrad'),
(371, 'Europe/Kiev'),
(372, 'Europe/Lisbon'),
(373, 'Europe/Ljubljana'),
(374, 'Europe/London'),
(375, 'Europe/Luxembourg'),
(376, 'Europe/Madrid'),
(377, 'Europe/Malta'),
(378, 'Europe/Mariehamn'),
(379, 'Europe/Minsk'),
(380, 'Europe/Monaco'),
(381, 'Europe/Moscow'),
(382, 'Europe/Nicosia'),
(383, 'Europe/Oslo'),
(384, 'Europe/Paris'),
(385, 'Europe/Podgorica'),
(386, 'Europe/Prague'),
(387, 'Europe/Riga'),
(388, 'Europe/Rome'),
(389, 'Europe/Samara'),
(390, 'Europe/San_Marino'),
(391, 'Europe/Sarajevo'),
(392, 'Europe/Simferopol'),
(393, 'Europe/Skopje'),
(394, 'Europe/Sofia'),
(395, 'Europe/Stockholm'),
(396, 'Europe/Tallinn'),
(397, 'Europe/Tirane'),
(398, 'Europe/Tiraspol'),
(399, 'Europe/Uzhgorod'),
(400, 'Europe/Vaduz'),
(401, 'Europe/Vatican'),
(402, 'Europe/Vienna'),
(403, 'Europe/Vilnius'),
(404, 'Europe/Volgograd'),
(405, 'Europe/Warsaw'),
(406, 'Europe/Zagreb'),
(407, 'Europe/Zaporozhye'),
(408, 'Europe/Zurich'),
(409, 'Indian/Antananarivo'),
(410, 'Indian/Chagos'),
(411, 'Indian/Christmas'),
(412, 'Indian/Cocos'),
(413, 'Indian/Comoro'),
(414, 'Indian/Kerguelen'),
(415, 'Indian/Mahe'),
(416, 'Indian/Maldives'),
(417, 'Indian/Mauritius'),
(418, 'Indian/Mayotte'),
(419, 'Indian/Reunion'),
(420, 'Pacific/Apia'),
(421, 'Pacific/Auckland'),
(422, 'Pacific/Chatham'),
(423, 'Pacific/Chuuk'),
(424, 'Pacific/Easter'),
(425, 'Pacific/Efate'),
(426, 'Pacific/Enderbury'),
(427, 'Pacific/Fakaofo'),
(428, 'Pacific/Fiji'),
(429, 'Pacific/Funafuti'),
(430, 'Pacific/Galapagos'),
(431, 'Pacific/Gambier'),
(432, 'Pacific/Guadalcanal'),
(433, 'Pacific/Guam'),
(434, 'Pacific/Honolulu'),
(435, 'Pacific/Johnston'),
(436, 'Pacific/Kiritimati'),
(437, 'Pacific/Kosrae'),
(438, 'Pacific/Kwajalein'),
(439, 'Pacific/Majuro'),
(440, 'Pacific/Marquesas'),
(441, 'Pacific/Midway'),
(442, 'Pacific/Nauru'),
(443, 'Pacific/Niue'),
(444, 'Pacific/Norfolk'),
(445, 'Pacific/Noumea'),
(446, 'Pacific/Pago_Pago'),
(447, 'Pacific/Palau'),
(448, 'Pacific/Pitcairn'),
(449, 'Pacific/Pohnpei'),
(450, 'Pacific/Ponape'),
(451, 'Pacific/Port_Moresby'),
(452, 'Pacific/Rarotonga'),
(453, 'Pacific/Saipan'),
(454, 'Pacific/Samoa'),
(455, 'Pacific/Tahiti'),
(456, 'Pacific/Tarawa'),
(457, 'Pacific/Tongatapu'),
(458, 'Pacific/Truk'),
(459, 'Pacific/Wake'),
(460, 'Pacific/Wallis'),
(461, 'Pacific/Yap');

-- --------------------------------------------------------

--
-- Table structure for table `timetable_entries`
--

CREATE TABLE IF NOT EXISTS `timetable_entries` (
  `id` int(11) NOT NULL AUTO_INCREMENT,
  `batch_id` int(11) DEFAULT NULL,
  `weekday_id` int(11) DEFAULT NULL,
  `class_timing_id` int(11) DEFAULT NULL,
  `subject_id` int(11) DEFAULT NULL,
  `employee_id` int(11) DEFAULT NULL,
  PRIMARY KEY (`id`),
  KEY `by_timetable` (`weekday_id`,`batch_id`,`class_timing_id`)
) ENGINE=InnoDB DEFAULT CHARSET=utf8 COLLATE=utf8_unicode_ci AUTO_INCREMENT=1 ;

-- --------------------------------------------------------

--
-- Table structure for table `timezone`
--

CREATE TABLE IF NOT EXISTS `timezone` (
  `id` int(11) NOT NULL AUTO_INCREMENT,
  `timezone` varchar(120) DEFAULT NULL,
  PRIMARY KEY (`id`)
) ENGINE=InnoDB  DEFAULT CHARSET=latin1 AUTO_INCREMENT=462 ;

--
-- Dumping data for table `timezone`
--

INSERT INTO `timezone` (`id`, `timezone`) VALUES
(2, 'Africa/Abidjan'),
(3, 'Africa/Accra'),
(4, 'Africa/Addis_Ababa'),
(5, 'Africa/Algiers'),
(6, 'Africa/Asmara'),
(7, 'Africa/Asmera'),
(8, 'Africa/Bamako'),
(9, 'Africa/Bangui'),
(10, 'Africa/Banjul'),
(11, 'Africa/Bissau'),
(12, 'Africa/Blantyre'),
(13, 'Africa/Brazzaville'),
(14, 'Africa/Bujumbura'),
(15, 'Africa/Cairo'),
(16, 'Africa/Casablanca'),
(17, 'Africa/Ceuta'),
(18, 'Africa/Conakry'),
(19, 'Africa/Dakar'),
(20, 'Africa/Dar_es_Salaam'),
(21, 'Africa/Djibouti'),
(22, 'Africa/Douala'),
(23, 'Africa/El_Aaiun'),
(24, 'Africa/Freetown'),
(25, 'Africa/Gaborone'),
(26, 'Africa/Harare'),
(27, 'Africa/Johannesburg'),
(28, 'Africa/Kampala'),
(29, 'Africa/Khartoum'),
(30, 'Africa/Kigali'),
(31, 'Africa/Kinshasa'),
(32, 'Africa/Lagos'),
(33, 'Africa/Libreville'),
(34, 'Africa/Lome'),
(35, 'Africa/Luanda'),
(36, 'Africa/Lubumbashi'),
(37, 'Africa/Lusaka'),
(38, 'Africa/Malabo'),
(39, 'Africa/Maputo'),
(40, 'Africa/Maseru'),
(41, 'Africa/Mbabane'),
(42, 'Africa/Mogadishu'),
(43, 'Africa/Monrovia'),
(44, 'Africa/Nairobi'),
(45, 'Africa/Ndjamena'),
(46, 'Africa/Niamey'),
(47, 'Africa/Nouakchott'),
(48, 'Africa/Ouagadougou'),
(49, 'Africa/Porto-Novo'),
(50, 'Africa/Sao_Tome'),
(51, 'Africa/Timbuktu'),
(52, 'Africa/Tripoli'),
(53, 'Africa/Tunis'),
(54, 'Africa/Windhoek'),
(55, 'America/Adak'),
(56, 'America/Anchorage'),
(57, 'America/Anguilla'),
(58, 'America/Antigua'),
(59, 'America/Araguaina'),
(60, 'America/Argentina/Buenos_Aires'),
(61, 'America/Argentina/Catamarca'),
(62, 'America/Argentina/ComodRivadavia'),
(63, 'America/Argentina/Cordoba'),
(64, 'America/Argentina/Jujuy'),
(65, 'America/Argentina/La_Rioja'),
(66, 'America/Argentina/Mendoza'),
(67, 'America/Argentina/Rio_Gallegos'),
(68, 'America/Argentina/Salta'),
(69, 'America/Argentina/San_Juan'),
(70, 'America/Argentina/San_Luis'),
(71, 'America/Argentina/Tucuman'),
(72, 'America/Argentina/Ushuaia'),
(73, 'America/Aruba'),
(74, 'America/Asuncion'),
(75, 'America/Atikokan'),
(76, 'America/Atka'),
(77, 'America/Bahia'),
(78, 'America/Bahia_Banderas'),
(79, 'America/Barbados'),
(80, 'America/Belem'),
(81, 'America/Belize'),
(82, 'America/Blanc-Sablon'),
(83, 'America/Boa_Vista'),
(84, 'America/Bogota'),
(85, 'America/Boise'),
(86, 'America/Buenos_Aires'),
(87, 'America/Cambridge_Bay'),
(88, 'America/Campo_Grande'),
(89, 'America/Cancun'),
(90, 'America/Caracas'),
(91, 'America/Catamarca'),
(92, 'America/Cayenne'),
(93, 'America/Cayman'),
(94, 'America/Chicago'),
(95, 'America/Chihuahua'),
(96, 'America/Coral_Harbour'),
(97, 'America/Cordoba'),
(98, 'America/Costa_Rica'),
(99, 'America/Cuiaba'),
(100, 'America/Curacao'),
(101, 'America/Danmarkshavn'),
(102, 'America/Dawson'),
(103, 'America/Dawson_Creek'),
(104, 'America/Denver'),
(105, 'America/Detroit'),
(106, 'America/Dominica'),
(107, 'America/Edmonton'),
(108, 'America/Eirunepe'),
(109, 'America/El_Salvador'),
(110, 'America/Ensenada'),
(111, 'America/Fortaleza'),
(112, 'America/Fort_Wayne'),
(113, 'America/Glace_Bay'),
(114, 'America/Godthab'),
(115, 'America/Goose_Bay'),
(116, 'America/Grand_Turk'),
(117, 'America/Grenada'),
(118, 'America/Guadeloupe'),
(119, 'America/Guatemala'),
(120, 'America/Guayaquil'),
(121, 'America/Guyana'),
(122, 'America/Halifax'),
(123, 'America/Havana'),
(124, 'America/Hermosillo'),
(125, 'America/Indiana/Indianapolis'),
(126, 'America/Indiana/Knox'),
(127, 'America/Indiana/Marengo'),
(128, 'America/Indiana/Petersburg'),
(129, 'America/Indianapolis'),
(130, 'America/Indiana/Tell_City'),
(131, 'America/Indiana/Vevay'),
(132, 'America/Indiana/Vincennes'),
(133, 'America/Indiana/Winamac'),
(134, 'America/Inuvik'),
(135, 'America/Iqaluit'),
(136, 'America/Jamaica'),
(137, 'America/Jujuy'),
(138, 'America/Juneau'),
(139, 'America/Kentucky/Louisville'),
(140, 'America/Kentucky/Monticello'),
(141, 'America/Knox_IN'),
(142, 'America/La_Paz'),
(143, 'America/Lima'),
(144, 'America/Los_Angeles'),
(145, 'America/Louisville'),
(146, 'America/Maceio'),
(147, 'America/Managua'),
(148, 'America/Manaus'),
(149, 'America/Marigot'),
(150, 'America/Martinique'),
(151, 'America/Matamoros'),
(152, 'America/Mazatlan'),
(153, 'America/Mendoza'),
(154, 'America/Menominee'),
(155, 'America/Merida'),
(156, 'America/Metlakatla'),
(157, 'America/Mexico_City'),
(158, 'America/Miquelon'),
(159, 'America/Moncton'),
(160, 'America/Monterrey'),
(161, 'America/Montevideo'),
(162, 'America/Montreal'),
(163, 'America/Montserrat'),
(164, 'America/Nassau'),
(165, 'America/New_York'),
(166, 'America/Nipigon'),
(167, 'America/Nome'),
(168, 'America/Noronha'),
(169, 'America/North_Dakota/Beulah'),
(170, 'America/North_Dakota/Center'),
(171, 'America/North_Dakota/New_Salem'),
(172, 'America/Ojinaga'),
(173, 'America/Panama'),
(174, 'America/Pangnirtung'),
(175, 'America/Paramaribo'),
(176, 'America/Phoenix'),
(177, 'America/Port-au-Prince'),
(178, 'America/Porto_Acre'),
(179, 'America/Port_of_Spain'),
(180, 'America/Porto_Velho'),
(181, 'America/Puerto_Rico'),
(182, 'America/Rainy_River'),
(183, 'America/Rankin_Inlet'),
(184, 'America/Recife'),
(185, 'America/Regina'),
(186, 'America/Resolute'),
(187, 'America/Rio_Branco'),
(188, 'America/Rosario'),
(189, 'America/Santa_Isabel'),
(190, 'America/Santarem'),
(191, 'America/Santiago'),
(192, 'America/Santo_Domingo'),
(193, 'America/Sao_Paulo'),
(194, 'America/Scoresbysund'),
(195, 'America/Shiprock'),
(196, 'America/Sitka'),
(197, 'America/St_Barthelemy'),
(198, 'America/St_Johns'),
(199, 'America/St_Kitts'),
(200, 'America/St_Lucia'),
(201, 'America/St_Thomas'),
(202, 'America/St_Vincent'),
(203, 'America/Swift_Current'),
(204, 'America/Tegucigalpa'),
(205, 'America/Thule'),
(206, 'America/Thunder_Bay'),
(207, 'America/Tijuana'),
(208, 'America/Toronto'),
(209, 'America/Tortola'),
(210, 'America/Vancouver'),
(211, 'America/Virgin'),
(212, 'America/Whitehorse'),
(213, 'America/Winnipeg'),
(214, 'America/Yakutat'),
(215, 'America/Yellowknife'),
(216, 'Antarctica/Casey'),
(217, 'Antarctica/Davis'),
(218, 'Antarctica/DumontDUrville'),
(219, 'Antarctica/Macquarie'),
(220, 'Antarctica/Mawson'),
(221, 'Antarctica/McMurdo'),
(222, 'Antarctica/Palmer'),
(223, 'Antarctica/Rothera'),
(224, 'Antarctica/South_Pole'),
(225, 'Antarctica/Syowa'),
(226, 'Antarctica/Vostok'),
(227, 'Arctic/Longyearbyen'),
(228, 'Asia/Aden'),
(229, 'Asia/Almaty'),
(230, 'Asia/Amman'),
(231, 'Asia/Anadyr'),
(232, 'Asia/Aqtau'),
(233, 'Asia/Aqtobe'),
(234, 'Asia/Ashgabat'),
(235, 'Asia/Ashkhabad'),
(236, 'Asia/Baghdad'),
(237, 'Asia/Bahrain'),
(238, 'Asia/Baku'),
(239, 'Asia/Bangkok'),
(240, 'Asia/Beirut'),
(241, 'Asia/Bishkek'),
(242, 'Asia/Brunei'),
(243, 'Asia/Calcutta'),
(244, 'Asia/Choibalsan'),
(245, 'Asia/Chongqing'),
(246, 'Asia/Chungking'),
(247, 'Asia/Colombo'),
(248, 'Asia/Dacca'),
(249, 'Asia/Damascus'),
(250, 'Asia/Dhaka'),
(251, 'Asia/Dili'),
(252, 'Asia/Dubai'),
(253, 'Asia/Dushanbe'),
(254, 'Asia/Gaza'),
(255, 'Asia/Harbin'),
(256, 'Asia/Ho_Chi_Minh'),
(257, 'Asia/Hong_Kong'),
(258, 'Asia/Hovd'),
(259, 'Asia/Irkutsk'),
(260, 'Asia/Istanbul'),
(261, 'Asia/Jakarta'),
(262, 'Asia/Jayapura'),
(263, 'Asia/Jerusalem'),
(264, 'Asia/Kabul'),
(265, 'Asia/Kamchatka'),
(266, 'Asia/Karachi'),
(267, 'Asia/Kashgar'),
(268, 'Asia/Kathmandu'),
(269, 'Asia/Katmandu'),
(270, 'Asia/Kolkata'),
(271, 'Asia/Krasnoyarsk'),
(272, 'Asia/Kuala_Lumpur'),
(273, 'Asia/Kuching'),
(274, 'Asia/Kuwait'),
(275, 'Asia/Macao'),
(276, 'Asia/Macau'),
(277, 'Asia/Magadan'),
(278, 'Asia/Makassar'),
(279, 'Asia/Manila'),
(280, 'Asia/Muscat'),
(281, 'Asia/Nicosia'),
(282, 'Asia/Novokuznetsk'),
(283, 'Asia/Novosibirsk'),
(284, 'Asia/Omsk'),
(285, 'Asia/Oral'),
(286, 'Asia/Phnom_Penh'),
(287, 'Asia/Pontianak'),
(288, 'Asia/Pyongyang'),
(289, 'Asia/Qatar'),
(290, 'Asia/Qyzylorda'),
(291, 'Asia/Rangoon'),
(292, 'Asia/Riyadh'),
(293, 'Asia/Saigon'),
(294, 'Asia/Sakhalin'),
(295, 'Asia/Samarkand'),
(296, 'Asia/Seoul'),
(297, 'Asia/Shanghai'),
(298, 'Asia/Singapore'),
(299, 'Asia/Taipei'),
(300, 'Asia/Tashkent'),
(301, 'Asia/Tbilisi'),
(302, 'Asia/Tehran'),
(303, 'Asia/Tel_Aviv'),
(304, 'Asia/Thimbu'),
(305, 'Asia/Thimphu'),
(306, 'Asia/Tokyo'),
(307, 'Asia/Ujung_Pandang'),
(308, 'Asia/Ulaanbaatar'),
(309, 'Asia/Ulan_Bator'),
(310, 'Asia/Urumqi'),
(311, 'Asia/Vientiane'),
(312, 'Asia/Vladivostok'),
(313, 'Asia/Yakutsk'),
(314, 'Asia/Yekaterinburg'),
(315, 'Asia/Yerevan'),
(316, 'Atlantic/Azores'),
(317, 'Atlantic/Bermuda'),
(318, 'Atlantic/Canary'),
(319, 'Atlantic/Cape_Verde'),
(320, 'Atlantic/Faeroe'),
(321, 'Atlantic/Faroe'),
(322, 'Atlantic/Jan_Mayen'),
(323, 'Atlantic/Madeira'),
(324, 'Atlantic/Reykjavik'),
(325, 'Atlantic/South_Georgia'),
(326, 'Atlantic/Stanley'),
(327, 'Atlantic/St_Helena'),
(328, 'Australia/ACT'),
(329, 'Australia/Adelaide'),
(330, 'Australia/Brisbane'),
(331, 'Australia/Broken_Hill'),
(332, 'Australia/Canberra'),
(333, 'Australia/Currie'),
(334, 'Australia/Darwin'),
(335, 'Australia/Eucla'),
(336, 'Australia/Hobart'),
(337, 'Australia/LHI'),
(338, 'Australia/Lindeman'),
(339, 'Australia/Lord_Howe'),
(340, 'Australia/Melbourne'),
(341, 'Australia/North'),
(342, 'Australia/NSW'),
(343, 'Australia/Perth'),
(344, 'Australia/Queensland'),
(345, 'Australia/South'),
(346, 'Australia/Sydney'),
(347, 'Australia/Tasmania'),
(348, 'Australia/Victoria'),
(349, 'Australia/West'),
(350, 'Australia/Yancowinna'),
(351, 'Europe/Amsterdam'),
(352, 'Europe/Andorra'),
(353, 'Europe/Athens'),
(354, 'Europe/Belfast'),
(355, 'Europe/Belgrade'),
(356, 'Europe/Berlin'),
(357, 'Europe/Bratislava'),
(358, 'Europe/Brussels'),
(359, 'Europe/Bucharest'),
(360, 'Europe/Budapest'),
(361, 'Europe/Chisinau'),
(362, 'Europe/Copenhagen'),
(363, 'Europe/Dublin'),
(364, 'Europe/Gibraltar'),
(365, 'Europe/Guernsey'),
(366, 'Europe/Helsinki'),
(367, 'Europe/Isle_of_Man'),
(368, 'Europe/Istanbul'),
(369, 'Europe/Jersey'),
(370, 'Europe/Kaliningrad'),
(371, 'Europe/Kiev'),
(372, 'Europe/Lisbon'),
(373, 'Europe/Ljubljana'),
(374, 'Europe/London'),
(375, 'Europe/Luxembourg'),
(376, 'Europe/Madrid'),
(377, 'Europe/Malta'),
(378, 'Europe/Mariehamn'),
(379, 'Europe/Minsk'),
(380, 'Europe/Monaco'),
(381, 'Europe/Moscow'),
(382, 'Europe/Nicosia'),
(383, 'Europe/Oslo'),
(384, 'Europe/Paris'),
(385, 'Europe/Podgorica'),
(386, 'Europe/Prague'),
(387, 'Europe/Riga'),
(388, 'Europe/Rome'),
(389, 'Europe/Samara'),
(390, 'Europe/San_Marino'),
(391, 'Europe/Sarajevo'),
(392, 'Europe/Simferopol'),
(393, 'Europe/Skopje'),
(394, 'Europe/Sofia'),
(395, 'Europe/Stockholm'),
(396, 'Europe/Tallinn'),
(397, 'Europe/Tirane'),
(398, 'Europe/Tiraspol'),
(399, 'Europe/Uzhgorod'),
(400, 'Europe/Vaduz'),
(401, 'Europe/Vatican'),
(402, 'Europe/Vienna'),
(403, 'Europe/Vilnius'),
(404, 'Europe/Volgograd'),
(405, 'Europe/Warsaw'),
(406, 'Europe/Zagreb'),
(407, 'Europe/Zaporozhye'),
(408, 'Europe/Zurich'),
(409, 'Indian/Antananarivo'),
(410, 'Indian/Chagos'),
(411, 'Indian/Christmas'),
(412, 'Indian/Cocos'),
(413, 'Indian/Comoro'),
(414, 'Indian/Kerguelen'),
(415, 'Indian/Mahe'),
(416, 'Indian/Maldives'),
(417, 'Indian/Mauritius'),
(418, 'Indian/Mayotte'),
(419, 'Indian/Reunion'),
(420, 'Pacific/Apia'),
(421, 'Pacific/Auckland'),
(422, 'Pacific/Chatham'),
(423, 'Pacific/Chuuk'),
(424, 'Pacific/Easter'),
(425, 'Pacific/Efate'),
(426, 'Pacific/Enderbury'),
(427, 'Pacific/Fakaofo'),
(428, 'Pacific/Fiji'),
(429, 'Pacific/Funafuti'),
(430, 'Pacific/Galapagos'),
(431, 'Pacific/Gambier'),
(432, 'Pacific/Guadalcanal'),
(433, 'Pacific/Guam'),
(434, 'Pacific/Honolulu'),
(435, 'Pacific/Johnston'),
(436, 'Pacific/Kiritimati'),
(437, 'Pacific/Kosrae'),
(438, 'Pacific/Kwajalein'),
(439, 'Pacific/Majuro'),
(440, 'Pacific/Marquesas'),
(441, 'Pacific/Midway'),
(442, 'Pacific/Nauru'),
(443, 'Pacific/Niue'),
(444, 'Pacific/Norfolk'),
(445, 'Pacific/Noumea'),
(446, 'Pacific/Pago_Pago'),
(447, 'Pacific/Palau'),
(448, 'Pacific/Pitcairn'),
(449, 'Pacific/Pohnpei'),
(450, 'Pacific/Ponape'),
(451, 'Pacific/Port_Moresby'),
(452, 'Pacific/Rarotonga'),
(453, 'Pacific/Saipan'),
(454, 'Pacific/Samoa'),
(455, 'Pacific/Tahiti'),
(456, 'Pacific/Tarawa'),
(457, 'Pacific/Tongatapu'),
(458, 'Pacific/Truk'),
(459, 'Pacific/Wake'),
(460, 'Pacific/Wallis'),
(461, 'Pacific/Yap');

-- --------------------------------------------------------

--
-- Table structure for table `trailer_status`
--

CREATE TABLE IF NOT EXISTS `trailer_status` (
  `id` int(11) NOT NULL AUTO_INCREMENT,
  `name` varchar(255) DEFAULT NULL,
  `active` int(11) DEFAULT '1',
  PRIMARY KEY (`id`)
) ENGINE=InnoDB  DEFAULT CHARSET=latin1 AUTO_INCREMENT=2 ;

--
-- Dumping data for table `trailer_status`
--

INSERT INTO `trailer_status` (`id`, `name`, `active`) VALUES
(1, 'Active', 1);

-- --------------------------------------------------------

--
-- Table structure for table `transportation`
--

CREATE TABLE IF NOT EXISTS `transportation` (
  `id` int(11) NOT NULL AUTO_INCREMENT,
  `student_id` varchar(120) DEFAULT NULL,
  `stop_id` varchar(120) DEFAULT NULL,
  `is_paid` int(20) NOT NULL,
  PRIMARY KEY (`id`)
) ENGINE=InnoDB DEFAULT CHARSET=latin1 AUTO_INCREMENT=1 ;

-- --------------------------------------------------------

--
-- Table structure for table `truckers_other_assoc`
--

CREATE TABLE IF NOT EXISTS `truckers_other_assoc` (
  `id` int(11) NOT NULL AUTO_INCREMENT,
  `name` varchar(255) DEFAULT NULL,
  `desc` varchar(255) DEFAULT NULL,
  `active` int(11) DEFAULT '1',
  PRIMARY KEY (`id`)
) ENGINE=InnoDB  DEFAULT CHARSET=latin1 AUTO_INCREMENT=4 ;

--
-- Dumping data for table `truckers_other_assoc`
--

INSERT INTO `truckers_other_assoc` (`id`, `name`, `desc`, `active`) VALUES
(1, 'ACTOO', 'ACTOO', 1),
(2, 'CTAP', 'CTAP', 1),
(3, 'TESINGNESS', 'errrna', 2);

-- --------------------------------------------------------

--
-- Table structure for table `truckers_tractor_type`
--

CREATE TABLE IF NOT EXISTS `truckers_tractor_type` (
  `id` int(11) NOT NULL AUTO_INCREMENT,
  `name` varchar(225) DEFAULT NULL,
  `active` int(11) DEFAULT '1',
  PRIMARY KEY (`id`)
) ENGINE=InnoDB  DEFAULT CHARSET=latin1 AUTO_INCREMENT=12 ;

--
-- Dumping data for table `truckers_tractor_type`
--

INSERT INTO `truckers_tractor_type` (`id`, `name`, `active`) VALUES
(1, 'Straight', 1),
(2, 'Aluminum', 1),
(3, 'Trailer', 1),
(4, 'Wing Van', 1),
(5, 'Tanker', 1),
(6, 'Tractor Head', 1),
(7, 'Cargo Truck', 1),
(8, 'Flat Bed', 1),
(9, 'Forward Stake Truck', 1),
(10, 'Forward', 1),
(11, 'Truck', 1);

-- --------------------------------------------------------

--
-- Table structure for table `trucker_brand`
--

CREATE TABLE IF NOT EXISTS `trucker_brand` (
  `id` int(11) NOT NULL AUTO_INCREMENT,
  `name` varchar(255) DEFAULT NULL,
  `active` int(11) DEFAULT '1',
  PRIMARY KEY (`id`)
) ENGINE=InnoDB  DEFAULT CHARSET=latin1 AUTO_INCREMENT=9 ;

--
-- Dumping data for table `trucker_brand`
--

INSERT INTO `trucker_brand` (`id`, `name`, `active`) VALUES
(1, 'Isuzu', 1),
(2, 'Benz', 1),
(3, 'Foton', 1),
(4, 'Tata', 1),
(5, 'Fuso', 1),
(6, 'IH', 1),
(7, 'Mit', 1),
(8, 'HINO', 1);

-- --------------------------------------------------------

--
-- Table structure for table `trucker_buss_nature`
--

CREATE TABLE IF NOT EXISTS `trucker_buss_nature` (
  `id` int(11) NOT NULL AUTO_INCREMENT,
  `name` varchar(255) DEFAULT NULL,
  `active` int(11) DEFAULT '1',
  PRIMARY KEY (`id`)
) ENGINE=InnoDB  DEFAULT CHARSET=latin1 AUTO_INCREMENT=4 ;

--
-- Dumping data for table `trucker_buss_nature`
--

INSERT INTO `trucker_buss_nature` (`id`, `name`, `active`) VALUES
(1, 'Trucking', 1),
(2, 'Forwarding', 1),
(3, 'Trucking/Hauling', 1);

-- --------------------------------------------------------

--
-- Table structure for table `trucker_buss_type`
--

CREATE TABLE IF NOT EXISTS `trucker_buss_type` (
  `id` int(11) NOT NULL AUTO_INCREMENT,
  `name` varchar(255) DEFAULT NULL,
  `active` int(11) DEFAULT '1',
  PRIMARY KEY (`id`)
) ENGINE=InnoDB  DEFAULT CHARSET=latin1 AUTO_INCREMENT=5 ;

--
-- Dumping data for table `trucker_buss_type`
--

INSERT INTO `trucker_buss_type` (`id`, `name`, `active`) VALUES
(1, 'Sole', 1),
(2, 'Partnerships', 1),
(3, 'edit1', 2),
(4, 'Trucking', 1);

-- --------------------------------------------------------

--
-- Table structure for table `trucker_directors`
--

CREATE TABLE IF NOT EXISTS `trucker_directors` (
  `id` int(11) NOT NULL AUTO_INCREMENT,
  `trucker_id` varchar(225) DEFAULT NULL,
  `prefix` int(11) DEFAULT NULL,
  `last_name` varchar(255) DEFAULT NULL,
  `first_name` varchar(255) DEFAULT NULL,
  `middle_name` varchar(255) DEFAULT NULL,
  `ext` varchar(255) DEFAULT NULL,
  `bday` date DEFAULT NULL,
  `bplace` varchar(255) DEFAULT NULL,
  `address` varchar(255) DEFAULT NULL,
  `city` varchar(255) DEFAULT NULL,
  `province` varchar(255) DEFAULT NULL,
  `zipcode` int(11) DEFAULT NULL,
  `gender` varchar(11) DEFAULT NULL,
  `active` int(11) DEFAULT '1',
  PRIMARY KEY (`id`)
) ENGINE=InnoDB  DEFAULT CHARSET=latin1 AUTO_INCREMENT=8 ;

--
-- Dumping data for table `trucker_directors`
--

INSERT INTO `trucker_directors` (`id`, `trucker_id`, `prefix`, `last_name`, `first_name`, `middle_name`, `ext`, `bday`, `bplace`, `address`, `city`, `province`, `zipcode`, `gender`, `active`) VALUES
(1, 'E-00001', 2, 'asdf', 'asdf', '', 'er', '2014-11-04', '', 'asdf', 'asdf', 'asdf', 3333, 'F', 1),
(2, 'E-00001', 2, 'asdf', 'asdf', '', '', '2014-08-19', '', 'asdf', 'asdf', 'asdf', 111, 'M', 1),
(3, 'E-00001', 4, 'testing', 'testing', '', '', '0000-00-00', '', 'asdf', 'asdf', 'asdf', 4444, '', 1),
(4, 'E-00001', 3, 'asdf', 'asdf', '', 'a', '0000-00-00', '', 'asdf', 'ASDF', 'ASDF', 2222, '', 1),
(5, 'E-00015', 6, 'Alcorin', 'Junjun', 'Mansanades', 'Jr', '1990-11-18', 'Cavite', 'Bautista', 'Dasmarinas', 'Cavite', 4114, 'M', 1),
(6, 'E-00015', NULL, 'Alcorin', 'Junjun', 'Mansanades', 'Jr', '0000-00-00', '', 'Bautista', 'Dasmarinas', '', NULL, '', 1),
(7, 'E-00002', NULL, 'alcorin', 'maychell', '', '', '0000-00-00', '', 'Bautista', 'Dasmarinas', '', NULL, '', 1);

-- --------------------------------------------------------

--
-- Table structure for table `trucker_garage`
--

CREATE TABLE IF NOT EXISTS `trucker_garage` (
  `id` int(11) NOT NULL AUTO_INCREMENT,
  `name` varchar(225) DEFAULT NULL,
  `active` int(11) DEFAULT '1',
  PRIMARY KEY (`id`)
) ENGINE=InnoDB  DEFAULT CHARSET=latin1 AUTO_INCREMENT=5 ;

--
-- Dumping data for table `trucker_garage`
--

INSERT INTO `trucker_garage` (`id`, `name`, `active`) VALUES
(1, 'Owned', 1),
(2, 'Rented', 1),
(3, 'Common Parking', 1),
(4, 'asdf', 2);

-- --------------------------------------------------------

--
-- Table structure for table `trucker_status`
--

CREATE TABLE IF NOT EXISTS `trucker_status` (
  `id` int(11) NOT NULL AUTO_INCREMENT,
  `name` varchar(255) DEFAULT NULL,
  `active` int(11) DEFAULT '1',
  PRIMARY KEY (`id`)
) ENGINE=InnoDB  DEFAULT CHARSET=latin1 AUTO_INCREMENT=5 ;

--
-- Dumping data for table `trucker_status`
--

INSERT INTO `trucker_status` (`id`, `name`, `active`) VALUES
(1, 'Active', 1),
(2, 'Inactive', 1),
(3, 'Sold', 1),
(4, 'asdftr', 2);

-- --------------------------------------------------------

--
-- Table structure for table `trucker_trailer_type`
--

CREATE TABLE IF NOT EXISTS `trucker_trailer_type` (
  `id` int(11) NOT NULL AUTO_INCREMENT,
  `name` varchar(255) DEFAULT NULL,
  `active` int(11) DEFAULT '1',
  PRIMARY KEY (`id`)
) ENGINE=InnoDB  DEFAULT CHARSET=latin1 AUTO_INCREMENT=3 ;

--
-- Dumping data for table `trucker_trailer_type`
--

INSERT INTO `trucker_trailer_type` (`id`, `name`, `active`) VALUES
(1, 'Flatbed', 1),
(2, 'Skeletal', 1);

-- --------------------------------------------------------

--
-- Table structure for table `trucker_trucker_status`
--

CREATE TABLE IF NOT EXISTS `trucker_trucker_status` (
  `id` int(11) NOT NULL AUTO_INCREMENT,
  `name` varchar(255) DEFAULT NULL,
  `active` int(11) DEFAULT '1',
  PRIMARY KEY (`id`)
) ENGINE=InnoDB  DEFAULT CHARSET=latin1 AUTO_INCREMENT=7 ;

--
-- Dumping data for table `trucker_trucker_status`
--

INSERT INTO `trucker_trucker_status` (`id`, `name`, `active`) VALUES
(1, 'Inactive', 1),
(2, 'Active', 1),
(3, 'Suspended', 1),
(4, 'arter', 2),
(5, 'testingness', 2),
(6, 'asdf', 1);

-- --------------------------------------------------------

--
-- Table structure for table `trucker_trucks`
--

CREATE TABLE IF NOT EXISTS `trucker_trucks` (
  `id` int(11) NOT NULL AUTO_INCREMENT,
  `association_truck_id` int(11) DEFAULT NULL,
  `association_trucker_id` int(11) DEFAULT NULL,
  `wheeler` varchar(225) DEFAULT NULL,
  `brand` varchar(225) DEFAULT NULL,
  `model` varchar(225) DEFAULT NULL,
  `year_model` int(11) DEFAULT NULL,
  `plate_number` int(11) DEFAULT NULL,
  `trailer_type` int(11) DEFAULT NULL,
  `chasis_number` int(11) DEFAULT NULL,
  `truck_status` int(11) DEFAULT NULL,
  `franchise_number` int(11) DEFAULT NULL,
  `franchise_date_of_issuance` date DEFAULT NULL,
  `franchise_date_of_expiration` date DEFAULT NULL,
  `notes` varchar(1000) DEFAULT NULL,
  `type_of_note` int(11) DEFAULT NULL,
  `details_of_note` varchar(2000) DEFAULT NULL,
  `date_of_note` date DEFAULT NULL,
  `reported_by` varchar(1000) DEFAULT NULL,
  `date_reported_by` date DEFAULT NULL,
  `or_cr` int(11) DEFAULT NULL,
  `or_cr_date` date DEFAULT NULL,
  `or_cr_from` varchar(1000) DEFAULT NULL,
  PRIMARY KEY (`id`)
) ENGINE=InnoDB DEFAULT CHARSET=latin1 AUTO_INCREMENT=1 ;

-- --------------------------------------------------------

--
-- Table structure for table `trucker_type_note`
--

CREATE TABLE IF NOT EXISTS `trucker_type_note` (
  `id` int(11) NOT NULL AUTO_INCREMENT,
  `name` varchar(255) DEFAULT NULL,
  `active` int(11) DEFAULT '1',
  PRIMARY KEY (`id`)
) ENGINE=InnoDB  DEFAULT CHARSET=latin1 AUTO_INCREMENT=4 ;

--
-- Dumping data for table `trucker_type_note`
--

INSERT INTO `trucker_type_note` (`id`, `name`, `active`) VALUES
(1, 'Active', 1),
(2, 'Suspended', 1),
(3, 'ehedf', 2);

-- --------------------------------------------------------

--
-- Table structure for table `trucker_wheeler`
--

CREATE TABLE IF NOT EXISTS `trucker_wheeler` (
  `id` int(11) NOT NULL AUTO_INCREMENT,
  `name` varchar(255) DEFAULT NULL,
  `active` int(11) DEFAULT '1',
  PRIMARY KEY (`id`)
) ENGINE=InnoDB  DEFAULT CHARSET=latin1 AUTO_INCREMENT=6 ;

--
-- Dumping data for table `trucker_wheeler`
--

INSERT INTO `trucker_wheeler` (`id`, `name`, `active`) VALUES
(1, '4 W', 1),
(2, '6 W', 1),
(3, '10 W', 1),
(4, '14 W', 1),
(5, '18 W', 1);

-- --------------------------------------------------------

--
-- Table structure for table `truck_notes`
--

CREATE TABLE IF NOT EXISTS `truck_notes` (
  `id` int(11) NOT NULL AUTO_INCREMENT,
  `truck_id` varchar(255) DEFAULT NULL,
  `type` int(11) DEFAULT NULL,
  `details` varchar(10000) DEFAULT NULL,
  `date` date DEFAULT NULL,
  `reportedby` varchar(255) DEFAULT NULL,
  `active` int(11) DEFAULT '1',
  `datereported` date DEFAULT NULL,
  `createdby` int(11) DEFAULT NULL,
  `datecreatedby` date DEFAULT NULL,
  `updatedby` int(11) DEFAULT NULL,
  `dateupdatedby` date DEFAULT NULL,
  PRIMARY KEY (`id`)
) ENGINE=InnoDB DEFAULT CHARSET=latin1 AUTO_INCREMENT=1 ;

-- --------------------------------------------------------

--
-- Table structure for table `truck_trailer`
--

CREATE TABLE IF NOT EXISTS `truck_trailer` (
  `id` int(11) NOT NULL AUTO_INCREMENT,
  `trailer_type` int(11) DEFAULT NULL,
  `trailer_plate_number` int(11) DEFAULT NULL,
  `trailer_footer` int(11) DEFAULT NULL,
  `trailer_axle` int(11) DEFAULT NULL,
  `trailer_chasis_number` varchar(255) DEFAULT NULL,
  `trailer_chasis_serial_number` varchar(255) DEFAULT NULL,
  `trailer_registered_owner` varchar(255) DEFAULT NULL,
  `mv_file_number` varchar(255) DEFAULT NULL,
  `cr_number` int(11) DEFAULT NULL,
  `cr_date_issued` date DEFAULT NULL,
  `cr_registered_owner` varchar(255) DEFAULT NULL,
  `or_number` int(11) DEFAULT NULL,
  `or_date_issued` date DEFAULT NULL,
  `or_date_expire` date DEFAULT NULL,
  `lto_field_office` varchar(1000) DEFAULT NULL,
  `truckerid` varchar(255) DEFAULT NULL,
  `active` int(11) DEFAULT NULL,
  PRIMARY KEY (`id`)
) ENGINE=InnoDB  DEFAULT CHARSET=latin1 AUTO_INCREMENT=4 ;

--
-- Dumping data for table `truck_trailer`
--

INSERT INTO `truck_trailer` (`id`, `trailer_type`, `trailer_plate_number`, `trailer_footer`, `trailer_axle`, `trailer_chasis_number`, `trailer_chasis_serial_number`, `trailer_registered_owner`, `mv_file_number`, `cr_number`, `cr_date_issued`, `cr_registered_owner`, `or_number`, `or_date_issued`, `or_date_expire`, `lto_field_office`, `truckerid`, `active`) VALUES
(1, 1, 1234, NULL, NULL, '', '', '', '', NULL, '2014-11-05', '', NULL, '2014-11-05', '2014-11-05', '', 'E-00001', 1),
(2, NULL, 3456, NULL, NULL, '', '', '', '', NULL, '2014-11-05', '', NULL, '2014-11-05', '2014-11-05', '', 'E-00002', 1),
(3, NULL, 6777, NULL, NULL, '', '', '', '', NULL, '0000-00-00', '', NULL, '0000-00-00', '0000-00-00', '', 'E-00001', 1);

-- --------------------------------------------------------

--
-- Table structure for table `truck_trailer_axle`
--

CREATE TABLE IF NOT EXISTS `truck_trailer_axle` (
  `id` int(11) NOT NULL AUTO_INCREMENT,
  `name` varchar(225) DEFAULT NULL,
  `active` int(11) DEFAULT '1',
  PRIMARY KEY (`id`)
) ENGINE=InnoDB  DEFAULT CHARSET=latin1 AUTO_INCREMENT=4 ;

--
-- Dumping data for table `truck_trailer_axle`
--

INSERT INTO `truck_trailer_axle` (`id`, `name`, `active`) VALUES
(1, 'Double', 1),
(2, 'Triple', 1),
(3, 'Quadruple', 1);

-- --------------------------------------------------------

--
-- Table structure for table `truck_trailer_footer`
--

CREATE TABLE IF NOT EXISTS `truck_trailer_footer` (
  `id` int(11) NOT NULL AUTO_INCREMENT,
  `name` varchar(225) DEFAULT NULL,
  `active` int(11) DEFAULT '1',
  PRIMARY KEY (`id`)
) ENGINE=InnoDB  DEFAULT CHARSET=latin1 AUTO_INCREMENT=4 ;

--
-- Dumping data for table `truck_trailer_footer`
--

INSERT INTO `truck_trailer_footer` (`id`, `name`, `active`) VALUES
(1, '20', 1),
(2, '30', 1),
(3, '40', 1);

-- --------------------------------------------------------

--
-- Table structure for table `userfolder`
--

CREATE TABLE IF NOT EXISTS `userfolder` (
  `id` int(50) NOT NULL AUTO_INCREMENT,
  `uid` int(50) NOT NULL,
  `foldername` varchar(50) NOT NULL,
  PRIMARY KEY (`id`)
) ENGINE=InnoDB DEFAULT CHARSET=latin1 AUTO_INCREMENT=1 ;

-- --------------------------------------------------------

--
-- Table structure for table `users`
--

CREATE TABLE IF NOT EXISTS `users` (
  `id` int(11) NOT NULL AUTO_INCREMENT,
  `username` varchar(20) NOT NULL,
  `password` varchar(128) NOT NULL,
  `email` varchar(128) NOT NULL,
  `activkey` varchar(128) NOT NULL DEFAULT '',
  `create_at` timestamp NOT NULL DEFAULT CURRENT_TIMESTAMP,
  `lastvisit_at` timestamp NOT NULL DEFAULT '0000-00-00 00:00:00',
  `uid` varchar(22) DEFAULT NULL,
  `superuser` int(1) NOT NULL DEFAULT '0',
  `status` int(1) NOT NULL DEFAULT '0',
  `role` int(11) DEFAULT NULL,
  `active` int(11) DEFAULT '1',
  PRIMARY KEY (`id`),
  UNIQUE KEY `username` (`username`),
  UNIQUE KEY `email` (`email`),
  KEY `status` (`status`),
  KEY `superuser` (`superuser`)
) ENGINE=InnoDB  DEFAULT CHARSET=utf8 AUTO_INCREMENT=15 ;

--
-- Dumping data for table `users`
--

INSERT INTO `users` (`id`, `username`, `password`, `email`, `activkey`, `create_at`, `lastvisit_at`, `uid`, `superuser`, `status`, `role`, `active`) VALUES
(1, 'admin', '21232f297a57a5a743894a0e4a801fc3', 'mychll31@gmail.com', '2c786c5e761c08c952d3d297f9b69762', '2012-10-04 01:29:24', '2014-11-17 22:58:45', '', 1, 1, 1, 1),
(2, 'trucker_sample', '21232f297a57a5a743894a0e4a801fc3', 'trucker_sample@gmail.com', '7f9c2c49b29c384f8380d726fcf5e012', '2014-09-20 18:44:31', '2014-11-23 14:22:13', 'E-00001', 1, 1, 2, 1),
(3, 'trucker_sample2', '21232f297a57a5a743894a0e4a801fc3', 'admin132@gmail.com', '3e16f89478a636cc3c35f76cfbc2eba4', '2014-09-28 00:50:13', '2014-10-25 12:49:33', 'E-00003', 1, 1, 2, 1),
(4, 'trucker_sample3', '21232f297a57a5a743894a0e4a801fc3', 'trucker23_sample@gmail.com', '79693b74952ce877861d67f91859b677', '2014-09-28 00:53:57', '0000-00-00 00:00:00', 'E-00002', 1, 1, 2, 1),
(5, 'trucker_sample4', '21232f297a57a5a743894a0e4a801fc3', 'trucker4_sample@gmail.com', 'c4786eef3b2422817c7fded3c510e95c', '2014-09-28 00:55:44', '0000-00-00 00:00:00', 'E-00004', 1, 1, 2, 1),
(6, 'trucker_sample5', '21232f297a57a5a743894a0e4a801fc3', 'admin222222222@gmail.com', '5b13c528e56b4df40209124b3aa32c23', '2014-09-28 00:59:45', '0000-00-00 00:00:00', 'E-00005', 1, 1, 2, 1),
(7, 'dyubenx', 'e10adc3949ba59abbe56e057f20f883e', 'dyuben@gmail.com', 'b1e575ad772a9ed78a347d277fcae069', '2014-10-18 15:26:43', '2014-10-18 15:27:23', NULL, 1, 1, 1, 1),
(8, 'dyub', 'e10adc3949ba59abbe56e057f20f883e', 'dyubeeen@gmail.com', '196ea232f76d4d1ea0a499f8c350ac79', '2014-10-18 15:30:06', '2014-10-18 15:30:41', 'E-00006', 1, 1, 2, 1),
(9, 'trucker1', '21232f297a57a5a743894a0e4a801fc3', 'trucker1@gmail.com', '317502e576e3b9293b740b4decdbf771', '2014-11-10 20:00:25', '0000-00-00 00:00:00', 'E-00007', 1, 1, 2, 1),
(10, 'trucker2', '21232f297a57a5a743894a0e4a801fc3', 'trucker2@gmail.com', 'bbc434bd241d23f807dc5af66c141ce0', '2014-11-10 20:03:35', '0000-00-00 00:00:00', 'E-00008', 1, 1, 2, 1),
(11, 'trucker3', '21232f297a57a5a743894a0e4a801fc3', 'trucker21@gmail.com', 'ad4ab942d048d802c0a519be90892a65', '2014-11-10 20:05:57', '2014-11-12 20:04:27', 'E-00009', 1, 1, 2, 1),
(12, 'adminthis', '21232f297a57a5a743894a0e4a801fc3', 'admin@gmail.com', '9bfa92be6e44ebcea2b9c2d1ebebbfa0', '2014-11-10 20:07:35', '2014-11-12 20:04:01', 'E-00010', 1, 1, 1, 1),
(13, 'admin11', '21232f297a57a5a743894a0e4a801fc3', 'admin3@yahoo.com', 'fd25ad8b69a144d4809906c67a7d3476', '2014-11-10 20:09:55', '2014-11-12 20:03:33', 'E-00011', 1, 1, 2, 1),
(14, 'admin13', '21232f297a57a5a743894a0e4a801fc3', 'admin13@gmail.com', '5218c583644f45e1be9290bd572b5bcd', '2014-11-10 20:13:58', '0000-00-00 00:00:00', 'E-00013', 1, 0, 2, 1);

-- --------------------------------------------------------

--
-- Table structure for table `users_backup`
--

CREATE TABLE IF NOT EXISTS `users_backup` (
  `id` int(11) NOT NULL AUTO_INCREMENT,
  `username` varchar(20) NOT NULL,
  `password` varchar(128) NOT NULL,
  `email` varchar(128) NOT NULL,
  `activkey` varchar(128) NOT NULL DEFAULT '',
  `create_at` timestamp NOT NULL DEFAULT CURRENT_TIMESTAMP,
  `lastvisit_at` timestamp NOT NULL DEFAULT '0000-00-00 00:00:00',
  `superuser` int(1) NOT NULL DEFAULT '0',
  `status` int(1) NOT NULL DEFAULT '0',
  `role` int(11) DEFAULT NULL,
  PRIMARY KEY (`id`),
  UNIQUE KEY `username` (`username`),
  UNIQUE KEY `email` (`email`),
  KEY `status` (`status`),
  KEY `superuser` (`superuser`)
) ENGINE=InnoDB  DEFAULT CHARSET=utf8 AUTO_INCREMENT=26 ;

--
-- Dumping data for table `users_backup`
--

INSERT INTO `users_backup` (`id`, `username`, `password`, `email`, `activkey`, `create_at`, `lastvisit_at`, `superuser`, `status`, `role`) VALUES
(1, 'admin', '21232f297a57a5a743894a0e4a801fc3', 'webmaster@example.com', '2c786c5e761c08c952d3d297f9b69762', '2012-10-04 01:29:24', '2014-08-16 21:53:09', 1, 1, 1),
(2, 'news', '21232f297a57a5a743894a0e4a801fc4', 'news@example.com', 'e7871af5d72d5a4ec0e2e398133579dd', '2012-10-04 01:29:25', '2013-01-03 04:57:53', 1, 1, 1),
(3, '0d9ca8554f', '6c344b93a2c3adb5e8bdfdf226179b52', 'asdf@gmail.com', '7c6d8924f64003db5d7c4b66cab6b449', '2014-06-22 23:25:09', '0000-00-00 00:00:00', 0, 1, 1),
(4, '3e2d5274fc', '10252f9a355d4d035d7927d6d4f734ce', 'ma@yahoo.com', 'bd32a594e78ab900136ca6e376fe7406', '2014-06-23 02:11:15', '0000-00-00 00:00:00', 0, 1, 1),
(5, 'joe', 'cbff98184193fb964111f2662c38fe0d', 'asd098f@gmail.com', '2c2b5904240bced20412847ea1b5326d', '2014-06-23 02:20:05', '2014-08-16 22:07:16', 1, 1, 1),
(6, 'joevenko', 'ece542ef6b2e1304d400162b5ae967cd', 'asdflk@gmail.com', '3495591dce6aafae26c439a6f89375c0', '2014-06-23 02:22:18', '2014-08-19 02:27:42', 0, 1, 1),
(7, '5bf7ee46ff', 'ef40ced6cabb5ca75ef932d746be6f5b', 'asdf@ymail.com', 'fc1e9c3f6963a0e7e25bc6e1cd82d1e3', '2014-06-23 20:21:38', '0000-00-00 00:00:00', 0, 1, 2),
(8, '2c82cfff05', '98964d4aeedc34e6c79cb0c9055a82f8', 'asdf23@ymail.com', '3811f9091863b4ee46b21cfcc2453e28', '2014-06-23 20:27:03', '0000-00-00 00:00:00', 0, 1, 2),
(9, 'trucker1', '2c914a017cf7354e6c6319afe0b664b2', 'trucker1@gmail.com', '079f08e62d608a1c294a94d4ca7ec849', '2014-08-16 21:46:51', '2014-08-16 21:49:11', 0, 1, 2),
(10, 'trucker2', 'e7b223953c79292d871acf1a96efab2a', 'trucker2@gmail.com', '976dde1cd26b73eeb3fff9700068a067', '2014-08-16 21:54:14', '2014-08-16 21:55:10', 0, 1, 2),
(11, 'admin2', 'c84258e9c39059a89ab77d846ddab909', 'admin2@gmail.com', '84eac192145ad371013af3c6c08f1eaf', '2014-08-16 22:37:44', '2014-08-16 22:40:38', 1, 1, 0),
(12, 'testingforrole', 'd7bf282556800885dbcb05b44c801059', 'testingforrole@gmail.com', '6d5f7dba1798ffc486e5cc6eda60c843', '2014-08-17 01:20:23', '0000-00-00 00:00:00', 0, 1, 2),
(13, 'testingforcontroller', 'e0ec043b3f9e198ec09041687e4d4e8d', 'testingforcontroller@gmail.com', 'c38e8eb377c85c0651350c758ba3f057', '2014-08-17 01:23:38', '0000-00-00 00:00:00', 0, 1, 1),
(14, 'testingforcontrosdf', '43643e06ff57f03d07a9a553dd9a56d8', 'asdfe@gmail.com', 'ff16c51738d2311ff1728e034b0894c2', '2014-08-17 01:24:49', '0000-00-00 00:00:00', 0, 1, 2),
(15, 'lastest', '6a204bd89f3c8348afd5c77c717a097a', 'lz@ymail.com', '0a11f4ea5d8619072512d242f5b6d505', '2014-08-17 02:13:45', '2014-08-17 02:14:58', 0, 1, 2),
(16, 'maychell_user1', '8bce992247741cb66c24f7825a83ad01', 'maychellluser1@gmail.com', 'a3827566987e9bfef87931a9dd19e6a4', '2014-09-20 00:08:38', '2014-09-20 11:31:50', 0, 1, 2),
(17, 'admin_user1', 'fc698df4ed5e88f9173a9e173ef34740', 'admin23444@gmail.com', '36825d3d0befbb0d1f3b39358334ef08', '2014-09-20 00:52:46', '0000-00-00 00:00:00', 0, 1, 1),
(18, 'admin_user12', '065a594ef7475c61741a357ca2d56315', 'admin_user1@gmail.com', '21e53e714bbbe031156c11f96ee666e6', '2014-09-20 00:57:04', '2014-09-20 11:55:26', 1, 1, 1),
(19, 'admin_13', 'f6fdffe48c908deb0f4c3bd36c032e72', 'admin13@gmail.com', 'ea2a8013c84c286147379b92764d3ad2', '2014-09-20 12:02:07', '0000-00-00 00:00:00', 0, 1, 1),
(20, 'admin14', 'f6fdffe48c908deb0f4c3bd36c032e72', 'admin14@gmail.com', '23f8b800ba913aa883a7e2caae775dc9', '2014-09-20 12:03:38', '0000-00-00 00:00:00', 0, 1, 1),
(21, 'admin15', 'f6fdffe48c908deb0f4c3bd36c032e72', 'admin15@gmail.com', '33915cf8e8e2e21d0aa74111a0ab2df0', '2014-09-20 12:05:00', '0000-00-00 00:00:00', 1, 1, 1),
(22, 'testingness', '9c5cb62a6c8379fe62af440f893048b0', 'testingness@gmail.com', '79ed2dc3b5d67c1201501bd59cb60459', '2014-09-20 18:24:33', '0000-00-00 00:00:00', 1, 1, 2),
(23, 'testing100', '104e4f48c5f56cf9f43bdbdcd51119dd', 'testing100@gmail.com', 'dd0f45669d79a4d2c4ff1535b7e6c2f5', '2014-09-20 18:25:47', '0000-00-00 00:00:00', 1, 1, 2),
(24, 'testing1001', '7ec8de9aaa751de702f7aff89a5d15c4', 'testing1001@gmail.com', '9376f04e59554d773ec4a69394e0a539', '2014-09-20 18:27:22', '0000-00-00 00:00:00', 1, 1, 1),
(25, 'testing1002', '191bc70949e5ebfe4fd7f5cb8382b31b', 'testing1002@gmail.com', '21f08fddbc68c4691819293f88d1cf54', '2014-09-20 18:28:49', '0000-00-00 00:00:00', 1, 1, 2);

-- --------------------------------------------------------

--
-- Table structure for table `user_customerRole`
--

CREATE TABLE IF NOT EXISTS `user_customerRole` (
  `id` int(11) NOT NULL AUTO_INCREMENT,
  `user` int(11) DEFAULT NULL,
  `role` int(11) DEFAULT NULL,
  PRIMARY KEY (`id`)
) ENGINE=InnoDB  DEFAULT CHARSET=latin1 ROW_FORMAT=COMPACT AUTO_INCREMENT=14 ;

--
-- Dumping data for table `user_customerRole`
--

INSERT INTO `user_customerRole` (`id`, `user`, `role`) VALUES
(1, 1, 1),
(2, 2, 2),
(3, 3, 2),
(4, 5, 2),
(5, 6, 2),
(6, 7, 1),
(7, 8, 2),
(8, 9, 2),
(9, 10, 2),
(10, 11, 2),
(11, 12, 1),
(12, 13, 2),
(13, 14, 2);

-- --------------------------------------------------------

--
-- Table structure for table `user_details`
--

CREATE TABLE IF NOT EXISTS `user_details` (
  `id` int(11) NOT NULL AUTO_INCREMENT,
  `user_id` int(11) NOT NULL,
  `agency_employee_id` int(11) DEFAULT NULL,
  `lastname` varchar(120) NOT NULL,
  `firstname` varchar(120) NOT NULL,
  `suffix` varchar(120) NOT NULL,
  `address1` varchar(120) DEFAULT NULL,
  `address2` varchar(120) DEFAULT NULL,
  `zip_code` int(11) DEFAULT NULL,
  `city` varchar(120) DEFAULT NULL,
  `state` varchar(120) DEFAULT NULL,
  `phone1` int(11) DEFAULT NULL,
  `phone2` int(11) DEFAULT NULL,
  `dob` datetime DEFAULT NULL,
  `ssn` int(11) DEFAULT NULL,
  `includepayroll` varchar(120) DEFAULT NULL,
  `employee_type` varchar(120) DEFAULT NULL,
  `weekend_access` varchar(120) DEFAULT NULL,
  `earliest_login_time` time DEFAULT NULL,
  `automatic_lodout_time` time DEFAULT NULL,
  `hire_date` datetime DEFAULT NULL,
  `termination_date` datetime DEFAULT NULL,
  `File` varchar(256) DEFAULT NULL,
  `attachment` varchar(256) DEFAULT NULL,
  `photo` varchar(256) DEFAULT NULL,
  `photo_thumb` varchar(255) DEFAULT NULL,
  `sign` varchar(120) DEFAULT NULL,
  PRIMARY KEY (`id`)
) ENGINE=InnoDB DEFAULT CHARSET=latin1 AUTO_INCREMENT=1 ;

-- --------------------------------------------------------

--
-- Table structure for table `user_events`
--

CREATE TABLE IF NOT EXISTS `user_events` (
  `id` int(11) NOT NULL AUTO_INCREMENT,
  `event_id` int(11) DEFAULT NULL,
  `user_id` int(11) DEFAULT NULL,
  `created_at` datetime DEFAULT NULL,
  `updated_at` datetime DEFAULT NULL,
  PRIMARY KEY (`id`)
) ENGINE=InnoDB DEFAULT CHARSET=utf8 COLLATE=utf8_unicode_ci AUTO_INCREMENT=1 ;

-- --------------------------------------------------------

--
-- Table structure for table `user_settings`
--

CREATE TABLE IF NOT EXISTS `user_settings` (
  `id` int(11) NOT NULL AUTO_INCREMENT,
  `user_id` varchar(120) DEFAULT NULL,
  `dateformat` varchar(120) DEFAULT NULL,
  `displaydate` varchar(120) DEFAULT NULL,
  `timezone` varchar(120) DEFAULT NULL,
  `timeformat` varchar(120) DEFAULT NULL,
  `name_format` varchar(120) DEFAULT NULL,
  `language` varchar(120) DEFAULT NULL,
  PRIMARY KEY (`id`)
) ENGINE=InnoDB  DEFAULT CHARSET=latin1 AUTO_INCREMENT=2 ;

--
-- Dumping data for table `user_settings`
--

INSERT INTO `user_settings` (`id`, `user_id`, `dateformat`, `displaydate`, `timezone`, `timeformat`, `name_format`, `language`) VALUES
(1, '1', 'M d.yy', 'M d.Y', '243', 'h:i A', 'Firstname,middlename, Lastname', 'en_us');

-- --------------------------------------------------------

--
-- Table structure for table `vacate`
--

CREATE TABLE IF NOT EXISTS `vacate` (
  `id` int(11) NOT NULL AUTO_INCREMENT,
  `student_id` int(11) DEFAULT NULL,
  `room_no` varchar(120) DEFAULT NULL,
  `allot_id` varchar(120) DEFAULT NULL,
  `status` varchar(120) DEFAULT NULL,
  `admit_date` date DEFAULT NULL,
  `vacate_date` date DEFAULT NULL,
  PRIMARY KEY (`id`)
) ENGINE=InnoDB DEFAULT CHARSET=latin1 AUTO_INCREMENT=1 ;

-- --------------------------------------------------------

--
-- Table structure for table `vehicle_details`
--

CREATE TABLE IF NOT EXISTS `vehicle_details` (
  `id` int(11) NOT NULL AUTO_INCREMENT,
  `vehicle_no` varchar(120) DEFAULT NULL,
  `vehicle_code` varchar(120) DEFAULT NULL,
  `no_of_seats` varchar(120) DEFAULT NULL,
  `maximum_capacity` varchar(120) DEFAULT NULL,
  `vehicle_type` varchar(120) DEFAULT NULL,
  `address` varchar(120) DEFAULT NULL,
  `city` varchar(120) DEFAULT NULL,
  `state` varchar(120) DEFAULT NULL,
  `phone` varchar(120) DEFAULT NULL,
  `insurance` varchar(120) DEFAULT NULL,
  `tax_remitted` varchar(120) DEFAULT NULL,
  `permit` varchar(120) DEFAULT NULL,
  `status` varchar(120) DEFAULT NULL,
  `is_deleted` int(20) NOT NULL,
  PRIMARY KEY (`id`)
) ENGINE=InnoDB DEFAULT CHARSET=latin1 AUTO_INCREMENT=1 ;

-- --------------------------------------------------------

--
-- Table structure for table `weekdays`
--

CREATE TABLE IF NOT EXISTS `weekdays` (
  `id` int(11) NOT NULL AUTO_INCREMENT,
  `batch_id` int(11) DEFAULT NULL,
  `weekday` varchar(255) COLLATE utf8_unicode_ci DEFAULT NULL,
  PRIMARY KEY (`id`),
  KEY `index_weekdays_on_batch_id` (`batch_id`)
) ENGINE=InnoDB  DEFAULT CHARSET=utf8 COLLATE=utf8_unicode_ci AUTO_INCREMENT=8 ;

--
-- Dumping data for table `weekdays`
--

INSERT INTO `weekdays` (`id`, `batch_id`, `weekday`) VALUES
(1, NULL, '1'),
(2, NULL, '2'),
(3, NULL, '3'),
(4, NULL, '4'),
(5, NULL, '5'),
(6, NULL, '6'),
(7, NULL, '7');

--
-- Constraints for dumped tables
--

--
-- Constraints for table `authassignment`
--
ALTER TABLE `authassignment`
  ADD CONSTRAINT `authassignment_ibfk_1` FOREIGN KEY (`itemname`) REFERENCES `authitem` (`name`) ON DELETE CASCADE ON UPDATE CASCADE;

--
-- Constraints for table `authitemchild`
--
ALTER TABLE `authitemchild`
  ADD CONSTRAINT `authitemchild_ibfk_1` FOREIGN KEY (`parent`) REFERENCES `authitem` (`name`) ON DELETE CASCADE ON UPDATE CASCADE,
  ADD CONSTRAINT `authitemchild_ibfk_2` FOREIGN KEY (`child`) REFERENCES `authitem` (`name`) ON DELETE CASCADE ON UPDATE CASCADE;

--
-- Constraints for table `os_translated`
--
ALTER TABLE `os_translated`
  ADD CONSTRAINT `FK_os_translated_SourceMessage` FOREIGN KEY (`id`) REFERENCES `sourcemessage` (`id`) ON DELETE CASCADE;

--
-- Constraints for table `profiles`
--
ALTER TABLE `profiles`
  ADD CONSTRAINT `profiles_ibfk_1` FOREIGN KEY (`user_id`) REFERENCES `users` (`id`),
  ADD CONSTRAINT `user_profile_id` FOREIGN KEY (`user_id`) REFERENCES `users` (`id`);

--
-- Constraints for table `rights`
--
ALTER TABLE `rights`
  ADD CONSTRAINT `rights_ibfk_1` FOREIGN KEY (`itemname`) REFERENCES `authitem` (`name`) ON DELETE CASCADE ON UPDATE CASCADE;

/*!40101 SET CHARACTER_SET_CLIENT=@OLD_CHARACTER_SET_CLIENT */;
/*!40101 SET CHARACTER_SET_RESULTS=@OLD_CHARACTER_SET_RESULTS */;
/*!40101 SET COLLATION_CONNECTION=@OLD_COLLATION_CONNECTION */;
